un_number,name_zh,name_en,class_or_division,subsidiary_hazard,packing_group,special_provisions,limited_quantities,excepted_quantities,packing_instruction,special_packing_provisions,portable_tank_instruction,portable_tank_special_provisions
0004,苦味酸铵，干的或湿的，按 质量含水低于10%,"AMMONIUM PICRATE dry or wetted with less than 10% water, by mass",1.1D,-,-,-,0,E0,P112(a) P112(b) P112(c),PP26,-,-
0005,武器子(炮)弹，带爆破 装药,CARTRIDGES FOR WEAPONS with bursting charge,1.1F,-,-,-,0,E0,P130 LP101,-,-,-
0006,武器子(炮)弹，带爆破 装药,CARTRIDGES FOR WEAPONS with bursting charge,1.1E,-,-,-,0,E0,P130 LP101,PP67 L1,-,-8
0007,武器子(炮)弹，带爆破 装药,CARTRIDGES FOR WEAPONS with bursting charge,1.2F,-,-,-,0,E0,P130 LP101,-,-,-
0009,燃烧弹药，带或不带爆破 装药、发射装药或推进 装药,"AMMUNITION, INCENDIARY with or without burster, expelling charge or propelling charge",1.2G,-,-,-,0,E0,P130 LP101,PP67 L1,-,-
0010,燃烧弹药，带或不带爆破 装药、发射装药或推进 装药,"AMMUNITION, INCENDIARY with or without burster, expelling charge or propelling charge",1.3G,-,-,-,0,E0,P130 LP101,PP67 L1,-,-
0012,武器子(炮)弹，带惰性射 弹或轻武器子弹,"CARTRIDGES FOR WEAPONS, INERTPROJECTILE or CARTRIDGES, SMALL ARMS",1.4S,-,-,364,5 kg,E0,P130 LP101,-,-,-
0014,武器子(炮)弹，空包弹；或 轻武器子弹，空包弹；或工 具子弹，空包弹,"CARTRIDGES FOR WEAPONS, BLANK or CARTRIDGES, SMALL ARMS, BLANK or CARTRIDGES FOR TOOLS,BLANK",1.4S,-,-,364,5 kg,E0,P130 LP101,-,-,-
0015,发烟弹药，带或不带爆破 装药、发射装药或推进 装药,"AMMUNITION, SMOKE with or without burster, expelling charge or propelling charge",1.2G,-,-,204,0,E0,P130 LP101,PP67 L1,-,-
0016,发烟弹药，带或不带爆破 装药、发射装药或推进 装药,"AMMUNITION, SMOKE with or without burster, expelling charge or propelling charge",1.3G,-,-,204,0,E0,P130 LP101,PP67 L1,-,-
0018,催泪弹药，带有爆破装药、 发射装药或推进装药,"AMMUNITION, TEAR-PRODUCING with burster, expelling charge or propelling charge",1.2G,6.1 8,-,-,0,E0,P130 LP101,PP67 L1,-,-
0019,催泪弹药，带有爆破装药、 发射装药或推进装药,"AMMUNITION, TEAR-PRODUCING with burster, expelling charge or propelling charge",1.3G,6.1 8,-,-,0,E0,P130 LP101,PP67 L1,-,-
0020,毒性弹药，带有爆破装药、 发射装药或推进装药,"AMMUNITION, TOXIC with burster, expelling charge or propelling charge",1.2K,6.1,-,274,0,E0,P101,-,-,-
0021,毒性弹药，带有爆破装药、 发射装药或推进装药,"AMMUNITION, TOXIC with burster, expelling charge or propelling charge",1.3K,6.1,-,274,0,E0,P101,-,-,-
0027,黑火药(火药)，颗粒状或 粉状,"BLACK POWDER(GUNPOWDER), granular or as a meal",1.1D,-,-,-,0,E0,P113,PP50,-,-
0028,压缩黑火药(火药)或丸状 黑火药(火药),"BLACK POWDER(GUNPOWDER), COMPRESSED or BLACK POWDER (GUNPOWDER), IN PELLETS",1.1D,-,-,-,0,E0,P113,PP51,-,-
0029,非电引爆雷管，爆破用,"DETONATORS, NON-ELECTRIC for blasting",1.1B,-,-,-,0,E0,P131,PP68,-,-
0030,电引爆雷管，爆破用,"DETONATORS, ELECTRIC for blasting",1.1B,-,-,399,0,E0,P131,-,-,-
0033,炸弹，带有爆破装药,BOMBS with bursting charge,1.1F,-,-,-,0,E0,P130 LP101,-,-,-
0034,炸弹，带有爆破装药,BOMBS with bursting charge,1.1D,-,-,-,0,E0,P130 LP101,PP67 L1,-,-
0035,炸弹，带有爆破装药,BOMBS with bursting charge,1.2D,-,-,-,0,E0,P130 LP101,PP67 L1,-,-
0037,摄影闪光弹,"BOMBS, PHOTO-FLASH",1.1F,-,-,-,0,E0,P130 LP101,-,-,-
0038,摄影闪光弹,"BOMBS, PHOTO-FLASH",1.1D,-,-,-,0,E0,P130 LP101,PP67 L1,-,-
0039,摄影闪光弹,"BOMBS, PHOTO-FLASH",1.2G,-,-,-,0,E0,P130 LP101,PP67 L1,-,-
0042,助爆管，不带雷管,BOOSTERS without detonator,1.1D,-,-,-,0,E0,P132(a) P132(b),-,-,-
0043,起爆装置，爆炸性,"BURSTERS, explosive",1.1D,-,-,-,0,E0,P133,PP69,-,-
0044,帽型底火,"PRIMERS, CAP TYPE",1.4S,-,-,-,0,E0,P133,-,-,-
0048,爆破炸药,"CHARGES, DEMOLITION",1.1D,-,-,-,0,E0,P130 LP101,PP67 L1,-,-
0049,闪光弹,"CARTRIDGES, FLASH",1.1G,-,-,-,0,E0,P135,-,-,-
0050,闪光弹,"CARTRIDGES, FLASH",1.3G,-,-,-,0,E0,P135,-,-,-
0054,信号弹,"CARTRIDGES, SIGNAL",1.3G,-,-,-,0,E0,P135,-,-,-
0055,空弹壳，空弹药筒，带底火,"CASES, CARTRIDGE, EMPTY, WITH PRIMER",1.4S,-,-,364,5 kg,E0,P136,-,-,-
0056,深水炸药,"CHARGES, DEPTH",1.1D,-,-,-,0,E0,P130 LP101,PP67 L1,-,-
0059,聚能装药，不带雷管,"CHARGES, SHAPED without detonator",1.1D,-,-,-,0,E0,P137,PP70,-,-
0060,补助性爆破装药,"CHARGES, SUPPLEMENTARY, EXPLOSIVE",1.1D,-,-,-,0,E0,P132(a) P132(b),-,-,-
0065,导爆索，软的,"CORD, DETONATING, flexible",1.1D,-,-,-,0,E0,P139,PP71 PP72,-,-
0066,导火索,"CORD, IGNITER",1.4G,-,-,-,0,E0,P140,-,-,-
0070,爆炸式电缆切割器,"CUTTERS, CABLE, EXPLOSIVE",1.4S,-,-,-,0,E0,P134 LP102,-,-,-
0072,"环三亚甲基三硝胺(旋风 炸药,黑索今,RDX),湿 的，按质量含水不低 于15%","CYCLOTRIMETHYLENE-TRINITRAMINE (CYCLONITE;HEXOGEN;RDX), WETTED with not less than 15% water, by mass",1.1D,-,-,266,0,E0,P112(a),PP45,-,-
0073,弹药用雷管,DETONATORS FOR AMMUNITION,1.1B,-,-,-,0,E0,P133,-,-,-
0074,二硝基重氮苯酚(DDNP)， 湿的，按质量含水或醇和 水的混合物不低于40%,"DIAZODINITROPHENOL, WETTED with not less than 40% water, or mixture of alcohol and water, by mass",1.1A,-,-,266,0,E0,P110(a) P110(b),PP42,-,-
0075,二甘醇二硝酸酯，减敏的， 按质量含不低于25%不挥 发、不溶于水的减敏剂,"DIETHYLENEGLYCOL DINITRATE, DESENSITIZED with not less than 25% non- volatile, water-insoluble phlegmatizer, by mass",1.1D,-,-,266,0,E0,P115,PP53 PP54 PP57 PP58,-,-
0076,二硝基苯酚，干的或湿的， 按质量含水低于15%,"DINITROPHENOL, dry or wetted with less than 15% water, by mass",1.1D,6.1,-,-,0,E0,P112(a) P112(b) P112(c),PP26,-,-
0077,二硝基苯酚盐，碱金属，干 的或湿的，按质量含水低 于15%,"DINITROPHENOLATES, alkali metals, dry or wetted with less than15% water, by mass",1.3C,6.1,-,-,0,E0,P114(a) P114(b),PP26,-,-
0078,二硝基间苯二酚，干的或 湿的，按质量含水低 于15%,"DINITRORESORCINOL, dry or wetted with less than 15% water, by mass",1.1D,-,-,-,0,E0,P112(a) P112(b) P112(c),PP26,-,-
0079,六硝基二苯胺(二苦胺；六 硝炸药),HEXANITRODIPHENYLAMINE (DIPICRYLAMINE; HEXYL),1.1D,-,-,-,0,E0,P112(b) P112(c),-,-,-
0081,A 型爆破炸药,"EXPLOSIVE, BLASTING, TYPE A",1.1D,-,-,-,0,E0,P116,PP63 PP66,-,-
0082,B型爆破炸药,"EXPLOSIVE, BLASTING, TYPE B",1.1D,-,-,-,0,E0,P116 IBC100,PP61 PP62 B9,-,-
0083,C 型爆破炸药,"EXPLOSIVE, BLASTING, TYPE C",1.1D,-,-,267,0,E0,P116,-,-,-
0084,D 型爆破炸药,"EXPLOSIVE, BLASTING, TYPE D",1.1D,-,-,-,0,E0,P116,-,-,-
0092,地面照明弹,"FLARES, SURFACE",1.3G,-,-,-,0,E0,P135,-,-,-
0093,空投照明弹,"FLARES, AERIAL",1.3G,-,-,-,0,E0,P135,-,-,-
0094,闪光粉,FLASH POWDER,1.1G,-,-,-,0,E0,P113,PP49,-,-
0099,爆炸式压裂装置，不带雷 管，油井用,"FRACTURING DEVICES, EXPLOSIVE without detonator, for oil wells",1.1D,-,-,-,0,E0,P134 LP102,-,-,-
0101,非起爆导火索,"FUSE, NON-DETONATING",1.3G,-,-,-,0,E0,P140,PP74 PP75,-,-
0102,导爆索(信管)，包金属的,"CORD (FUSE), DETONATING, metal clad",1.2D,-,-,-,0,E0,P139,PP71,-,-
0103,点火管，包金属的,"FUSE, IGNITER, tubular, metal clad",1.4G,-,-,-,0,E0,P140,-,-,-
0104,弱效应导爆索(信管)，包 金属的,"CORD (FUSE), DETONATING, MILD EFFECT, metal clad",1.4D,-,-,-,0,E0,P139,PP71,-,-
0105,安全导火索,"FUSE, SAFETY",1.4S,-,-,-,0,E0,P140,PP73,-,-
0106,起爆引信,"FUZES, DETONATING",1.1B,-,-,-,0,E0,P141,-,-,-
0107,起爆引信,"FUZES, DETONATING",1.2B,-,-,-,0,E0,P141,-,-,-
0110,练习用手榴弹，手投式或 枪械发射,"GRENADES, PRACTICE, hand or rifle",1.4S,-,-,-,0,E0,P141,-,-,-
0113,脒基亚硝氨基脒基叉肼， 湿的，按质量含水不低 于30%,"GUANYL NITROSAMINO GUANYLIDENE H YDRAZINE, WETTED with not less than 30% water, by mass",1.1A,-,-,266,0,E0,P110(a) P110(b),PP42,-,-
0114,脒基亚硝氨脒基四氮烯 (四氮烯)，湿的，按质量含 水或醇和水的混合物不低 于30%,"GUANYLNITROSAMINO- GUANYLTETRAZENE(TETRAZENE), WETTED with not less than 30% water, or mixture of alcohol and water, by mass",1.1A,-,-,266,0,E0,P110(a) P110(b),PP42,-,-
0118,黑克索利特炸药(黑索特 尔)，干的或湿的，按质量 含水低于15%,"HEXOLITE(HEXOTOL), dry or wetted with less than 15% water, by mass",1.1D,-,-,-,0,E0,P112(a) P112(b) P112(c),-,-,-
0121,点火器,IGNITERS,1.1G,-,-,-,0,E0,P142,-,-,-
0124,装药的喷射式钻孔枪，油 井用，不带雷管,"JET PERFORATING GUNS, CHARGED, oil well, without detonator",1.1D,-,-,-,0,E0,P101,-,-,-
0129,叠氮化铅，湿的，按质量含 水或醇和水的混合物不低 于20%,"LEAD AZIDE, WETTED with not less than 20% water, or mixture of alcohol and water, by mass",1.1A,-,-,266,0,E0,P110(a) P110(b),PP42,-,-
0130,斯蒂芬酸铅(三硝基间苯 二酚铅)，湿的，按质量含 水或醇和水的混合物不低 于20%,"LEAD STYPHNATE(LEAD TRINITRORESORCINATE), WETTED with not less than 20% water, or mixture of alcohol and water, by mass",1.1A,-,-,266,0,E0,P110(a) P110(b),PP42,-,-
0131,引信点火器,"LIGHTERS, FUSE",1.4S,-,-,-,0,E0,P142,-,-,-
0132,芳香族硝基衍生物的爆燃 性金属盐，未另作规定的,"DEFLAGRATING METAL SALTS OF AROMATIC NITRODERIVATIVES, N. O. S.",1.3C,-,-,-,0,E0,P114(a) P114(b),PP26,-,-
0133,甘露糖醇六硝酸酯(硝化 甘露醇)，湿的，按质量含 水或醇和水的混合物不低 于40%,"MANNITOL HEXANITRATE (NITROMANNITE), WETTED with not less than 40% water, or mixture of alcohol and water, by mass",1.1D,-,-,266,0,E0,P112(a),-,-,-
0135,雷酸汞，湿的，按质量含水 或醇和水的混合物不低 于20%,"MERCURY FULMINATE, WETTED with not less than 20% water, or mixture of alcohol and water, by mass",1.1A,-,-,266,0,E0,P110(a) P110(b),PP42,-,-
0136,地雷或水雷，带有爆破 装药,MINES with bursting charge,1.1F,-,-,-,0,E0,P130 LP101,-,-,-
0137,地雷或水雷，带有爆破 装药,MINES with bursting charge,1.1D,-,-,-,0,E0,P130 LP101,PP67 L1,-,-
0138,地雷或水雷，带有爆破 装药,MINES with bursting charge,1.2D,-,-,-,0,E0,P130 LP101,PP67 L1,-,-
0143,减敏硝化甘油，按质量含 不低于40%不挥发、不溶 于水的减敏剂,"NITROGLYCERIN, DESENSITIZED with not less than 40% non-volatile water-insoluble phlegmatizer, by mass",1.1D,6.1,-,266 271,0,E0,P115,PP53 PP54 PP57 PP58,-,-
0144,硝化甘油醇溶液，含硝化 甘油高于1%，但不高 于10%,NITROGLYCERIN SOLUTION IN ALCOHOL with more than 1% but not more than 10% nitroglycerin,1.1D,-,-,358,0,E0,P115,PP45 PP55 PP56 PP59 PP60,-,-
0146,硝化淀粉，干的或湿的，按 质量含水低于20%,"NITROSTARCH, dry or wetted with less than 20% water, by mass",1.1D,-,-,-,0,E0,P112(a) P112(b) P112(c),-,-,-
0147,硝基脲,NITRO UREA,1.1D,-,-,-,0,E0,P112(b),-,-,-
0150,"季戊四醇四硝酸酯(季戊 炸药;太安;PETN),湿的, 按质量含水不低于25%， 或季戊四醇四硝酸酯(季 戊炸药;太安;PETN),减 敏的，按质量含不低于 15%的减敏剂","PENTAERYTHRITE TETRANITRATE (PENTAERYTHRITOL TETRANITRATE; PETN), WETTED with not less than 25% water, by mass, or PENTAERYTHRITE TETRANITRATE(PENTAERYTHRITOL TETRANITRATE; PETN), DESENSITIZED with not less than 15% phlegmatizer, by mass",1.1D,-,-,266,0,E0,P112(a) P112(b),-,-,-
0151,喷妥炸药，干的或湿的，按 质量含水低于15%,"PENTOLITE, dry or wetted with less than 15% water, by mass",1.1D,-,-,-,0,E0,P112(a) P112(b) P112(c),-,-,-
0153,三硝基苯胺(苦基胺),TRINITROANILINE(PICRAMIDE),1.1D,-,-,-,0,E0,P112(b) P112(c),-,-,-
0154,三硝基苯酚(苦味酸)，干 的或湿的，按质量含水低 于30%,"TRINITROPHENOL (PICRIC ACID), dry or wetted with less than 30% water, by mass",1.1D,-,-,-,0,E0,P112(a) P112(b) P112(c),PP26,-,-
0155,三硝基氯苯(苦基氯),TRINITROCHLORO-BENZENE(PICRYL CHLORIDE),1.1D,-,-,-,0,E0,P112(b) P112(c),-,-,-
0159,块状火药(糊状火药)，湿 的，按质量含水不低 于 25%,"POWDER CAKE (POWDER PASTE), WETTED with not less than 25% water, by mass",1.3c,-,-,266,0,E0,P111,PP43,-,-
0160,无烟火药,"POWDER, SMOKELESS",1.1C,-,-,-,0,E0,P114(b),PP50 PP52,-,-
0161,无烟火药,"POWDER, SMOKELESS",1.3C,-,-,-,0,E0,P114(b),PP50 PP52,-,-
0167,射弹，带有爆破装药,PROJECTILES with bursting charge,1.1F,-,-,-,0,E0,P130 LP101,-,-,-
0168,射弹，带有爆破装药,PROJECTILES with bursting charge,1.1D,-,-,-,0,E0,P130 LP101,PP67 L1,-,-
0169,射弹，带有爆破装药,PROJECTILES with bursting charge,1.2D,-,-,-,0,E0,P130 LP101,PP67 L1,-,-
0171,照明弹药，带或不带爆破 装药、发射装药或推进 装药,"AMMUNITION, ILLUMINATING with or without burster, expelling charge or propelling charge",1.2G,-,-,-,0,E0,P130 LP101,PP67 L1,-,-
0173,爆炸式释放装置,"RELEASE DEVICES, EXPLOSIVE",1.4S,-,-,-,0,E0,P134 LP102,-,-,-
0174,爆炸式铆钉,"RIVETS, EXPLOSIVE",1.4S,-,-,-,0,E0,P134 LP102,-,-,-
0180,火箭，带有爆破装药,ROCKETS with bursting charge,1.1F,-,-,-,0,E0,P130 LP101,-,-,-
0181,火箭，带有爆破装药,ROCKETS with bursting charge,1.1E,-,-,-,0,E0,P130 LP101,PP67 L1,-,-
0182,火箭，带有爆破装药,ROCKETS with bursting charge,1.2E,-,-,-,0,E0,P130 LP101,PP67 L1,-,-
0183,火箭，带有惰性弹头,ROCKETS with inert head,1.3C,-,-,-,0,E0,P130 LP101,PP67 L1,-,-
0186,火箭发动机,ROCKET MOTORS,1.3c,-,-,-,0,E0,P130 LP101,PP67 L1,-,-
0190,爆炸性物质样品，引爆炸 药除外,"SAMPLES, EXPLOSIVE, other than initiating explosive",-,-,-,16 274,-,E0,P101,-,-,-
0191,手提信号装置,"SIGNAL DEVICES, HAND",1.4G,-,-,-,0,E0,P135,-,-,-
0192,爆炸式铁路轨道信号器,"SIGNALS, RAILWAY TRACK, EXPLOSIVE",1.1G,-,-,-,0,E0,P135,-,-,-
0193,爆炸式铁路轨道信号器,"SIGNALS, RAILWAY TRACK, EXPLOSIVE",1.4S,-,-,-,0,E0,P135,-,-,-
0194,遇险求救信号器，船舶用,"SIGNALS, DISTRESS, ship",1.1G,-,-,-,0,E0,P135,-,-,-
0195,遇险求救信号器，船舶用,"SIGNALS, DISTRESS, ship",1.3G,-,-,-,0,E0,P135,-,-,-
0196,发烟信号器,"SIGNALS, SMOKE",1.1G,-,-,-,0,E0,P135,-,-,-
0197,发烟信号器,"SIGNALS, SMOKE",1.4G,-,-,-,0,E0,P135,-,-,-
0204,爆炸式声测装置,"SOUNDING DEVICES, EXPLOSIVE",1.2F,-,-,-,0,E0,P134 LP102,-,-,-
0207,四硝基苯胺,TETRANITROANILINE,1.1D,-,-,-,0,E0,P112(b) P112(c),-,-,-
0208,三硝基苯基甲硝胺(特屈 儿炸药),TRINITROPHENYLMETHYL-NITRAMINE (TETRYL),1.1D,-,-,-,0,E0,P112(b) P112(c),-,-,-
0209,三硝基甲苯(梯恩梯)，干 的或湿的，按质量含水低 于 30%,"TRINITROTOLUENE(TNT), dry or wetted with less than 30% water, by mass",1.1D,-,-,-,0,E0,P112(b) P112(c),PP46,-,-
0212,弹药曳光剂,TRACERS FOR AMMUNITION,1.3G,-,-,-,0,E0,P133,PP69,-,-
0213,三硝基苯甲醚,TRINITROANISOLE,1.1D,-,-,-,0,E0,P112(b) P112(c),-,-,-
0214,三硝基苯，干的或湿的，按 质量含水低于30%,"TRINITROBENZENE, dry or wetted with less than 30% water, by mass",1.1D,-,-,-,0,E0,P112(a) P112(b) P112(c),-,-,-
0215,三硝基苯甲酸，干的或湿 的，按质量含水低于30%,"TRINITROBENZOIC ACID, dry or wetted with less than 30% water, by mass",1.1D,-,-,-,0,E0,P112(a) P112(b) P112(c),-,-,-
0216,三硝基间甲苯酚,TRINITRO-m-CRESOL,1.1D,-,-,-,0,E0,P112(b) P112(c),PP26,-,-
0217,三硝基萘,TRINITRONAPHTHALENE,1.1D,-,-,-,0,E0,P112(b) P112(c),-,-,-
0218,三硝基苯乙醚,TRINITROPHENETOLE,1.1D,-,-,-,0,E0,P112(b) P112(c),-,-,-
0219,三硝基间苯二酚(斯蒂芬 酸)，干的或湿的，按质量 含水或醇和水的混合物低 于20%,"TRINITRORESORCINOL (STYPHNIC ACID), dry or wetted with less than 20% water, or mixture of alcohol and water, by mass",1.1D,-,-,-,0,E0,P112(a) P112(b) P112(c),PP26,-,-
0220,硝酸脲，干的或湿的，按质 量含水低于20%,"UREA NITRATE, dry or wetted with less than 20% water, by mass",1.1D,-,-,-,0,E0,P112(a) P112(b) P112(c),-,-,-
0221,鱼雷弹头，带有爆破装药,"WARHEADS, TORPEDO with bursting charge",1.1D,-,-,-,0,E0,P130 LP101,PP67 L1,-,-
0222,硝酸铵,AMMONIUM NITRATE,1.1D,-,-,370,0,E0,P112(b) P112(c) IBC100,PP47 B2 B3 B17,-,-
0224,叠氮化钡，干的或湿的，按 质量含水低于50%,"BARIUM AZIDE, dry or wetted with less than 50% water, by mass",1.1A,6.1,-,-,0,E0,P110(a) P110(b) LP101,PP42,-,-
0225,带有雷管的助爆管,BOOSTERS WITH DETONATOR,1.1B,-,-,-,0,E0,P133,PP69,-,-
0226,环四亚甲基四硝胺(HMX， 奥克托今)，湿的，按质量 含水不低于15%,"CYCLOTETRAMETHYLENE- TETRANITRAMINE(HMX;OCTOGEN), WETTED with not less than 15% water, by mass",1.1D,-,-,266,0,E0,P112(a),PP45,-,-
0234,二硝基邻甲苯酚钠，干的 或湿的，按质量含水低 于15%,"SODIUM DINITRO-o-CRESOLATE, dry or wetted with less than 15% water, by mass",1.3C,-,-,-,0,E0,P114(a) P114(b),PP26,-,-
0235,苦氨酸钠，干的或湿的，按 质量含水低于20%,"SODIUM PICRAMATE, dry or wetted with less than 20% water, by mass",1.3c,-,-,-,0,E0,P114(a)| P114(b),PP26,-,-
0236,苦氨酸锆，干的或湿的，按 质量含水低于 20%,"ZIRCONIUM PICRAMATE, dry or wetted with less than 20% water, by mass",1.3C,-,-,-,0,E0,P114(a) P114(b),PP26,-,-
0237,柔软线状聚能装药,"CHARGES, SHAPED, FLEXIBLE, LINEAR",1.4D,-,-,-,0,E0,P138,-,-,-
0238,抛绳用火箭,"ROCKETS, LINE-THROWING",1.2G,-,-,-,0,E0,P130 LP101,-,-,-
0240,抛绳用火箭,"ROCKETS, LINE-THROWING",1.3G,-,-,-,0,E0,P130 LP101,-,-,-
0241,E 型爆破炸药,"EXPLOSIVE, BLASTING, TYPE E",1.1D,-,-,-,0,E0,P116 IBC100,PP61 PP62 B10,-,-
0242,火炮发射药,"CHARGES, PROPELLING, FOR CANNON",1.3C,-,-,-,0,E0,P130,-,-,-
0243,白磷燃烧弹药，带有爆破 装药、发射装药或推进 装药,"AMMUNITION, INCENDIARY, WHITE PHOSPHORUS with burster, expelling charge or propelling charge",1.2H,-,-,-,0,E0,P130 LP101,PP67 L1,-,-
0244,白磷燃烧弹药，带有爆破 装药、发射装药或推进 装药,"AMMUNITION, INCENDIARY,WHITE PHOSPHORUS with burster, expelling charge or propelling charge",1.3H,-,-,-,0,E0,P130 LP101,PP67 L1,-,-
0245,白磷发烟弹药，带有爆破 装药、发射装药或推进 装药,"AMMUNITION, SMOKE, WHITE PHOSPHORUS with burster, expelling charge or propelling charge",1.2H,-,-,-,0,E0,P130 LP101,PP67 L1,-,-
0246,白磷发烟弹药，带有爆破 装药、发射装药或推进 装药,"AMMUNITION, SMOKE, WHITE PHOSPHORUS with burster, expelling charge or propelling charge",1.3H,-,-,-,0,E0,P130 LP101,PP67 L1,-,-
0247,燃烧弹药，液体或胶体，带 有爆破装药、发射装药或 推进装药,"AMMUNITION, INCENDIARY, liquid or gel, with burster, expelling charge or propelling charge",1.3J,-,-,-,0,E0,P101,-,-,-
0248,水激活装置，带有爆破装 药、发射装药或推进装药,"CONTRIVANCES, WATER-ACTIVATED with burster, expelling charge or propelling charge",1.2L,-,-,274,0,E0,P144,PP77,-,-
0249,水激活装置，带有爆破装 药、发射装药或推进装药,"CONTRIVANCES, WATER-ACTIVATED with burster, expelling charge or propelling charge",1.3L,-,-,274,0,E0,P144,PP77,-,-
0250,火箭发动机，装有双组分 液体燃料，带有或不带发 射装药,ROCKET MOTORS WITH HYPERGOLIC LIQUIDS with or without expelling charge,1.3L,-,-,-,0,E0,P101,-,-,-
0254,照明弹药，带或不带爆破 装药、发射装药或推进 装药,"AMMUNITION, ILLUMINATING with or without burster, expelling charge or propelling charge",1.3G,-,-,-,0,E0,P130 LP101,PP67 L1,-,-
0255,电引爆雷管，爆破用,"DETONATORS, ELECTRIC for blasting",1.4B,-,-,399,0,E0,P131,-,-,-
0257,起爆引信,"FUZES, DETONATING",1.4B,-,-,-,0,E0,P141,-,-,-
0266,奥克托利特(奥克托尔)， 干的或湿的，按质量含水 低于15%,"OCTOLITE (OCTOL), dry or wetted with less than 15% water, by mass",1.1D,-,-,-,0,E0,P112(a) P112(b) P112(c),-,-,-
0267,非电引爆雷管，爆破用,"DETONATORS, NON-ELECTRIC for blasting",1.4B,-,-,-,0,E0,P131,PP68,-,-
0268,带有雷管的助爆器,BOOSTERS WITH DETONATOR,1.2B,-,-,-,0,E0,P133,PP69,-,-
0271,推进剂,"CHARGES, PROPELLING",1.1C,-,-,-,0,E0,P143,PP76,-,-
0272,推进剂,"CHARGES, PROPELLING",1.3c,-,-,-,0,E0,P143,PP76,-,-
0275,动力装置用弹药筒,"CARTRIDGES, POWER DEVICE",1.3C,-,-,-,0,E0,P134 LP102,-,-,-
0276,动力装置用弹药筒,"CARTRIDGES, POWER DEVICE",1.4C,-,-,-,0,E0,P134 LP102,-,-,-
0277,油井用弹药筒,"CARTRIDGES, OIL WELL",1.3c,-,-,-,0,E0,P134 LP102,-,-,-
0278,油井用弹药筒,"CARTRIDGES, OIL WELL",1.4C,-,-,-,0,E0,P134 LP102,-,-,-
0279,火炮发射药,"CHARGES, PROPELLING, FOR CANNON",1.1C,-,-,-,0,E0,P130 LP101,-,-,-
0280,火箭发动机,ROCKET MOTORS,1.1C,-,-,-,0,E0,P130 LP101,PP67 L1,-,-
0281,火箭发动机,ROCKET MOTORS,1.2C,-,-,-,0,E0,P130 LP101,PP67 L1,-,-
0282,硝基胍(橄苦岩)，干的或 湿的，按质量含水低 于20%,"NITROGUANIDINE(PICRITE), dry or wetted with less than 20% water, by mass",1.1D,-,-,-,0,E0,P112(a) P112(b) P112(c),-,-,-
0283,助爆管，不带雷管,BOOSTERS without detonator,1.2D,-,-,-,0,E0,P132(a) P132(b),-,-,-
0284,手榴弹或枪榴弹，带有爆 破装药,"GRENADES, hand or rifle, with bursting charge",1.1D,-,-,-,0,E0,P141,-,-,-
0285,手榴弹或枪榴弹，带有爆 破装药,"GRENADES, hand or rifle, with bursting charge",1.2D,-,-,-,0,E0,P141,-,-,-
0286,火箭弹头，带有爆破装药,"WARHEADS, ROCKET with bursting charge",1.1D,-,-,-,0,E0,P130 LP101,PP67 L1,-,-
0287,火箭弹头，带有爆破装药,"WARHEADS, ROCKET with bursting charge",1.2D,-,-,-,0,E0,P130 LP101,PP67 L1,-,-
0288,柔软线状聚能装药,"CHARGES, SHAPED, FLEXIBLE, LINEAR",1.1D,-,-,-,0,E0,P138,-,-,-
0289,导爆索，软的,"CORD, DETONATING, flexible",1.4D,-,-,-,0,E0,P139,PP71 PP72,-,-
0290,导爆索(信管)，包金属的,"CORD (FUSE), DETONATING, metal clad",1.1D,-,-,-,0,E0,P139,PP71,-,-
0291,炸弹，带有爆破装药,BOMBS with bursting charge,1.2F,-,-,-,0,E0,P130 LP101,-,-,-
0292,手榴弹或枪榴弹，带有爆 破装药,"GRENADES, hand or rifle, with bursting charge",1.1F,-,-,-,0,E0,P141,-,-,-
0293,手榴弹或枪榴弹，带有爆 破装药,"GRENADES, hand or rifle, with bursting charge",1.2F,-,-,-,0,E0,P141,-,-,-
0294,地雷或水雷，带有爆破 装药,MINES with bursting charge,1.2F,-,-,-,0,E0,P130 LP101,-,-,-
0295,火箭，带有爆破装药,ROCKETS with bursting charge,1.2F,-,-,-,0,E0,P130 LP101,-,-,-
0296,爆炸式声测装置,"SOUNDING DEVICES, EXPLOSIVE",1.1F,-,-,-,0,E0,P134 LP102,-,-,-
0297,照明弹药，带或不带爆破 装药、发射装药或推进 装药,"AMMUNITION ILLUMINATING with or without burster, expelling charge or propelling charge",1.4G,-,-,-,0,E0,P130 LP101,PP67 L1,-,-
0299,摄影闪光弹,"BOMBS, PHOTO-FLASH",1.3G,-,-,-,0,E0,P130 LP101,PP67 L1,-,-
0300,燃烧弹药，带或不带爆破 装药、发射装药或推进 装药,"AMMUNITION, INCENDIARY with or without burster, expelling charge or propelling charge",1.4G,-,-,-,0,E0,P130 LP101,PP67 L1,-,-
0301,催泪弹药，带有爆破装药、 发射装药或推进装药,"AMMUNITION, TEAR-PRODUCING with burster, expelling charge or propelling charge",1.4G,6.1 8,-,-,0,E0,P130 LP101,PP67 L1,-,-
0303,发烟弹药，带或不带爆破 装药、发射装药或推进 装药,"AMMUNITION, SMOKE with or without burster, expelling charge or propelling charge",1.4G,-,-,204,0,E0,P130 LP101,PP67 L1,-,-
0305,闪光粉,FLASH POWDER,1.3G,-,-,-,0,E0,P113,PP49,-,-
0306,弹药曳光剂,TRACERS FOR AMMUNITION,1.4G,-,-,-,0,E0,P133,PP69,-,-
0312,信号弹药筒,"CARTRIDGES, SIGNAL",1.4G,-,-,-,0,E0,P135,-,-,-
0313,发烟信号器,"SIGNALS, SMOKE",1.2G,-,-,-,0,E0,P135,-,-,-
0314,点火器,IGNITERS,1.2G,-,-,-,0,E0,P142,-,-,-
0315,点火器,IGNITERS,1.3G,-,-,-,0,E0,P142,-,-,-
0316,点火引信,"FUZES, IGNITING",1.3G,-,-,-,0,E0,P141,-,-,-
0317,点火引信,"FUZES, IGNITING",1.4G,-,-,-,0,E0,P141,-,-,-
0318,训练用手榴弹或枪榴弹,"GRENADES, PRACTICE, hand or rifle",1.3G,-,-,-,0,E0,P141,-,-,-
0319,管状底火,"PRIMERS, TUBULAR",1.3G,-,-,-,0,E0,P133,-,-,-
0320,管状底火,"PRIMERS, TUBULAR",1.4G,-,-,-,0,E0,P133,-,-,-
0321,武器弹药筒，带有爆破 装药,CARTRIDGES FOR WEAPONS with bursting charge,1.2E,-,-,-,0,E0,P130 LP101,PP67 L1,-,-
0322,火箭发动机，装有双组分 液体燃料，带有或不带发 射装药,ROCKET MOTORS W ITH HYPERGOLIC LIQUIDS with or without expelling charge,1.2L,-,-,-,0,E0,P101,-,-,-
0323,动力装置用弹药筒,"CARTRIDGES, POWER DEVICE",1.4S,-,-,347,0,E0,P134 LP102,-,-,-
0324,射弹，带有爆破装药,PROJECTILES with bursting charge,1.2F,-,-,-,0,E0,P130 LP101,-,-,-
0325,点火器,IGNITERS,1.4G,-,-,-,0,E0,P142,-,-,-
0326,武器弹药筒，无弹头,"CARTRIDGES FOR WEAPONS, BLANK",1.1C,-,-,-,0,E0,P130 LP101,-,-,-
0327,武器弹药筒，无弹头或轻 武器弹药筒，无弹头,"CARTRIDGES FOR WEAPONS, BLANK or CARTRIDGES, SMALL ARMS, BLANK",1.3c,-,-,-,0,E0,P130 LP101,-,-,-
0328,武器弹药筒，带惰性射弹,"CARTRIDGES FOR WEAPONS, INERT PROJECTILE",1.2C,-,-,-,0,E0,P130 LP101,PP67 L1,-,-
0329,鱼雷，带有爆破装药,TORPEDOES with bursting charge,1.1E,-,-,-,0,E0,P130 LP101,PP67 L1,-,-
0330,鱼雷，带有爆破装药,TORPEDOES with bursting charge,1.1F,-,-,-,0,E0,P130 LP101,-,-,-
0331,B型爆破炸药(B型爆炸 剂),"EXPLOSIVE, BLASTING, TYPE B(AGENT, BLASTING, TYPE B)",1.5D,-,-,-,0,E0,P116 IBC100,PP61 PP62 PP64,T1,TP17 TP32
0332,E 型爆破炸药(E型爆炸 剂),"EXPLOSIVE, BLASTING, TYPE E(AGENT, BLASTING, TYPE E)",1.5D,-,-,-,0,E0,P116 IBC100,PP61 PP62,T1,TP1 TP17 TP32
0333,烟花爆竹,FIREWORKS,1.1G,-,-,-,0,E0,P135,-,-,-
0334,烟花爆竹,FIREWORKS,1.2G,-,-,-,0,E0,P135,-,-,-
0335,烟花爆竹,FIREWORKS,1.3G,-,-,-,0,E0,P135,-,-,-
0336,烟花爆竹,FIREWORKS,1.4G,-,-,-,0,E0,P135,-,-,-
0337,烟花爆竹,FIREWORKS,1.4S,-,-,-,0,E0,P135,-,-,-
0338,武器弹药筒，无弹头或轻 武器弹药筒，无弹头,"CARTRIDGES FOR WEAPONS, BLANK or CARTRIDGES, SMALL ARMS, BLANK",1.4C,-,-,-,0,E0,P130 LP101,-,-,-
0339,武器弹药筒，带惰性射弹 或轻武器弹药筒,"CARTRIDGES FOR WEAPONS, INERT PROJECTILE or CARTRIDGES, SMALL ARMS",1.4C,-,-,-,0,E0,P130 LP101,-,-,-
0340,硝化纤维素，干的或湿的， 按质量含水(或醇)低 于25%,"NITROCELLULOSE, dry or wetted with less than 25% water(or alcohol), by mass",1.1D,-,-,393,0,E0,P112(a) P112(b),-,-,-
0341,硝化纤维素，未改性的或 增塑的，按质量含增塑剂 低于18%,"NITROCELLULOSE, unmodified or plasticized with less than 18% plasticizing substance, by mass",1.1D,-,-,393,0,E0,P112(b),-,-,-
0342,硝化纤维素，湿的，按质量 含醇不低于 25%,"NITROCELLULOSE, WETTED with not less than 25% alcohol, by mass",1.3c,-,-,105 393,0,E0,P114(a),PP43,-,-
0343,增塑硝化纤维素，按质量 含增塑剂不低于18%,"NITROCELLULOSE, PLASTICIZED with not less than 18% plasticizing substance, by mass",1.3c,-,-,105 393,0,E0,P111,-,-,-
0344,射弹，带有爆破装药,PROJECTILES with bursting charge,1.4D,-,-,-,0,E0,P130 LP101,PP67 L1,-,-
0345,射弹，惰性带曳光剂,"PROJECTILES, inert with tracer",1.4S,-,-,-,0,E0,P130 LP101,PP67 L1,-,-
0346,射弹，带爆破装药或发射 装药,PROJECTILES with burster or expelling charge,1.2D,-,-,-,0,E0,P130 LP101,PP67 L1,-,-
0347,射弹，带爆破装药或发射 装药,PROJECTILES with burster or expelling charge,1.4D,-,-,-,0,E0,P130 LP101,PP67 L1,-,-
0348,武器弹药筒，带爆破装药,CARTRIDGES FOR WEAPONS with bursting charge,1.4F,-,-,-,0,E0,P130 LP101,-,-,-
0349,爆炸性物品，未另作规 定的,"ARTICLES, EXPLOSIVE, N. O. S.",1.4S,-,-,178 274 347,0,E0,P101,-,-,-
0350,爆炸性物品，未另作规 定的,"ARTICLES, EXPLOSIVE, N. O. S.",1.4B,-,-,178 274,0,E0,P101,-,-,-
0351,爆炸性物品，未另作规 定的,"ARTICLES, EXPLOSIVE, N. O. S.",1.4C,-,-,178 274,0,E0,P101,-,-,-
0352,爆炸性物品，未另作规 定的,"ARTICLES, EXPLOSIVE, N. O. S.",1.4D,-,-,178 274,0,E0,P101,-,-,-
0353,爆炸性物品，未另作规 定的,"ARTICLES, EXPLOSIVE, N. O. S.",1.4G,-,-,178 274,0,E0,P101,-,-,-
0354,爆炸性物品，未另作规 定的,"ARTICLES, EXPLOSIVE, N. O. S.",1.1L,-,-,178 274,0,E0,P101,-,-,-
0355,爆炸性物品，未另作规 定的,"ARTICLES, EXPLOSIVE, N. O. S.",1.2L,-,-,178 274,0,E0,P101,-,,-
0356,爆炸性物品，未另作规 定的,"ARTICLES, EXPLOSIVE, N. O. S.",1.3L,-,-,178 274,0,E0,P101,-,-,-
0357,爆炸性物质，未另作规 定的,"SUBSTANCES, EXPLOSIVE, N. O. S.",1.1L,-,-,178 274,0,E0,P101,-,-,-
0358,爆炸性物质，未另作规 定的,"SUBST ANCES, EXPLOSIVE, N. O. S.",1.2L,-,-,178 274,0,E0,P101,-,-,-
0359,爆炸性物质，未另作规 定的,"SUBSTANCES, EXPLOSIVE, N. O. S.",1.3L,-,-,178 274,0,E0,P101,-,-,-
0360,非电引爆雷管组件，爆 破用,"DETONATOR ASSEMBLIES, NON-ELECTRIC for blasting",1.1B,-,-,178 274,0,E0,P131,-,-,-
0361,非电引爆雷管组件，爆 破用,"DETONATOR ASSEMBLIES, NON-ELECTRIC for blasting",1.4B,-,-,-,0,E0,P131,-,-,-
0362,训练用弹药,"AMMUNITION, PRACTICE",1.4G,-,-,-,0,E0,P130 LP101,PP67 L1,-,-
0363,测试用弹药,"AMMUNITION, PROOF",1.4G,-,-,-,0,E0,P130 LP101,PP67 L1,-,-
0364,弹药用雷管,DETONATORS FOR AMMUNITION,1.2B,-,-,-,0,E0,P133,-,-,-
0365,弹药用雷管,DETONATORS FOR AMMUNITION,1.4B,-,-,-,0,E0,P133,-,-,-
0366,弹药用雷管,DETONATORS FOR AMMUNITION,1.4S,-,-,347,0,E0,P133,-,-,-
0367,起爆引信,"FUZES, DETONATING",1.4S,-,-,347,0,E0,P141,-,-,-
0368,点火引信,"FUZES, IGNITING",1.4S,-,-,-,0,E0,P141,-,-,-
0369,火箭弹头，带有爆破装药,"WARHEADS, ROCKET with bursting charge",1.1F,-,-,-,0,E0,P130 LP101,-,-,-
0370,火箭弹头，带有爆破装药 或发射装药,"WARHEADS, ROCKET with burster or expelling charge",1.4D,-,-,-,0,E0,P130 LP101,PP67 L1,-,-
0371,火箭弹头，带有爆破装药 或发射装药,"WARHEADS, ROCKET with burster or expelling charge",1.4F,-,-,-,0,E0,P130 LP101,-,-,-
0372,训练用手榴弹或枪榴弹,"GRENADES, PRACTICE, hand or rifle",1.2G,-,-,-,0,E0,P141,-,-,-
0373,手提信号装置,"SIGNAL DEVICES, HAND",1.4S,-,-,-,0,E0,P135,-,-,-
0374,爆炸式声测装置,"SOUNDING DEVICES, EXPLOSIVE",1.1D,-,-,-,0,E0,P134 LP102,-,-,-
0375,爆炸式声测装置,"SOUNDING DEVICES, EXPLOSIVE",1.2D,-,-,-,0,E0,P134 LP102,-,-,-
0376,管状底火,"PRIMERS, TUBULAR",1.4s,-,-,-,0,E0,P133,-,-,-
0377,帽型底火,"PRIMERS, CAP TYPE",1.1B,-,-,-,0,E0,P133,-,-,-
0378,帽型底火,"PRIMERS, CAP TYPE",1.4B,-,-,-,0,E0,P133,-,-,-
0379,空弹药筒壳，带有底火,"CASES, CARTRIDGE, EMPTY, WITH PRIMER",1.4C,-,-,-,0,E0,P136,-,-,-
0380,发火物品,"ARTICLES, PYROPHORIC",1.2L,-,-,-,0,E0,P101,-,-,-
0381,动力装置用弹药筒,"CARTRIDGES, POWER DEVICE",1.2C,-,-,-,0,E0,P134 LP102,-,-,-
0382,火药系部件，未另作规 定的,"COMPONENTS, EXPLOSIVE TRAIN, N. O. S.",1.2B,-,-,178 274,0,E0,P101,-,-,-
0383,火药系部件，未另作规 定的,"COMPONENTS, EXPLOSIVE TRAIN, N. O. S.",1.4B,-,-,178 274,0,E0,P101,-,-,-
0384,火药系部件，未另作规 定的,"COMPONENTS, EXPLOSIVE TRAIN, N. O. S.",1.4S,-,-,178 274 347,0,E0,P101,-,-,-
0385,5-硝基苯并三唑,5-NITROBENZOTRIAZOL,1.1D,-,-,-,0,E0,P112(b) P112(c),-,-,-
0386,三硝基苯磺酸,TRINITROBENZENESULPHONICACID,1.1D,-,-,-,0,E0,P112(b) P112(c),PP26,-,-
0387,三硝基芴酮,TRINITROFLUORENONE,1.1D,-,-,-,0,E0,P112(b) P112(c),-,-,-
0388,三硝基甲苯(梯恩梯)和三 硝基苯混合物或三硝基甲 苯(梯恩梯)和六硝基芪混 合物,TRINITROTOLUENE(TNT) AND TRINITROBENZENE MIXTURE or TRINITROTOLUENE(TNT) AND HEXANITROSTILBENE MIXTURE,1.1D,-,-,-,0,E0,P112(b) P112(c),-,-,-
0389,含有三硝基苯和六硝基芪 的三硝基甲苯 (梯恩梯)混合物,TRINITROTOLUENE(TNT) MIXTURE CONTAINING TRINITROBENZENE AND HEXANITROSTILBENE,1.1D,-,-,-,0,E0,P112(b) P112(c),-,-,-
0390,特里托纳尔炸药,TRITONAL,1.1D,-,-,-,0,E0,P112(b) P112(c),-,-,-
0391,环三亚甲基三硝胺(旋风 炸药；黑索今；RDX)和环 四亚甲基四硝胺(HMX；奥 克托今炸药)的混合物，湿 的，按质量含水不低于 15%;或 环三亚甲基三硝胺(旋风 炸药；黑索今；RDX)和环 四亚甲基四硝胺(HMX；奥 克托今炸药)的混合物，减 敏的，按质量含减敏剂不 低于10%,"CYCLOTRIMETHYLENE TRINITRAMINE (CYCLONITE;HEXOGEN; RDX) AND CYCLOTETRAMETHYLENE- TETRANITRAMINE(HMX;OCTOGEN) MIXTURE, WETTED with not less than 15% water, by mass or CYCLOTRIMETHYLENE- TRINITRAMINE (CYCLONITE;HEXOGEN; RDX) AND CYCLOTETRAMETHYLENE- TETRANITRAMINE(HMX;OCTOGEN) MIXTURE, DESENSITIZED with not less than 10% phlegmatizer, by mass",1.1D,-,-,266,0,E0,P112(a) P112(b),-,-,-
0392,六硝基芪,HEXANITROSTILBENE,1.1D,-,-,-,0,E0,P112(b) P112(c),-,-,-
0393,黑沙托纳炸药,HEXOTONAL,1.1D,-,-,-,0,E0,P112(b),-,-,-
0394,三硝基间苯二酚(收敛 酸)，湿的，按质量含水或 醇和水的混合物不低 于20%,"TRINITRORESORCINOL (STYPHNIC ACID), WETTED with not less than 20% water, or mixture of alcohol and water, by mass",1.1D,-,-,-,0,E0,P112(a),PP26,-,-
0395,液体燃料火箭发动机,"ROCKET MOTORS, LIQUID FUELLED",1.2J,-,-,-,0,E0,P101,-,-,-
0396,液体燃料火箭发动机,"ROCKET MOTORS, LIQUID FUELLED",1.3J,-,-,-,0,E0,P101,-,-,-
0397,液体燃料火箭，带有爆破 装药,"ROCKETS, LIQUID FUELLED with bursting charge",1.1J,-,-,-,0,E0,P101,-,-,-
0398,液体燃料火箭，带有爆破 装药,"ROCKETS, LIQUID FUELLED with bursting charge",1.2J,-,-,-,0,E0,P101,-,-,-
0399,装有易燃液体的炸弹，带 有爆破装药,BOMBS WITH FLAMMABLE LIQUID with bursting charge,1.1J,-,-,-,0,E0,P101,-,-,-
0400,装有易燃液体的炸弹，带 有爆破装药,BOMBS WITH FLAMMABLE LIQUID with bursting charge,1.2J,-,-,-,0,E0,P101,-,-,-
0401,二苦硫，干的或湿的，按质 量含水低于 10%,"DIPICRYL SULPHIDE, dry or wetted with less than 10% water, by mass",1.1D,-,-,-,0,E0,P112(a) P112(b) P112(c),-,-,-
0402,高氯酸铵,AMMONIUM PERCHLORATE,1.1D,-,-,152,0,E0,P112(b) P112(c),-,-,-
0403,空投照明弹,"FLARES, AERIAL",1.4G,-,-,-,0,E0,P135,-,-,-
0404,空投照明弹,"FLARES, AERIAL",1.4S,-,-,-,0,E0,P135,-,-,-
0405,信号弹药筒,"CARTRIDGES, SIGNAL",1.4S,-,-,-,0,E0,P135,-,-,-
0406,二亚硝基苯,DINITROSOBENZENE,1.3C,-,-,-,0,E0,P114(b),-,-,-
0407,四唑-1-乙酸,TETRAZOL-1-ACETIC ACID,1.4C,-,-,-,0,E0,P114(b),-,-,-
0408,起爆引信，带有保险装置,"FUZES, DETONATING with protective features",1.1D,-,-,-,0,E0,P141,-,-,-
0409,起爆引信，带有保险装置,"FUZES, DETONATING with protective features",1.2D,-,-,-,0,E0,P141,-,-,-
0410,起爆引信，带有保险装置,"FUZES, DETONATING with protective features",1.4D,-,-,-,0,E0,P141,-,-,-
0411,"季戊四醇四硝酸酯(季戊 炸药;太安;PETN),按质 量含蜡不低于7%","PENTAERYTHRITE TETRA-NITRATE (PENTAERYTHRITOL TETRANITRATE; PETN) with not less than 7% wax, by mass",1.1D,-,-,131,0,E0,P112(b) P112(c),-,-,-
0412,武器弹药筒，带有爆破 装药,CARTRIDGES FOR WEAPONS with bursting charge,1.4E,-,-,-,0,E0,P130 LP101,PP67 L1,-,-
0413,武器弹药筒，无弹头,"CARTRIDGES FOR WEAPONS, BLANK",1.2C,-,-,-,0,E0,P130 LP101,-,-,-
0414,火炮发射药,"CHARGES, PROPELLING, FOR CANNON",1.2C,-,-,-,0,E0,P130 LP101,-,-,-
0415,推进药,"CHARGES, PROPELLING",1.2C,-,-,-,0,E0,P143,PP76,-,-
0417,武器子(炮)弹，带惰性射 弹或轻武器弹药筒,"CARTRIDGES FOR WEAPONS, INERT PROJECTILE or CARTRIDGES, SMALL ARMS",1.3C,-,-,-,0,E0,P130 LP101,-,-,-
0418,地面照明弹,"FLARES, SURFACE",1.1G,-,-,-,0,E0,P135,-,-,-
0419,地面照明弹,"FLARES, SURFACE",1.2G,-,-,-,0,E0,P135,-,-,-
0420,空投照明弹,"FLARES, AERIAL",1.1G,-,-,-,0,E0,P135,-,-,-
0421,空投照明弹,"FLARES, AERIAL",1.2G,-,-,-,0,E0,P135,-,-,-
0424,射弹，惰性带曳光剂,"PROJECTILES, inert with tracer",1.3G,-,-,-,0,E0,P130 LP101,PP67 L1,-,-
0425,射弹，惰性带曳光剂,"PROJECTILES, inert with tracer",1.4G,-,-,-,0,E0,P130 LP101,PP67 L1,-,-
0426,射弹，带有爆破装药或发 射装药,PROJECTILES with burster or expelling charge,1.2F,-,-,-,0,E0,P130 LP101,-,-,-
0427,射弹，带有爆破装药或发 射装药,PROJECTILES with burster or expelling charge,1.4F,-,-,-,0,E0,P130 LP101,-,-,-
0428,专用烟火制品,"ARTICLES, PYROTECHNIC for technical purposes",1.1G,-,-,-,0,E0,P135,-,-,-
0429,专用烟火制品,"ARTICLES, PYROTECHNIC for technical purposes",1.2G,-,-,-,0,E0,P135,-,-,-
0430,专用烟火制品,"ARTICLES, PYROTECHNIC for technical purposes",1.3G,-,-,-,0,E0,P135,-,-,-
0431,专用烟火制品,"ARTICLES, PYROTECHNIC for technical purposes",1.4G,-,-,-,0,E0,P135,-,-,-
0432,专用烟火制品,"ARTICLES, PYROTECHNIC for technical purposes",1.4S,-,-,-,0,E0,P135,-,-,-
0433,块状火药(糊状火药)，湿 的，按质量含醇不低 于 17%,"POWDER CAKE (POWDER PASTE), WETTED with not less than 17% alcohol, by mass",1.1C,-,-,266,0,E0,P111,-,-,-
0434,射弹，带有爆破装药或发 射装药,PROJECTILES with burster or expelling charge,1.2G,-,-,-,0,E0,P130 LP101,PP67 L1,-,-
0435,射弹，带有爆破装药或发 射装药,PROJECTILES with burster or expelling charge,1.4G,-,-,-,0,E0,P130 LP101,PP67 L1,-,-
0436,火箭，带有发射装药,ROCKETS with expelling charge,1.2C,-,-,-,0,E0,P130 LP101,PP67 L1,-,-
0437,火箭，带有发射装药,ROCKETS with expelling charge,1.3C,-,-,-,0,E0,P130 LP101,PP67 L1,-,-
0438,火箭，带有发射装药,ROCKETS with expelling charge,1.4C,-,-,-,0,E0,P130 LP101,PP67 L1,-,-
0439,聚能装药，不带雷管,"CHARGES, SHAPED, without detonator",1.2D,-,-,-,0,E0,P137,PP70,-,-
0440,聚能装药，不带雷管,"CHARGES, SHAPED, without detonator",1.4D,-,-,-,0,E0,P137,PP70,-,-
0441,聚能装药，不带雷管,"CHARGES, SHAPED, without detonator",1.4S,-,-,347,0,E0,P137,PP70,-,-
0442,商业爆破装药，不带雷管,"CHARGES, EXPLOSIVE, COMMERCIAL without detonator",1.1D,-,-,-,0,E0,P137,-,-,-
0443,商业爆破装药，不带雷管,"CHARGES, EXPLOSIVE, COMMERCIAL without detonator",1.2D,-,-,-,0,E0,P137,-,-,-
0444,商业爆破装药，不带雷管,"CHARGES, EXPLOSIVE, COMMERCIAL without detonator",1.4D,-,-,-,0,E0,P137,-,-,-
0445,商业爆破装药，不带雷管,"CHARGES, EXPLOSIVE, COMMERCIAL without detonator",1.4S,-,-,347,0,E0,P137,-,-,-
0446,可燃空弹壳，无底火,"CASES, COMBUSTIBLE, EMPTY, WITHOUT PRIMER",1.4C,-,-,-,0,E0,P136,-,-,-
0447,可燃空弹壳，无底火,"CASES, COMBUSTIBLE, EMPTY, WITHOUT PRIMER",1.3C,-,-,-,0,E0,P136,-,-,-
0448,5-巯基四唑-1-乙酸,5-MERCAPTOTETRAZOL-1-ACETIC ACID,1.4C,-,-,-,0,E0,P114(b),-,-,-
0449,液体燃料鱼雷，带有或不 带爆破装药,"TORPEDOES, LIQUID FUELLED with or without bursting charge",1.1J,-,-,-,0,E0,P101,-,-,-
0450,液体燃料鱼雷，带惰性 弹头,"TORPEDOES, LIQUID FUELLED with inert head",1.3J,-,-,-,0,E0,P101,-,-,-
0451,鱼雷，带有爆破装药,TORPEDOES with bursting charge,1.1D,-,-,-,0,E0,P130 LP101,PP67 L1,-,-
0452,训练用手榴弹或枪榴弹,"GRENADES, PRACTICE, hand or rifle",1.4G,-,-,-,0,E0,P141,-,-,-
0453,抛绳用火箭,"ROCKETS, LINE-THROWING",1.4G,-,-,-,0,E0,P130 LP101,-,-,-
0454,点火器,IGNITERS,1.4S,-,-,-,0,E0,P142,-,-,-
0455,非电引爆雷管，爆破用,"DETONATORS, NON-ELECTRIC for blasting",1.4S,-,-,347,0,E0,P131,PP68,-,-
0456,电引爆雷管，爆破用,"DETONATORS, ELECTRIC for blasting",1.4S,-,-,347 399,0,E0,P131,-,-,-
0457,塑料胶粘爆破装药,"CHARGES, BURSTING, PLASTICS BONDED",1.1D,-,-,-,0,E0,P130 LP101,-,-,-
0458,塑料胶粘爆破装药,"CHARGES, BURSTING, PLASTICS BONDED",1.2D,-,-,-,0,E0,P130 LP101,-,-,-
0459,塑料胶粘爆破装药,"CHARGES, BURSTING, PLASTICS BONDED",1.4D,-,-,-,0,E0,P130 LP101,-,-,-
0460,塑料胶粘爆破装药,"CHARGES, BURSTING, PLASTICS BONDED",1.4S,-,-,347,0,E0,P130 LP101,-,-,-
0461,火药系部件，未另作规 定的,"COMPONENTS, EXPLOSIVE TRAIN, N. O. S.",1.1B,-,-,178 274,0,E0,P101,-,-,-
0462,爆炸性物品，未另作规 定的,"ARTICLES, EXPLOSIVE, N. O. S.",1.1C,-,-,178 274,0,E0,P101,-,-,-
0463,爆炸性物品，未另作规 定的,"ARTICLES, EXPLOSIVE, N. O. S.",1.1D,-,-,178 274,0,E0,P101,-,-,-
0464,爆炸性物品，未另作规 定的,"ARTICLES, EXPLOSIVE, N. O. S.",1.1E,-,-,178 274,0,E0,P101,-,--,-
0465,爆炸性物品，未另作规 定的,"ARTICLES, EXPLOSIVE, N. O. S.",1.1F,-,-,178 274,0,E0,P101,-,-,-
0466,爆炸性物品，未另作规 定的,"ARTICLES, EXPLOSIVE, N. O. S.",1.2C,-,-,178 274,0,E0,P101,-,-,-
0467,爆炸性物品，未另作规 定的,"ARTICLES, EXPLOSIVE, N. O. S.",1.2D,-,-,178 274,0,E0,P101,-,-,-
0468,爆炸性物品，未另作规 定的,"ARTICLES, EXPLOSIVE, N. O. S.",1.2E,-,-,178 274,0,E0,P101,-,-,-
0469,爆炸性物品，未另作规 定的,"ARTICLES, EXPLOSIVE, N. O. S.",1.2F,-,-,178 274,0,E0,P101,-,-,-
0470,爆炸性物品，未另作规 定的,"ARTICLES, EXPLOSIVE, N. O. S.",1.3c,-,-,178 274,0,E0,P101,-,,-
0471,爆炸性物品，未另作规 定的,"ARTICLES, EXPLOSIVE, N. O. S.",1.4E,-,-,178 274,0,E0,P101,-,-,-
0472,爆炸性物品，未另作规 定的,"ARTICLES, EXPLOSIVE, N. O. S.",1.4F,-,-,178 274,0,E0,P101,-,-,-
0473,爆炸性物质，未另作规 定的,"SUBSTANCES, EXPLOSIVE, N. O. S.",1.1A,-,-,178 274,0,E0,P101,-,-,-
0474,爆炸性物质，未另作规 定的,"SUBSTANCES, EXPLOSIVE, N. O. S.",1.1C,-,-,178 274,0,E0,P101,-,-,-
0475,爆炸性物质，未另作规 定的,"SUBST ANCES, EXPLOSIVE, N. O. S.",1.1D,-,-,178 274,0,E0,P101,-,-,-
0476,爆炸性物质，未另作规 定的,"SUBSTANCES, EXPLOSIVE, N. O. S.",1.1G,-,-,178 274,0,E0,P101,-,-,-
0477,爆炸性物质，未另作规 定的,"SUBSTANCES, EXPLOSIVE, N. O. S.",1.3C,-,-,178 274,0,E0,P101,-,-,-
0478,爆炸性物质，未另作规 定的,"SUBSTANCES, EXPLOSIVE, N. O. S.",1.3G,-,-,178 274,0,E0,P101,-,-,-
0479,爆炸性物质，未另作规 定的,"SUBSTANCES, EXPLOSIVE, N. O. S.",1.4C,-,-,178 274,0,E0,P101,-,-,-
0480,爆炸性物质，未另作规 定的,"SUBSTANCES, EXPLOSIVE, N. O. S.",1.4D,-,-,178 274,0,E0,P101,-,-,-
0481,爆炸性物质，未另作规 定的,"SUBSTANCES, EXPLOSIVE, N. O. S.",1.4S,-,-,178 274,0,E0,P101,-,-,-
0482,非常不敏感爆炸性物质， 未另作规定的,"SUBST ANCES, EXPLOSIVE, VERY INSENSITIVE (SUBSTANCES, EVI), N. O. S.",1.5D,-,-,178 274,0,E0,P101,-,-,-
0483,"环三亚甲基三硝胺(旋风 炸药;黑索今;RDX),减 敏的","CYCLOTRIMETHYLENE-TRINITRAMINE (CYCLONITE;HEXOGEN; RDX), DESENSITIZED",1.1D,-,-,-,0,E0,P112(b) P112(c),-,-,-
0484,环四亚甲基四硝胺(奥克 托今炸药，HMX)，减敏的,"CYCLOTETRAMETHYLENE- TETRANITRAMINE(HMX; OCTOGEN), DESENSITIZED",1.1D,-,-,-,0,E0,P112(b) P112(c),-,-,-
0485,爆炸性物质，未另作规 定的,"SUBSTANCES, EXPLOSIVE, N. O. S.",1.4G,-,-,178 274,0,E0,P101,-,-,-
0486,极端不敏感爆炸性物品,"ARTICLES, EXPLOSIVE, EXTREMELY INSENSITIVE (ARTICLES, EEI)",1.6N,-,-,-,0,E0,P101,-,-,-
0487,发烟信号器,"SIGNALS, SMOKE",1.3G,-,-,-,0,E0,P135,-,-,-
0488,训练用弹药,"AMMUNITION, PRACTICE",1.3G,-,-,-,0,E0,P130 LP101,PP67 L1,-,-
0489,二硝基甘脲(DINGU),DINITROGLYCOLURIL(DINGU),1.1D,-,-,-,0,E0,P112(b) P112(c),-,-,-
0490,硝基三唑酮(NTO),NITROTRIAZOLONE(NTO),1.1D,-,-,-,0,E0,P112(b) P112(c),-,-,-
0491,推进药,"CHARGES, PROPELLING",1.4C,-,-,-,0,E0,P143,PP76,-,-
0492,爆炸式铁路轨道信号器,"SIGNALS, RAILWAY TRACK, EXPLOSIVE",1.3G,-,-,-,0,E0,P135,-,-,-
0493,爆炸式铁路轨道信号器,"SIGNALS, RAILWAY TRACK, EXPLOSIVE",1.4G,-,-,-,0,E0,P135,-,-,-
0494,装药喷射式钻孔枪，油井 用，不带雷管,"JET PERFORATING GUNS, CHARGED, oil well, without detonator",1.4D,-,-,-,0,E0,P101,-,-,-
0495,液态推进剂,"PROPELLANT, LIQUID",1.3C,-,-,224,0,E0,P115,PP53 PP54 PP57 PP58,-,-
0496,奥克托纳,OCTONAL,1.1D,-,-,-,0,E0,P112(b) P112(c),-,-,-
0497,液态推进剂,"PROPELLANT, LIQUID",1.1C,-,-,224,0,E0,P115,PP53 PP54 PP57 PP58,-,-
0498,固态推进剂,"PROPELLANT, SOLID",1.1C,-,-,-,0,E0,P114(b),-,-,-
0499,固态推进剂,"PROPELLANT, SOLID",1.3C,-,-,-,0,E0,P114(b),-,-,-
0500,非电引爆雷管组件，爆 破用,"DETONATOR ASSEMBLIES, NON-ELECTRIC for blasting",1.4S,-,-,347,0,E0,P131,-,-,-
0501,固态推进剂,"PROPELLANT, SOLID",1.4C,-,-,-,0,E0,P114(b),-,-,-
0502,火箭，带有惰性弹头,ROCKETS with inert head,1.2C,-,-,-,0,E0,P130 LP101,PP67 L1,-,-
0503,安全装置，烟火材料,"SAFETY DEVICES,PYROTECHNIC",1.4G,-,-,235 289,0,E0,P135,-,-,-
0504,1H-四唑,1H-TETRAZOLE,1.1D,-,-,-,0,E0,P112(c),PP48,-,-
0505,遇险求救信号器，船舶用,"SIGNALS, DISTRESS, ship",1.4G,-,-,-,0,E0,P135,-,-,-
0506,遇险求救信号器，船舶用,"SIGNALS, DISTRESS, ship",1.4S,-,-,-,0,E0,P135,-,-,-
0507,发烟信号器,"SIGNALS, SMOKE",1.4S,-,-,-,0,E0,P135,-,-,-
0508,1-羟基苯并三唑，无水的， 干或湿的，按质量含水小 于20%,"1-HYDROXYBENZOTRIAZOLE, ANH YDROUS, dry or wetted with less than 20% water, by mass",1.3C,-,-,-,0,E0,P114(b),PP48 PP50,-,-
0509,火药，无烟,"POWDER, SMOKELESS",1.4C,-,-,-,0,E0,P114(b),PP48,-,-
0510,火箭发动机,ROCKET MOTORS,1.4C,-,-,-,0,E0,P130 LP101,PP67 L1,-,-
0511,可编程电子引爆雷管，爆 破用,"DETONATORS, ELECTRONIC programmable for blasting",1.1B,-,-,399,0,E0,P131,-,-,-
0512,可编程电子引爆雷管，爆 破用,"DETONATORS, ELECTRONIC programmable for blasting",1.4B,-,-,399,0,E0,P131,-,-,-
0513,可编程电子引爆雷管，爆 破用,"DETONATORS, ELECTRONIC programmable for blasting",1.4S,-,-,347 399,0,E0,P131,-,-,-
0514,灭火剂分散装置,FIRE SUPPRESSANT DISPERSING DEVICES,1.4S,-,-,407,0,E0,P135,-,-,-
1001,溶解乙炔,"ACETYLENE, DISSOLVED",2.1,-,-,-,0,E0,P200,-,-,-
1002,压缩空气,"AIR, COMPRESSED",2.2,-,-,392 397,120 mL,E1,P200,-,-,-
1003,冷冻液态空气,"AIR, REFRIGERATED LIQUID",2.2,5.1,-,-,0,E0,P203,-,T75,TP5 TP22
1005,无水氨,"AMMONIA, ANHYDROUS",2.3,8,-,23 379,0,E0,P200,-,T50,-
1006,压缩氩,"ARGON, COMPRESSED",2.2,-,-,378 392 406,120 mL,E1,P200,-,-,-
1008,三氟化硼,BORON TRIFLUORIDE,2.3,8,-,373,0,E0,P200,-,-,-
1009,溴三氟甲烷(制冷气体 R 13B1),BROMOTRIFLUOROMETHANE (REFRIGERANT GAS R 13B1),2.2,-,-,-,120 mL,E1,P200,-,T50,-
1010,丁二烯，稳定的或丁二烯 和碳氢化合物的混合物，稳 定的，含丁二烯高于20%,"BUTADIENES, STABILIZED or BUTADIENES AND HYDROCARBON MIXTURE, STABILIZED, containing more than20% butadienes",2.1,-,-,386 402,0,E0,P200,-,T50,-
1011,丁烷,BUTANE,2.1,-,-,392,0,E0,P200,-,T50,-
1012,丁烯,BUTYLENE,2.1,-,-,398,0,E0,P200,-,T50,-
1013,二氧化碳,CARBON DIOXIDE,2.2,-,-,378 392 406,120 mL,E1,P200,-,-,-
1016,压缩一氧化碳,"CARBON MONOXIDE, COMPRESSED",2.3,2.1,-,-,0,E0,P200,-,-,-
1017,氯,CHLORINE,2.3,5.1 8,-,-,0,E0,P200,-,T50,TP19
1018,二氟氯甲烷(制冷气体 R22),CHLORODIFLUOROMETHANE (REFRIGERANT GAS R22),2.2,-,-,-,120 mL,E1,P200,-,T50,-
1020,五氟氯乙烷(制冷气体 R115),CHLOROPENTAFLUORO-ETHANE (REFRIGERANT GAS R115),2.2,-,-,-,120 mL,E1,P200,-,T50,-
1021,"1-氯-1,2,2,2-四氟乙烷 (制冷气体 R124)","1-CHLORO-1,2,2,2-TETRAFLUOROETHANE (REFRIGERANT GAS R124)",2.2,-,-,-,120 mL,E1,P200,-,T50,-
1022,三氟氯甲烷(制冷气体 R13),CHLOROTRIFLUOROMETHANE (REFRIGERANT GAS R13),2.2,-,-,-,120 mL,E1,P200,-,-,-
1023,压缩煤气,"COAL GAS, COMPRESSED",2.3,2.1,-,-,0,E0,P200,-,-,-
1026,氰,CYANOGEN,2.3,2.1,-,-,0,E0,P200,-,-,-
1027,环丙烷,CYCLOPROPANE,2.1,-,-,-,0,E0,P200,-,T50,-
1028,二氯二氟甲烷(制冷气体 R12),DICHLORODIFLUORO-METHANE (REFRIGERANT GAS R12),2.2,-,-,-,120 mL,E1,P200,-,T50,-
1029,二氯氟甲烷(制冷气体 R21),DICHLOROFLUOROMETHANE (REFRIGERANT GAS R21),2.2,-,-,-,120 mL,E1,P200,-,T50,-
1030,1，1-二氟乙烷(制冷气体 R152a),"1,1-DIFLUOROETHANE(REFRIGERANT GAS R152a)",2.1,-,-,-,0,E0,P200,-,T50,-
1032,无水二甲胺,"DIMETHYLAMINE, ANHYDROUS",2.1,-,-,-,0,E0,P200,-,T50,-
1033,二甲醚,DIMETHYL ETHER,2.1,-,-,-,0,E0,P200,-,T50,-
1035,乙烷,ETHANE,2.1,-,-,-,0,E0,P200,-,-,-
1036,乙胺,ETHYLAMINE,2.1,-,-,-,0,E0,P200,-,T50,-
1037,乙基氯,ETHYL CHLORIDE,2.1,-,-,-,0,E0,P200,-,T50,-
1038,冷冻液态乙烯,"ETHYLENE, REFRIGERATED LIQUID",2.1,-,-,-,0,E0,P203,-,T75,TP5
1039,甲乙醚,ETHYL METHYL ETHER,2.1,-,-,-,0,E0,P200,-,-,-
1040,环氧乙烷或含氮气的环氧 乙烷，在50℃时最高总压 力为 1 MPa(10 bar),"ETHYLENE OXIDE, or ETHYLENE OXIDE WITH NITROGEN up to a total pressure of 1 MPa(10 bar) at 50 ℃",2.3,2.1,-,342,0,E0,P200,-,T50,TP20
1041,"环氧乙烷和二氧化碳混合 物，环氧乙烷含量不低于 9%,但不超过 87%",ETHYLENE OXIDE AND CARBON DIOXIDE MIXTURE with more than 9% but not more than87% ethylene oxide,2.1,2.1,-,-,0,E0,P200,-,T50,-
1043,充氨溶液化肥，含游离氨,FERTILIZER AMMONIATING SOLUTION with free ammonia,2.2,-,-,-,120 mL,E0,P200,-,-,-
1044,灭火器，装有压缩或液化 气体,FIRE EXTINGUISHERS with compressed or liquefied gas,2.2,-,-,225,120 mL,E0,P003,PP91,,-
1045,压缩氟,"FLUORINE, COMPRESSED",2.3,5.1 8,-,-,0,E0,P200,-,-,-
1046,压缩氦,"HELIUM, COMPRESSED",2.2,-,-,378 392 406,120 mL,E1,P200,-,-,-
1048,无水溴化氢,"HYDROGEN BROMIDE, ANHYDROUS",2.3,8,-,-,0,E0,P200,-,-,-
1049,压缩氢,"HYDROGEN, COMPRESSED",2.1,-,-,392,0,E0,P200,-,-,-
1050,无水氯化氢,"HYDROGEN CHLORIDE, ANHYDROUS",2.3,8,-,-,0,E0,P200,-,-,-
1051,氰化氢，稳定的，含水低 于3%,"HYDROGEN CYANIDE, ST ABILIZED containing less than3% water",6.1,3,Ⅰ,386,0,E0,P200,-,-,-
1052,无水氟化氢,"HYDROGEN FLUORIDE, ANHYDROUS",8,6.1,Ⅰ,-,0,E0,P200,-,T10,TP2
1053,硫化氢,HYDROGEN SULPHIDE,2.3,2.1,-,-,0,E0,P200,-,-,-
1055,异丁烯,ISOBUTYLENE,2.1,-,-,-,0,E0,P200,-,T50,-
1056,压缩氪,"KRYPTON, COMPRESSED",2.2,-,-,378 392,120 mL,E1,P200,-,-,-
1057,打火机或打火机充装装 置，装有易燃气体,LIGHTERS or LIGHTER REFILLS containing flammable gas,2.1,-,-,201,0,E0,P002,PP84,-,-
1058,液化气体，非易燃，充有氮 气、二氧化碳或空气,"LIQUEFIED GASES, non-flammable, charged with nitrogen, carbon dioxide or air",2.2,-,-,392,120 mL,E1,P200,-,-,-
1060,甲基乙炔和丙二烯混合 物，稳定的,"METHYLACETYLENE AND PROPADIENE MIXTURE, STABILIZED",2.1,-,-,386,0,E0,P200,-,T50,-
1061,无水甲胺,"METHYLAMINE, ANH YDROUS",2.1,-,-,-,0,E0,P200,-,T50,-
1062,甲基溴，含三氯硝基甲烷 不超过2%,METHYL BROMIDE with not more than 2% chloropicrin,2.3,-,-,23,0,E0,P200,-,T50,-
1063,甲基氯(制冷气体R40),METHYL CHLORIDE(REFRIGERANT GAS R40),2.1,-,-,-,0,E0,P200,-,T50,-
1064,甲硫醇,METHYL MERCAPTAN,2.3,2.1,-,-,0,E0,P200,-,T50,-
1065,压缩氖,"NEON, COMPRESSED",2.2,-,-,378 392,120 mL,E1,P200,-,-,-
1066,压缩氮,"NITROGEN, COMPRESSED",2.2,-,-,378 392 406,120 mL,E1,P200,-,-,-
1067,四氧化二氮(二氧化氮),DINITROGEN TETROXIDE(NITROGEN DIOXIDE),2.3,5.1 8,-,-,0,E0,P200,-,T50,TP21
1069,氯化亚硝酰,NITROSYL CHLORIDE,2.3,8,-,-,0,E0,P200,-,-,-
1070,氧化亚氮,NITROUS OXIDE,2.2,5.1,-,-,0,E0,P200,-,-,-
1071,压缩油气,"OIL GAS, COMPRESSED",2.3,2.1,-,-,0,E0,P200,-,-,-
1072,压缩氧,"OXYGEN, COMPRESSED",2.2,5.1,-,355,0,E0,P200,-,-,-
1073,冷冻液态氧,"OXYGEN, REFRIGERATED LIQUID",2.2,5.1,-,-,0,E0,P203,-,T75,TP5 TP22
1075,液化石油气,"PETROLEUM GASES, LIQUEFIED",2.1,-,-,392,0,E0,P200,-,T50,-
1076,光气,PHOSGENE,2.3,8,-,-,0,E0,P200,-,-,-
1077,丙烯,PROPYLENE,2.1,-,-,-,0,E0,P200,-,T50,-
1078,制冷气体，未另作规定的,"REFRIGERANT GAS, N. O. S.",2.2,-,-,274,120 mL,E1,P200,-,T50,-
1079,二氧化硫,SULPHUR DIOXIDE,2.3,8,-,-,0,E0,P200,-,T50,TP19
1080,六氟化硫,SULPHUR HEXAFLUORIDE,2.2,-,-,392,120 mL,E1,P200,-,-,-
1081,四氟乙烯，稳定的,"TETRAFLUOROETHYLENE, STABILIZED",2.1,-,-,386,0,E0,P200,-,-,-
1082,三氟氯乙烯，稳定的(制冷 气体 R1113),"TRIFLUOROCHLORO-ETHYLENE, STABILIZED (REFRIGERANT GAS R1113)",2.3,2.1,-,386,0,E0,P200,-,T50,-
1083,无水三甲胺,"TRIMETHYLAMINE, ANHYDROUS",2.1,-,-,-,0,E0,P200,-,T50,-
1085,乙烯基溴，稳定的,"VINYL BROMIDE, STABILIZED",2.1,-,-,386,0,E0,P200,-,T50,-
1086,乙烯基氯，稳定的,"VINYL CHLORIDE, STABILIZED",2.1,-,-,386,0,E0,P200,-,T50,-
1087,乙烯基·甲基醚，稳定的,"VINYL METHYL ETHER, STABILIZED",2.1,-,-,386,0,E0,P200,-,T50,-
1088,乙缩醛,ACETAL,3,-,Ⅱ,-,1 L,E2,P001 IBC02,-,T4,TP1
1089,乙醛,ACETALDEH YDE,3,-,Ⅰ,-,0,E0,P001,-,T11,TP2 TP7
1090,丙酮,ACETONE,3,-,Ⅱ,-,1 L,E2,P001 IBC02,-,T4,TP1
1091,丙酮油,ACETONE OILS,3,-,Ⅱ,-,1 L,E2,P001 IBC02,-,T4,TP1 TP8
1092,丙烯醛，稳定的,"ACROLEIN, STABILIZED",6.1,3,Ⅰ,354 386,0,E0,P601,-,T22,TP2 TP7 TP13
1093,丙烯腈，稳定的,"ACRYLONITRILE, STABILIZED",3,6.1,Ⅰ,386,0,E0,P001,-,T14,TP2 TP13
1098,烯丙醇,ALLYL ALCOHOL,6.1,3,Ⅰ,354,0,E0,P602,-,T20,TP2 TP13
1099,烯丙基溴,ALLYL BROMIDE,3,6.1,Ⅰ,-,0,E0,P001,-,T14,TP2 TP13
1100,烯丙基氯,ALLYL CHLORIDE,3,6.1,Ⅰ,-,0,E0,P001,-,T14,TP2 TP13
1104,乙酸戊酯,AMYL ACETATES,3,-,Ⅲ,-,5 L,E1,P001 IBC03 LP01,-,T2,TP1
1105,戊醇,PENTANOLS,3,-,Ⅱ,-,1 L,E2,P001 IBC02,-,T4,TP1 TP29
1105,戊醇,PENTANOLS,3,-,Ⅲ,223,5 L,E1,P001 IBC03 LP01,-,T2,TP1
1106,戊胺,AMYLAMINE,3,8,Ⅱ,-,1 L,E2,P001 IBC02,-,T7,TP1
1106,戊胺,AMYLAMINE,3,8,Ⅲ,223,5 L,E1,P001 IBC03,-,T4,TP1
1107,戊基氯,AMYL CHLORIDE,3,-,Ⅱ,-,1 L,E2,P001 IBC02,-,T4,TP1
1108,1-戊烯(正戊烯),1-PENTENE (n-AMYLENE),3,-,Ⅰ,-,0,E3,P001,-,T11,TP2
1109,甲酸戊酯,AMYL FORMATES,3,-,Ⅲ,-,5 L,E1,P001 IBC03 LP01,-,T2,TP1
1110,正戊基·甲基酮,n-AMYL METHYL KETONE,3,-,Ⅲ,-,5 L,E1,P001 IBC03 LP01,-,T2,TP1
1111,戊硫醇,AMYL MERCAPTAN,3,-,Ⅱ,-,1 L,E2,P001 IBC02,-,T4,TP1
1112,硝酸戊酯,AMYL NITRATE,3,-,Ⅲ,-,5 L,E1,P001 IBC03 LP01,-,T2,TP1
1113,亚硝酸戊酯,AMYL NITRITE,3,-,Ⅱ,-,1 L,E2,P001 IBC02,-,T4,TP1
1114,苯,BENZENE,3,-,Ⅱ,-,1 L,E2,P001 IBC02,-,T4,TP1
1120,丁醇,BUTANOLS,3,-,Ⅱ,-,1 L,E2,P001 IBC02,-,T4,TP1 TP29
1120,丁醇,BUTANOLS,3,-,Ⅲ,223,5 L,E1,P001 IBC03 LP01,-,T2,TP1
1123,乙酸丁酯,BUTYL ACETATES,3,-,Ⅱ,-,1 L,E2,P001 IBC02,-,T4,TP1
1123,乙酸丁酯,BUTYL ACETATES,3,-,Ⅲ,223,5 L,E1,P001 IBC03 LP01,-,T2,TP1
1125,正丁胺,n-BUTYLAMINE,3,8,Ⅱ,-,1 L,E2,P001 IBC02,-,T7,TP1
1126,1-溴丁烷,1-BROMOBUTANE,3,-,Ⅱ,-,1 L,E2,P001 IBC02,-,T4,TP1
1127,氯丁烷,CHLOROBUTANES,3,-,Ⅱ,-,1 L,E2,P001 IBC02,-,T4,TP1
1128,甲酸正丁酯,n-BUTYL FORMATE,3,-,Ⅱ,-,1 L,E2,P001 IBC02,-,T4,TP1
1129,丁醛,BUTYRALDEHYDE,3,-,Ⅱ,-,1 L,E2,P001 IBC02,-,T4,TP1
1130,樟脑油,CAMPHOR OIL,3,-,Ⅲ,-,5 L,E1,P001 IBC03 LP01,-,T2,TP1
1131,二硫化碳,CARBON DISULPHIDE,3,6.1,Ⅰ,-,0,E0,P001,PP31,T14,TP2 TP7 TP13
1133,黏合剂，含有易燃液体,ADHESIVES containing flammable liquid,3,-,Ⅰ,-,500 mL,E3,P001,-,T11,TP1 TP8 TP27
1133,黏合剂，含有易燃液体,ADHESIVES containing flammable liquid,3,-,Ⅱ,-,5 L,E2,P001 IBC02,PP1,T4,TP1 TP8
1133,黏合剂，含有易燃液体,ADHESIVES containing flammable liquid,3,-,Ⅲ,223,5 L,E1,P001 IBC03 LP01,PP1,T2,TP1
1134,氯苯,CHLOROBENZENE,3,-,Ⅲ,-,5 L,E1,P001 IBC03 LP01,-,T2,TP1
1135,2-氯乙醇,ETHYLENE CHLOROHYDRIN,6.1,3,Ⅰ,354,0,E0,P602,-,T20,TP2 TP13
1136,煤焦油馏出物，易燃,"COAL TAR DISTILLATES, FLAMMABLE",3,-,Ⅱ,-,1 L,E2,P001 IBC02,-,T4,TP1
1136,煤焦油馏出物，易燃,"COAL TAR DISTILLATES, FLAMMABLE",3,-,Ⅲ,223,5 L,E1,P001 IBC03 LP01,-,T4,TP1 TP29
1139,涂料溶液(包括用于工业 或其他用途的表面处理剂 或涂料，例如车辆的底漆、 圆桶或琵琶桶的面料),"COATING SOLUTION (includes surface treatments or coatings used for industrial or other purposes such as vehicle undercoating, drum or barrel lining)",3,-,Ⅰ,-,500 mL,E3,P001,-,T11,TP1 TP8 TP27
1139,涂料溶液(包括用于工业 或其他用途的表面处理剂 或涂料，例如车辆的底漆、 圆桶或琵琶桶的面料),"COATING SOLUTION (includes surface treatments or coatings used for industrial or other purposes such as vehicle undercoating, drum or barrel lining)",3,-,Ⅱ,-,5 L,E2,P001 IBC02,-,T4,TP1 TP8
1139,涂料溶液(包括用于工业 或其他用途的表面处理剂 或涂料，例如车辆的底漆、 圆桶或琵琶桶的面料),"COATING SOLUTION (includes surface treatments or coatings used for industrial or other purposes such as vehicle undercoating, drum or barrel lining)",3,-,Ⅲ,223,5 L,E1,P001 IBC03 LP01,-,T2,TP1
1143,丁烯醛或丁烯醛，稳定的,"CROTONALDEHYDE or CROTONALDEHYDE, STABILIZED",6.1,3,Ⅰ,324 354 386,0,E0,P602,-,T20,TP2 TP13
1144,巴豆炔,CROTONYLENE,3,-,Ⅰ,-,0,E3,P001,-,T11,TP2
1145,环己烷,CYCLOHEXANE,3,-,Ⅱ,-,1 L,E2,P001 IBC02,-,T4,TP1
1146,环戊烷,CYCLOPENTANE,3,-,Ⅱ,-,1 L,E2,P001 IBC02,-,T7,TP1
1147,十氢化萘,DECAHYDRONAPHTHALENE,3,-,Ⅲ,-,5 L,E1,P001 IBC03 LP01,-,T2,TP1
1148,双丙酮醇,DIACETONE ALCOHOL,3,-,Ⅱ,-,1 L,E2,P001 IBC02,-,T4,TP1
1148,双丙酮醇,DIACETONE ALCOHOL,3,-,Ⅲ,223,5 L,E1,P001 IBC03 LP01,-,T2,TP1
1149,二丁醚,DIBUTYL ETHERS,3,-,Ⅲ,-,5 L,E1,P001 IBC03 LP01,-,T2,TP1
1150,1，2-二氯乙烯,"1,2-DICHLOROETHYLENE",3,-,Ⅱ,-,1 L,E2,P001 IBC02,-,T7,TP2
1152,二氯戊烷,DICHLOROPENTANES,3,-,Ⅲ,-,5 L,E1,P001 IBC03 LP01,-,T2,TP1
1153,乙二醇二乙醚,ETHYLENE GLYCOL DIETHYL ETHER,3,-,Ⅱ,-,1 L,E2,P001 IBC02,-,T4,TP1
1153,乙二醇二乙醚,ETHYLENE GLYCOL DIETHYL ETHER,3,-,Ⅲ,-,5 L,E1,P001 IBC03 LP01,-,T2,TP1
1154,二乙胺,DIETHYLAMINE,3,8,Ⅱ,-,1 L,E2,P001 IBC02,-,T7,TP1
1155,二乙醚(乙醚),DIETHYL ETHER (ETHYL ETHER),3,-,Ⅰ,-,0,E3,P001,-,T11,TP2
1156,二乙酮,DIETHYL KETONE,3,-,Ⅱ,-,1 L,E2,P001 IBC02,-,T4,TP1
1157,二异丁酮,DIISOBUTYL KETONE,3,-,Ⅲ,-,5 L,E1,P001 IBC03 LP01,-,T2,TP1
1158,二异丙胺,DIISOPROPYLAMINE,3,8,Ⅱ,-,1 L,E2,P001 IBC02,-,T7,TP1
1159,二异丙醚,DIISOPROPYL ETHER,3,-,Ⅱ,-,1 L,E2,P001 IBC02,-,T4,TP1
1160,二甲胺水溶液,DIMETHYLAMINE AQUEOUS SOLUTION,3,8,Ⅱ,-,1 L,E2,P001 IBC02,-,T7,TP1
1161,碳酸二甲酯,DIMETHYL CARBONATE,3,-,Ⅱ,-,1 L,E2,P001 IBC02,-,T4,TP1
1162,二甲基二氯硅烷,DIMETHYLDICHLORO-SILANE,3,8,Ⅱ,-,0,E0,P010,-,T10,TP2 TP7 TP13
1163,不对称二甲肼,"DIMETHYLHYDRAZINE, UNSYMMETRICAL",6.1,3 8,Ⅰ,354,0,E0,P602,-,T20,TP2 TP13
1164,二甲硫,DIMETHYL SULPHIDE,3,-,Ⅱ,-,1 L,E2,P001 IBC02,B8,T7,TP2
1165,二噁烷,DIOXANE,3,-,Ⅱ,-,1 L,E2,P001 IBC02,-,T4,TP1
1166,二氧戊环,DIOXOLANE,3,-,Ⅱ,-,1 L,E2,P001 IBC02,-,T4,TP1
1167,二乙烯基醚，稳定的,"DIVINYL ETHER, STABILIZED",3,-,Ⅰ,386,0,E3,P001,-,T11,TP2
1170,乙醇(酒精)或乙醇溶液 (酒精溶液),ETHANOL (ETHYL ALCOHOL) or ETHANOL SOLUTION (ETHYL ALCOHOL SOLUTION),3,-,Ⅱ,144,1 L,E2,P001 IBC02,-,T4,TP1
1170,乙醇(酒精)或乙醇溶液 (酒精溶液),ETHANOL (ETHYL ALCOHOL) or ETHANOL SOLUTION (ETHYL ALCOHOL SOLUTION),3,-,Ⅲ,144 223,5 L,E1,P001 IBC03 LP01,-,T2,TP1
1171,乙二醇单乙醚,ETHYLENE GLYCOL MONOETHYL ETHER,3,-,Ⅲ,-,5 L,E1,P001 IBC03 LP01,-,T2,TP1
1172,乙酸乙二醇单乙醚酯,ETHYLENE GLYCOLMONOETHYL ETHER ACETATE,3,-,Ⅲ,-,5 L,E1,P001 IBC03 LP01,-,T2,TP1
1173,乙酸乙酯,ETHYL ACETATE,3,-,Ⅱ,-,1 L,E2,P001 IBC02,-,T4,TP1
1175,乙苯,ETHYLBENZENE,3,-,Ⅱ,-,1 L,E2,P001 IBC02,-,T4,TP1
1176,硼酸乙酯,ETHYL BORATE,3,-,Ⅱ,-,1 L,E2,P001 IBC02,-,T4,TP1
1177,乙酸-2-乙基丁酯,2-ETHYLBUTYL ACETATE,3,-,Ⅲ,-,5 L,E1,P001 IBC03 LP01,-,T2,TP1
1178,2-乙基丁醛,2-ETHYLBUTYRALDEHYDE,3,-,Ⅱ,-,1 L,E2,P001 IBC02,-,T4,TP1
1179,乙基丁基醚,ETHYL BUTYL ETHER,3,-,Ⅱ,-,1 L,E2,P001 IBC02,-,T4,TP1
1180,丁酸乙酯,ETHYL BUTYRATE,3,-,Ⅲ,-,5 L,E1,P001 IBC03 LP01,-,T2,TP1
1181,氯乙酸乙酯,ETHYL CHLOROACETATE,6.1,3,Ⅱ,-,100 mL,E4,P001 IBC02,-,T7,TP2
1182,氯甲酸乙酯,ETHYL CHLOROFORMATE,6.1,3 8,Ⅰ,354,0,E0,P602,-,T20,TP2 TP13
1183,乙基二氯硅烷,ETHYLDICHLOROSILANE,4.3,3 8,Ⅰ,-,0,E0,P401,-,T14,TP2 TP7 TP13
1184,二氯乙烷,ETH YLENE DICHLORIDE,3,6.1,Ⅱ,-,1 L,E2,P001 IBC02,-,T7,TP1
1185,乙撑亚胺，稳定的,"ETHYLENEIMINE, STABILIZED",6.1,3,Ⅰ,354 386,0,E0,P601,-,T22,TP2 TP13
1188,乙二醇单甲醚,ETHYLENE GLYCOL MONOMETHYL ETHER,3,-,Ⅲ,-,5 L,E1,P001 IBC03 LP01,-,T2,TP1
1189,乙酸乙二醇单甲醚酯,ETHYLENE GLYCOL MONOMETHYL ETHER ACETATE,3,-,Ⅲ,-,5 L,E1,P001 IBC03 LP01,-,T2,TP1
1190,甲酸乙酯,ETHYL FORMATE,3,-,Ⅱ,-,1 L,E2,P001 IBC02,-,T4,TP1
1191,辛醛,OCTYL ALDEHYDES,3,-,Ⅲ,-,5 L,E1,P001 IBC03 LP01,-,T2,TP1
1192,乳酸乙酯,ETHYL LACTATE,3,-,Ⅲ,-,5 L,E1,P001 IBC03 LP01,-,T2,TP1
1193,乙基甲基酮(甲乙酮),ETHYL METHYL KETONE (METHYL ETHYL KETONE),3,-,Ⅱ,-,1 L,E2,P001 IBC02,-,T4,TP1
1194,亚硝酸乙酯溶液,ETHYL NITRITE SOLUTION,3,6.1,Ⅰ,-,0,E0,P001,-,-,-
1195,丙酸乙酯,ETHYL PROPIONATE,3,-,Ⅱ,-,1 L,E2,P001 IBC02,-,T4,TP1
1196,乙基三氯硅烷,ETHYLTRICHLOROSILANE,3,8,Ⅱ,-,0,E0,P010,-,T10,TP2 TP7 TP13
1197,液态萃取物，用作调味剂 或香料,"EXTRACTS, LIQUID, for flavour or aroma",3,-,Ⅱ,-,5 L,E2,P001 IBC02,-,T4,TP1 TP8
1197,液态萃取物，用作调味剂 或香料,"EXTRACTS, LIQUID, for flavour or aroma",3,-,Ⅲ,223,5 L,E1,P001 IBC03 LP01,-,T2,TP1
1198,甲醛溶液，易燃,"FORMALDEHYDE SOLUTION, FLAMMABLE",3,8,Ⅲ,-,5 L,E1,P001 IBC03,-,T4,TP1
1199,糠醛,FURALDEHYDES,6.1,3,Ⅱ,-,100 mL,E4,P001 IBC02,-,T7,TP2
1201,杂醇油,FUSEL OIL,3,-,Ⅱ,-,1 L,E2,P001 IBC02,-,T4,TP1
1201,杂醇油,FUSEL OIL,3,-,Ⅲ,223,5 L,E1,P001 IBC03 LP01,-,T2,TP1
1202,瓦斯油，或柴油，或轻质燃 料油,"GAS OIL or DIESEL FUEL or HEATING OIL, LIGHT",3,-,Ⅲ,-,5 L,E1,P001 IBC03 LP01,-,T2,TP1
1203,车用汽油或汽油,MOTOR SPIRIT or GASOLINE or PETROL,3,-,Ⅱ,243,1 L,E2,P001 IBC02,-,T4,TP1
1204,硝化甘油醇溶液，含硝化 甘油不大于1%,NITROGLYCERIN SOLUTION IN ALCOHOL with not more than 1% nitroglycerin,3,-,Ⅱ,28,1 L,E0,P001 IBC02,PP5,-,-
1206,庚烷,HEPTANES,3,-,Ⅱ,-,1 L,E2,P001 IBC02,-,T4,TP1
1207,己醛,HEXALDEHYDE,3,-,Ⅲ,-,5 L,E1,P001 IBC03 LP01,-,T2,TP1
1208,己烷,HEXANES,3,-,Ⅱ,-,1 L,E2,P001 IBC02,-,T4,TP1
1210,印刷油墨，易燃，或印刷油 墨相关材料(包括印刷油 墨稀释剂或冲淡剂)，易燃,"PRINTING INK, flammable or PRINTING INK RELATED MATERIAL (including printing ink thinning or reducing compound), flammable",3,-,Ⅰ,163 367,500 mL,E3,P001,-,T11,TP1 TP8
1210,印刷油墨，易燃，或印刷油 墨相关材料(包括印刷油 墨稀释剂或冲淡剂)，易燃,"PRINTING INK, flammable or PRINTING INK RELATED MATERIAL (including printing ink thinning or reducing compound), flammable",3,-,Ⅱ,163 367,5 L,E2,P001 IBC02,PP1,T4,TP1 TP8
1210,印刷油墨，易燃，或印刷油 墨相关材料(包括印刷油 墨稀释剂或冲淡剂)，易燃,"PRINTING INK, flammable or PRINTING INK RELATED MATERIAL (including printing ink thinning or reducing compound), flammable",3,-,Ⅲ,163 223 367,5 L,E1,P001 IBC03 LP01,PP1,T2,TP1
1212,异丁醇,ISOBUTANOL(ISOBUTYL ALCOHOL),3,-,Ⅲ,-,5 L,E1,P001 IBC03 LP01,-,T2,TP1
1213,乙酸异丁酯,ISOBUTYL ACETATE,3,-,Ⅱ,-,1 L,E2,P001 IBC02,-,T4,TP1
1214,异丁胺,ISOBUTYLAMINE,3,3,Ⅱ,-,1 L,E2,P001 IBC02,-,T7,TP1
1216,异辛烯,ISOOCTENES,3,-,Ⅱ,-,1 L,E2,P001 IBC02,-,T4,TP1
1218,异戊二烯，稳定的,"ISOPRENE, STABILIZED",3,-,Ⅰ,386,0,E3,P001,-,T11,TP2
1219,异丙醇,ISOPROPANOL (ISOPROPYL ALCOHOL),3,-,Ⅱ,-,1 L,E2,P001 IBC02,-,T4,TP1
1220,乙酸异丙酯,ISOPROPYL ACETATE,3,-,Ⅱ,-,1 L,E2,P001 IBC02,-,T4,TP1
1221,异丙胺,ISOPROPYLAMINE,3,8,Ⅰ,-,0,E0,P001,-,T11,TP2
1222,硝酸异丙酯,ISOPROPYL NITRATE,3,-,Ⅱ,26,1 L,E2,P001 IBC02,B7,-,-
1223,煤油,KEROSENE,3,-,Ⅲ,-,5 L,E1,P001 IBC03 LP01,-,T2,TP2
1224,液态酮类，未另作规定的,"KETONES, LIQUID, N. O. S.",3,-,Ⅱ,274,1 L,E2,P001 IBC02,-,T7,TP1 TP8 TP28
1224,液态酮类，未另作规定的,"KETONES, LIQUID, N. O. S.",3,-,Ⅲ,223 274,5 L,E1,P001 IBC03 LP01,-,T4,TP1 TP29
1228,液态硫醇类，易燃，毒性， 未另作规定的或液态硫醇 混合物，易燃，毒性，未另 作规定的,"MERCAPTANS, LIQUID, FLAMMABLE, TOXIC, N. O. S. or MERCAPTAN MIXTURE, LIQUID, FLAMMABLE, TOXIC, N. O. S.",3,6.1,Ⅱ,274,1 L,E0,P001 IBC02,-,T11,TP2 TP27
1228,液态硫醇类，易燃，毒性， 未另作规定的或液态硫醇 混合物，易燃，毒性，未另 作规定的,"MERCAPTANS, LIQUID, FLAMMABLE, TOXIC, N. O. S. or MERCAPTAN MIXTURE, LIQUID, FLAMMABLE, TOXIC, N. O. S.",3,6.1,Ⅲ,223 274,5 L,E1,P001 IBC03,-,T7,TP1 TP28
1229,异丙叉丙酮,MESITYL OXIDE,3,-,Ⅲ,-,5 L,E1,P001 IBC03 LP01,-,T2,TP1
1230,甲醇,METHANOL,3,6.1,Ⅱ,279,1 L,E2,P001 IBC02,-,T7,TP2
1231,乙酸甲酯,METHYL ACETATE,3,-,Ⅱ,-,1 L,E2,P001 IBC02,-,T4,TP1
1233,乙酸甲基戊酯,METHYLAMYL ACETATE,3,-,Ⅲ,-,5 L,E1,P001 IBC03 LP01,-,T2,TP1
1234,甲醛缩二甲醇(甲缩醛),METHYLAL,3,-,Ⅱ,-,1 L,E2,P001 IBC02,B8,T7,TP2
1235,甲胺水溶液,"METHYLAMINE, AQUEOUS SOLUTION",3,8,Ⅱ,-,1 L,E2,P001 IBC02,-,T7,TP1
1237,丁酸甲酯,METHYL BUTYRATE,3,-,Ⅱ,-,1 L,E2,P001 IBC02,-,T4,TP1
1238,氯甲酸甲酯,METHYL CHLOROFORMATE,6.1,3 8,Ⅰ,354,0,E0,P602,-,T22,TP2 TP13
1239,甲基氯甲基醚,METHYL CHLOROMETHYL ETHER,6.1,3,Ⅰ,354,0,E0,P602,-,T22,TP2 TP13
1242,甲基二氯硅烷,METHYLDICHLOROSILANE,4.3,3 8,Ⅰ,-,0,E0,P401,-,T14,TP2 TP7 TP13
1243,甲酸甲酯,METHYL FORMATE,3,-,Ⅰ,-,0,E3,P001,-,T11,TP2
1244,甲基肼,METHYLHYDRAZINE,6.1,38,Ⅰ,354,0,E0,P602,-,T22,TP2 TP13
1245,甲基异丁基酮,METHYL ISOBUTYL KETONE,3,-,Ⅱ,-,1 L,E2,P001 IBC02,-,T4,TP1
1246,甲基异丙烯基酮，稳定的,"METHYL ISOPROPENYL KETONE, STABILIZED",3,-,Ⅱ,386,1 L,E2,P001 IBC02,-,T4,TP1
1247,甲基丙烯酸甲酯单体，稳 定的,"METHYL METHACRYLATE MONOMER,STABILIZED",3,-,Ⅱ,386,1 L,E2,P001 IBC02,-,T4,TP1
1248,丙酸甲酯,METHYL PROPIONATE,3,-,Ⅱ,-,1 L,E2,P001 IBC02,-,T4,TP1
1249,甲基丙基酮,METHYL PROPYL KETONE,3,-,Ⅱ,-,1 L,E2,P001 IBC02,-,T4,TP1
1250,甲基三氯硅烷,METHYLTRICHLOROSILANE,3,8,Ⅱ,-,0,E0,P010,-,T10,TP2 TP7 TP13
1251,甲基乙烯基酮，稳定的,"METHYL VINYL KETONE, STABILIZED",6.1,3 8,Ⅰ,354 386,0,E0,P601,-,T22,TP2 TP13
1259,羰基镍,NICKEL CARBONYL,6.1,3,Ⅰ,-,0,E0,P601,-,-,-
1261,硝基甲烷,NITROMETHANE,3,-,Ⅱ,26,1 L,E0,P001,-,-,-
1262,辛烷,OCTANES,3,-,Ⅱ,-,1 L,E2,P001 IBC02,-,T4,TP1
1263,涂料(包括色漆、喷漆、瓷 漆、着色剂、虫胶、清漆、抛 光剂、液态填料和液态喷 漆基料)或涂料相关材料 (包括涂料稀释剂或冲淡 剂),"PAINT (including paint, lacquer, enamel, stain, shellac, varnish, polish, liquid filler and liquid lacquer base) or PAINT RELATED MATERIAL (including paint thinning or reducing compound)",3,-,Ⅰ,163 367,500 mL,E3,P001,-,T11,TP1 TP8 TP27
1263,涂料(包括色漆、喷漆、瓷 漆、着色剂、虫胶、清漆、抛 光剂、液态填料和液态喷 漆基料)或涂料相关材料 (包括涂料稀释剂或冲淡 剂),"PAINT (including paint, lacquer, enamel, stain, shellac, varnish, polish, liquid filler and liquid lacquer base) or PAINT RELATED MATERIAL (including paint thinning or reducing compound)",3,-,Ⅱ,163 367,5 L,E2,P001 IBC02,PP1,T4,TP1 TP8 TP28
1263,涂料(包括色漆、喷漆、瓷 漆、着色剂、虫胶、清漆、抛 光剂、液态填料和液态喷 漆基料)或涂料相关材料 (包括涂料稀释剂或冲淡 剂),"PAINT (including paint, lacquer, enamel, stain, shellac, varnish, polish, liquid filler and liquid lacquer base) or PAINT RELATED MATERIAL (including paint thinning or reducing compound)",3,-,Ⅲ,163 223 367,5 L,E1,P001 IBC03 LP01,PP1,T2,TP1 TP29
1264,仲乙醛(三聚乙醛),PARALDEHYDE,3,-,Ⅲ,-,5 L,E1,P001 IBC03 LP01,-,T2,TP1
1265,液态戊烷,"PENTANES, liquid",3,-,Ⅰ,-,0,E3,P001,-,T11,TP2
1265,液态戊烷,"PENTANES, liquid",3,-,Ⅱ,-,1 L,E2,P001 IBC02,B8,T4,TP1
1266,香料制品，含易燃溶剂,PERFUMERY PRODUCTS with flammable solvents,3,-,Ⅱ,163,5 L,E2,P001 IBC02,-,T4,TP1 TP8
1266,香料制品，含易燃溶剂,PERFUMERY PRODUCTS with flammable solvents,3,-,Ⅲ,163 223,5 L,E1,P001 IBC03 LP01,-,T2,TP1
1267,石油原油,PETROLEUM CRUDE OIL,3,-,Ⅰ,357,500 mL,E3,P001,-,T11,TP1 TP8
1267,石油原油,PETROLEUM CRUDE OIL,3,-,Ⅱ,357,1 L,E2,P001 IBC02,-,T4,TP1 TP8
1267,石油原油,PETROLEUM CRUDE OIL,3,-,Ⅲ,223 357,5 L,E1,P001 IBC03 LP01,-,T2,TP1
1268,石油馏出物，未另作规定 的或石油产品，未另作规 定的,"PETROLEUM DISTILLATES, N. O. S. or PETROLEUM PRODUCTS, N. O. S.",3,-,Ⅰ,-,500 mL,E3,P001,-,T11,TP1 TP8
1268,石油馏出物，未另作规定 的或石油产品，未另作规 定的,"PETROLEUM DISTILLATES, N. O. S. or PETROLEUM PRODUCTS, N. O. S.",3,-,Ⅱ,-,1 L,E2,P001 IBC02,-,T7,TP1 TP8 TP28
1268,石油馏出物，未另作规定 的或石油产品，未另作规 定的,"PETROLEUM DISTILLATES, N. O. S. or PETROLEUM PRODUCTS, N. O. S.",3,-,Ⅲ,223,5 L,E1,P001 IBC03 LP01,-,T4,TP1 TP29
1272,松油,PINE OIL,3,-,Ⅲ,-,5 L,E1,P001 IBC03 LP01,-,T2,TP1
1274,正丙醇,"n-PROPANOL(PROPYL ALCOHOL, NORMAL)",3,-,Ⅱ,-,1 L,E2,P001 IBC02,-,T4,TP1
1274,正丙醇,"n-PROPANOL(PROPYL ALCOHOL, NORMAL)",3,-,Ⅲ,223,5 L,E1,P001 IBC03 LP01,-,T2,TP1
1275,丙醛,PROPIONALDEHYDE,3,-,Ⅱ,-,1 L,E2,P001 IBC02,-,T7,TP1
1276,乙酸正丙酯,n-PROPYL ACETATE,3,-,Ⅱ,-,1 L,E2,P001 IBC02,-,T4,TP1
1277,丙胺,PROPYLAMINE,3,8,Ⅱ,-,1 L,E2,P001 IBC02,-,T7,TP1
1278,1-氯丙烷,1-CHLOROPROPANE,3,-,Ⅱ,-,1 L,E0,P001 IBC02,B8,T7,TP2
1279,1，2-二氯丙烷,"1,2-DICHLOROPROPANE",3,-,Ⅱ,-,1 L,E2,P001 IBC02,-,T4,TP1
1280,环氧丙烷(氧化丙烯),PROPYLENE OXIDE,3,-,Ⅰ,-,0,E3,P001,-,T11,TP2 TP7
1281,甲酸丙酯,PROPYL FORMATES,3,-,Ⅱ,-,1 L,E2,P001 IBC02,-,T4,TP1
1282,吡啶,PYRIDINE,3,-,Ⅱ,-,1 L,E2,P001 IBC02,-,T4,TP2
1286,松香油,ROSIN OIL,3,-,Ⅱ,-,5 L,E2,P001 IBC02,-,T4,TP1
1286,松香油,ROSIN OIL,3,-,Ⅲ,223,5 L,E1,P001 IBC03 LP01,-,T2,TP1
1287,橡胶溶液,RUBBER SOLUTION,3,-,Ⅱ,-,5 L,E2,P001 IBC02,-,T4,TP1 TP8
1287,橡胶溶液,RUBBER SOLUTION,3,-,Ⅲ,223,5 L,E1,P001 IBC03 LP01,-,T2,TP1
1288,页岩油,SHALE OIL,3,-,Ⅱ,-,1 L,E2,P001 IBC02,-,T4,TP1 TP8
1288,页岩油,SHALE OIL,3,-,Ⅲ,223,5 L,E1,P001 IBC03 LP01,-,T2,TP1
1289,甲醇钠溶液，在醇溶液中,SODIUM METHYLATE SOLUTION in alcohol,3,8,Ⅱ,-,1 L,E2,P001 IBC02,-,T7,TP1 TP8
1289,甲醇钠溶液，在醇溶液中,SODIUM METHYLATE SOLUTION in alcohol,3,8,Ⅲ,223,5 L,E1,P001 IBC03,-,T4,TP1
1292,硅酸四乙酯,TETRAETHYL SILICATE,3,-,Ⅲ,-,5 L,E1,P001 IBC03 LP01,-,T2,TP1
1293,药用酊剂,"TINCTURES, MEDICINAL",3,-,Ⅱ,-,1 L,E2,P001 IBC02,-,T4,TP1 TP8
1293,药用酊剂,"TINCTURES, MEDICINAL",3,-,Ⅲ,223,5 L,E1,P001 IBC03 LP01,-,T2,TP1
1294,甲苯,TOLUENE,3,-,Ⅱ,-,1 L,E2,P001 IBC02,-,T4,TP1
1295,三氯硅烷,TRICHLOROSILANE,4.3,3 8,Ⅰ,-,0,E0,P401,-,T14,TP2 TP7 TP13
1296,三乙胺,TRIETHYLAMINE,3,8,Ⅱ,-,1 L,E2,P001 IBC02,-,T7,TP1
1297,三甲胺水溶液，按质量含 三甲胺不超过50%,"TRIMETHYLAMINE, AQUEOUS SOLUTION, not more than 50% trimethylamine, by mass",3,8,Ⅰ,-,0,E0,P001,-,T11,TP1
1297,三甲胺水溶液，按质量含 三甲胺不超过50%,"TRIMETHYLAMINE, AQUEOUS SOLUTION, not more than 50% trimethylamine, by mass",3,8,Ⅱ,-,1 L,E2,P001 IBC02,-,T7,TP1
1297,三甲胺水溶液，按质量含 三甲胺不超过50%,"TRIMETHYLAMINE, AQUEOUS SOLUTION, not more than 50% trimethylamine, by mass",3,8,Ⅲ,223,5 L,E1,P001 IBC03,-,T7,TP1
1298,三甲基氯硅烷,TRIMETHYLCHLOROSILANE,3,8,Ⅱ,-,0,E0,P010,-,T10,TP2 TP7 TP13
1299,松节油,TURPENTINE,3,-,Ⅲ,-,5 L,E1,P001 IBC03 LP01,-,T2,TP1
1300,松节油代用品,TURPENTINE SUBSTITUTE,3,-,Ⅱ,-,1 L,E2,P001 IBC02,-,T4,TP1
1300,松节油代用品,TURPENTINE SUBSTITUTE,3,-,Ⅲ,223,5 L,E1,P001 IBC03 LP01,-,T2,TP1
1301,乙酸乙烯酯，稳定的,"VINYL ACETATE, STABILIZED",3,-,Ⅱ,386,1 L,E2,P001 IBC02,-,T4,TP1
1302,乙烯基乙基醚，稳定的,"VINYL ETHYL ETHER, ST ABILIZED",3,-,Ⅰ,386,0,E3,P001,-,T11,TP2
1303,乙烯叉二氯，稳定的,"VINYLIDENE CHLORIDE, ST ABILIZED",3,-,Ⅰ,386,0,E3,P001,-,T12,TP2 TP7
1304,乙烯基异丁基醚，稳定的,"VINYL ISOBUTYL ETHER, STABILIZED",3,-,Ⅱ,386,1 L,E2,P001 IBC02,-,T4,TP1
1305,乙烯基三氯硅烷,VINYLTRICHLOROSILANE,3,8,Ⅱ,-,0,E0,P010,-,T10,TP2 TP7 TP13
1306,液态木材防腐剂,"WOOD PRESERVATIVES, LIQUID",3,-,Ⅱ,-,5 L,E2,P001 IBC02,-,T4,TP1 TP8
1306,液态木材防腐剂,"WOOD PRESERVATIVES, LIQUID",3,-,Ⅲ,223,5 L,E1,P001 IBC03 LP01,-,T2,TP1
1307,二甲苯,XYLENES,3,-,Ⅱ,-,1 L,E2,P001 IBC02,-,T4,TP1
1307,二甲苯,XYLENES,3,-,Ⅲ,223,5 L,E1,P001 IBC03 LP01,-,T2,TP1
1308,锆，悬浮在易燃液体中,ZIRCONIUM SUSPENDED IN AFLAMMABLE LIQUID,3,-,Ⅰ,223,0,E0,P001,PP33,-,-
1308,锆，悬浮在易燃液体中,ZIRCONIUM SUSPENDED IN AFLAMMABLE LIQUID,3,-,Ⅱ,-,1 L,E2,P001,PP33,-,-
1308,锆，悬浮在易燃液体中,ZIRCONIUM SUSPENDED IN AFLAMMABLE LIQUID,3,-,Ⅲ,223,5 L,E1,P001,-,-,-
1309,铝粉，有涂层的,"ALUMINIUM POWDER, COATED",4.1,-,Ⅱ,-,1 kg,E2,P002 IBC08,"PP38 B2,B4",T3,TP33
1309,铝粉，有涂层的,"ALUMINIUM POWDER, COATED",4.1,-,Ⅲ,223,5 kg,E1,P002 IBC08 LP02,PP11 B3,T1,TP33
1310,苦味酸铵，湿的，按质量含 水不低于10%,"AMMONIUM PICRATE, WETTED with not less than 10% water, by mass",4.1,-,Ⅰ,28,0,E0,P406,PP26,-,-
1312,冰片(龙脑),BORNEOL,4.1,-,Ⅲ,-,5 kg,E1,P002 IBC08 LP02,B3,T1,TP33
1313,树脂酸钙,CALCIUM RESINATE,4.1,-,Ⅲ,-,5 kg,E1,P002 IBC06,-,T1,TP33
1314,熔凝树脂酸钙,"CALCIUM RESINATE, FUSED",4.1,-,Ⅲ,-,5 kg,E1,P002 IBC04,-,T1,TP33
1318,树脂酸钴，沉淀的,"COBALT RESINATE, PRECIPITATED",4.1,-,Ⅲ,-,5 kg,E1,P002 IBC06,-,T1,TP33
1320,二硝基苯酚，湿的，按质量 含水不低于 15%,"DINITROPHENOL, WETTED with not less than 15% water, by mass",4.1,6.1,Ⅰ,28,0,E0,P406,PP26,-,-
1321,二硝基苯酚盐，湿的，按质 量含水不低于15%,"DINITROPHENOLATES, WETTED with not less than 15% water, by mass",4.1,6.1,Ⅰ,28,0,E0,P406,PP26,,-
1322,二硝基间苯二酚，湿的，按 质量含水不低于15%,"DINITRORESORCINOL, WETTED with not less than 15% water, by mass",4.1,-,Ⅰ,28,0,E0,P406,PP26,-,-
1323,铈铁合金,FERROCERIUM,4.1,-,Ⅱ,249,1 kg,E2,P002 IBC08,"B2, B4",T3,TP33
1324,胶片，以硝化纤维素为基 料，涂有明胶的，碎胶片 除外,"FILMS, NITROCELLULOSE BASE, gelatin coated, except scrap",4.1,-,Ⅲ,-,5 kg,E1,P002,PP15,-,-
1325,有机易燃固体，未另作规 定的,"FLAMMABLE SOLID, ORGANIC, N. O. S.",4.1,-,Ⅱ,274,1 kg,E2,P002 IBC08,"B2, B4",T3,TP33
1325,有机易燃固体，未另作规 定的,"FLAMMABLE SOLID, ORGANIC, N. O. S.",4.1,-,Ⅲ,223 274,5 kg,E1,P002 IBC08 LP02,B3,T1,TP33
1326,给粉，湿的，含水不低于 25%(应有明显可见的过 量水) (a)机械方法生产的，粒径 小于53μm; (b)化学方法生产的，粒径 小于840μm,"HAFNIUM POWDER, WETTED with not less than 25% water(avisible excess of water must be present) (a) mechanically produced, particle size less than 53 microns; (b) chemically produced, particlesize less than 840 microns",4.1,-,Ⅱ,-,1 kg,E2,P410 IBC06,PP40 B2,T3,TP33
1327,干草、禾秆或碎稻草和 稻壳,"HAY, STRAW or BHUSA",4.1,-,-,281,3 kg,E0,P003 IBC08,PP19 B6,-,-
1328,环六亚甲基四胺,HEXAMETHYLENETETRAMINE,4.1,-,Ⅲ,-,5 kg,E1,P002 IBC08,B3,T1,TP33
1330,树脂酸锰,MANGANESE RESINATE,4.1,-,Ⅲ,-,5 kg,E1,P002 IBC06,-,T1,TP33
1331,火柴，“可随处划燃”,"MATCHES,'STRIKEANYWHERE'",4.1,-,Ⅲ,293,5 kg,E0,P407,PP27,-,-
1332,聚乙醛,METALDEHYDE,4.1,-,Ⅲ,-,5 kg,E1,P002 IBC08 LP02,B3,T1,TP33
1333,铈，板、锭或棒,"CERIUM, slabs, ingots or rods",4.1,-,Ⅱ,-,1 kg,E2,P002 IBC08,"B2, B4",-,-
1334,粗制萘或精制萘,"NAPHTHALENE, CRUDE or NAPHTHALENE, REFINED",4.1,-,Ⅲ,-,5 kg,E1,P002 IBC08 LP02,B3,T1 BK1 BK2 BK3,TP33
1336,硝基胍(橄苦岩)，湿的，按 质量含水不低于20%,"NITROGUANIDINE (PICRITE), WETTED with not less than 20% water, by mass",4.1,-,Ⅰ,28,0,E0,P406,-,-,-
1337,硝化淀粉，湿的，按质量含 水不低于20%,"NITROSTARCH, WETTED withnot less than 20% water, by mass",4.1,-,Ⅰ,28,0,E0,P406,-,-,-
1338,非晶形磷,"PHOSPHORUS, AMORPHOUS",4.1,-,Ⅲ,-,5 kg,E1,P410 IBC08,B3,T1,TP33
1339,七硫化四磷，不含黄磷和 白磷,"PHOSPHORUS HEPTASULPHIDE, free from yellow and white phosphorus",4.1,-,Ⅱ,-,1 kg,E2,P410 IBC04,-,T3,TP33
1340,五硫化二磷，不含黄磷和 白磷,"PHOSPHORUS PENTASULPHIDE, free from yellow and white phosphorus",4.3,4.1,Ⅱ,-,500 g,E2,P410 IBC04,-,T3,TP33
1341,三硫化四磷，不含黄磷和 白磷,"PHOSPHORUS SESQUISULPHIDE, free from yellow and white phosphorus",4.1,-,Ⅱ,-,1 kg,E2,P410 IBC04,-,T3,TP33
1343,三硫化二磷，不含黄磷和 白磷,"PHOSPHORUS TRISULPHIDE, free from yellow and white phosphorus",4.1,-,Ⅱ,-,1 kg,E2,P410 IBC04,-,T3,TP33
1344,三硝基苯酚，湿的，按质量 含水不低于 30%,"TRINITROPHENOL, WETTED with not less than 30% water, by mass",4.1,-,Ⅰ,28,0,E0,P406,PP26,-,-
1345,废橡胶或回收橡胶，粉末 或颗粒，粒径不超过840 μm，橡胶含量超过45%,"RUBBER SCRAP or RUBBER SHODDY, powdered or granulated, not exceeding 840 microns and rubber content exceeding 45%",4.1,-,Ⅱ,223,1 kg,E2,P002 IBC08,"B2,B4",T3,TP33
1346,非晶形硅粉,"SILICON POWDER, AMORPHOUS",4.1,-,Ⅲ,32,5 kg,E1,P002 IBC08 LP02,B3,T1,TP33
1347,苦味酸银，湿的，按质量含 水不低于30%,"SILVER PICRATE, WETTED with not less than 30% water, by mass",4.1,-,Ⅰ,28,0,E0,P406,PP25 PP26,-,-
1348,二硝基邻甲苯酚钠，湿的， 按质量含水不低于15%,"SODIUM DINITRO-o-CRESOLATE, WETTED with not less than 15% water, by mass",4.1,6.1,Ⅰ,28,0,E0,P406,PP26,-,-
1349,苦胺酸钠，湿的，按质量含 水不低于20%,"SODIUM PICRAMATE, WETTED with not less than 20% water, by mass",4.1,-,Ⅰ,28,0,E0,P406,PP26,-,-
1350,硫,SULPHUR,4.1,-,Ⅲ,242,5 kg,E1,P002 IBC08 LP02,B3,T1 BK1 BK2 BK3,TP33
1352,钛粉，湿的，含水不低于 25%(应有明显可见的过 量水) (a)机械方法生产的，粒径 小于53μm; (b)化学方法生产的，粒径 小于840 μm,"TITANIUM POWDER, WETTED with not less than 25% water(a visible excess of water must be present) (a) mechanically produced, particle size less than 53 microns; (b) chemically produced particle size less than 840 microns",4.1,,Ⅱ,,1 kg,E2,P410 IBC06,PP40 B2,T3,TP33
1353,纤维或纤维织品，浸过轻 度硝化的硝化纤维素，未 另作规定的,"FIBRES or FABRICS IMPREGNATED WITH WEAKLY NITRATED NITROCELLULOSE, N. O. S.",4.1,-,Ⅲ,-,5 kg,E1,P410 IBC08,B3,-,-
1354,三硝基苯，湿的，按质量含 水不低于30%,"TRINITROBENZENE, WETTED with not less than 30% water, by mass",4.1,-,Ⅰ,28,0,E0,P406,-,-,-
1355,三硝基苯甲酸，湿的，按质 量含水不低于30%,"TRINITROBENZOIC ACID, WETTED with not less than 30% water, by mass",4.1,-,Ⅰ,28,0,E0,P406,-,-,-
1356,三硝基甲苯，湿的，按质量 含水不低于 30%,"TRINITROTOLUENE, WETTED with not less than 30% water, by mass",4.1,-,Ⅰ,28,0,E0,P406,-,-,-
1357,硝酸脲，湿的，按质量含水 不低于20%,"UREA NITRATE, WETTED with not less than 20% water, by mass",4.1,-,Ⅰ,28 227,0,E0,P406,-,-,-
1358,锆粉，湿的，含水不低于 25%(应有明显可见的过 量水) (a)机械方法生产的，粒径 小于53 μm; (b)化学方法生产的，粒径 小于840μm,"ZIRCONIUM POWDER, WETTED with not less than 25% water(a visible excess of water must be present) (a) mechanically produced, particle size less than 53 microns; (b) chemically produced particle size less than 840 microns",4.1,-,Ⅱ,-,1 kg,E2,P410 IBC06,PP40 B2,T3,TP33
1360,磷化钙,CALCIUM PHOSPHIDE,4.3,6.1,Ⅰ,-,0,E0,P403,-,-,-
1361,炭，来源于动物或植物,"CARBON, animal or vegetable origin",4.2,-,Ⅱ,-,0,E0,P002 IBC06,PP12,T3,TP33
1361,炭，来源于动物或植物,"CARBON, animal or vegetable origin",4.2,-,Ⅲ,223,0,E0,P002 IBC08 LP02,PP12 B3,T1,TP33
1362,活性炭,"CARBON, ACTIVATED",4.2,-,Ⅲ,223,0,E1,P002 IBC08 LP02,PP11 B3,T1,TP33
1363,椰肉干,COPRA,4.2,-,Ⅲ,29,0,E0,P003 IBC08 LP02,"PP20 B3,B6",BK2,-
1364,含油废棉,"COTTON WASTE, OILY",4.2,-,Ⅲ,-,0,E0,P003 IBC08 LP02,"PP19 B3,B6",-,-
1365,潮湿棉花,"COTTON, WET",4.2,-,Ⅲ,29,0,E0,P003 IBC08 LP02,"PP19 B3,B6",-,-
1369,对亚硝基二甲基苯胺,p-NITROSODIMETHYLANILINE,4.2,-,Ⅱ,-,0,E2,P410 IBC06,B2,T3,TP33
1372,动物纤维，或植物纤维，烧 过的、湿的或潮的,"FIBRES, ANIMAL or FIBRES, VEGETABLE burnt, wet or damp",4.2,-,Ⅲ,123,0,E1,P410,-,-,-
1373,纤维或纤维织品，动物、植 物或合成的，未另作规定 的，含油,"FIBRES or FABRICS, ANIMAL or VEGETABLE or SYNTHETIC, N. O. S., with oil",4.2,-,Ⅲ,-,0,E0,P410 IBC08,B3,T1,TP33
1374,鱼粉(鱼屑)，未加稳定 剂的,"FISH MEAL (FISH SCRAP), UNSTABILIZED",4.2,-,Ⅱ,300,0,E2,P410 IBC08,"B2,B4",T3,TP33
1376,废氧化铁或废海绵状铁， 从提纯煤气获得的,"IRON OXIDE, SPENT or IRON SPONGE, SPENT obtained from coal gas purification",4.2,-,Ⅲ,223,0,E0,P002 IBC08 LP02,B3,T1 BK2,TP33
1378,金属催化剂，湿的，含可见 的过量液体,"METAL CATALYST, WETTED with a visible excess of liquid",4.2,-,Ⅱ,274,0,E0,P410 IBC01,PP39,T3,TP33
1379,不饱和油类处理的纸，未 完全干的(包括复写纸),"PAPER, UNSATURATED OIL TREATED, incompletely dried(including carbon paper)",4.2,-,Ⅲ,-,0,E0,P410 IBC08,B3,-,-
1380,戊硼烷,PENTABORANE,4.2,6.1,Ⅰ,-,0,E0,P601,-,-,-
1381,白磷或黄磷，干的或浸在 水中或溶剂中,"PHOSPHORUS, WHITE or YELLOW, DRY or UNDER WATER or IN SOLUTION",4.2,6.1,Ⅰ,-,0,E0,P405,-,T9,TP3 TP31
1382,无水硫化钾或硫化钾，含 结晶水低于 30%,"POTASSIUM SULPHIDE, ANHYDROUS or POTASSIUM SULPHIDE with less than 30% water of crystallization",4.2,-,Ⅱ,-,0,E2,P410 IBC06,B2,T3,TP33
1383,发火金属，未另作规定或 发火合金，未另作规定的,"PYROPHORIC METAL, N. O. S. or PYROPHORIC ALLOY, N. O. S.",4.2,-,Ⅰ,274,0,E0,P404,-,T21,TP7 TP33
1384,连二亚硫酸钠,SODIUM DITHIONITE(SODIUM HYDROSULPHITE),4.2,-,Ⅱ,-,0,E2,P410 IBC06,B2,T3,TP33
1385,无水硫化钠，或硫化钠，含 结晶水低于 30%,"SODIUM SULPHIDE, ANHYDROUS or SODIUM SULPHIDE with less than 30% water of crystallization",4.2,-,Ⅱ,-,0,E2,P410 IBC06,B2,T3,TP33
1386,种子油饼，含油超过1.5%， 含水不超过 11%,SEED CAKE with more than 1.5% oil and not more than 11% moisture,4.2,-,Ⅲ,29,0,E0,P003 IBC08 LP02,"PP20 B3,B6",BK2,-
1387,羊毛废料，湿的,"WOOL WASTE, WET",4.2,-,Ⅲ,123,0,E1,P410,-,-,-
1389,液态碱金属汞齐,"ALKALI METAL AMALGAM, LIQUID",4.3,-,Ⅰ,182,0,E0,P402,-,-,-
1390,氨基碱金属,ALKALI METAL AMIDES,4.3,-,Ⅱ,182,500 g,E2,P410 IBC07,B2,T3,TP33
1391,碱金属分散体或碱土金属 分散体,ALK ALI METAL DISPERSION or ALKALINE EARTH METAL DISPERSION,4.3,-,Ⅰ,182 183,0,E0,P402,-,-,TP2 TP7 TP42
1392,液态碱土金属汞齐,"ALK ALINE EARTH MET AL AMALGAM,LIQUID",4.3,-,Ⅰ,183,0,E0,P402,-,-,-
1393,碱土金属合金，未另作规 定的,"ALK ALINE EARTH METAL ALLOY, N. O. S.",4.3,-,Ⅱ,-,500 g,E2,P410 IBC07,B2,T3,TP33
1394,碳化铝,ALUMINIUM CARBIDE,4.3,-,Ⅱ,-,500 g,E2,P410 IBC07,B2,T3,TP33
1395,硅铝铁合金粉,ALUMINIUM FERROSILICON POWDER,4.3,6.1,Ⅱ,-,500 g,E2,P410 IBC05,B2,T3,TP33
1396,铝粉，无涂层的,"ALUMINIUM POWDER, UNCOATED",4.3,-,Ⅱ,-,500 g,E2,P410 IBC07,B2,T3,TP33
1396,铝粉，无涂层的,"ALUMINIUM POWDER, UNCOATED",4.3,-,Ⅲ,223,1 kg,E1,P410 IBC08,B4,T1,TP33
1397,磷化铝,ALUMINIUM PHOSPHIDE,4.3,6.1,Ⅰ,-,0,E0,P403,-,-,-
1398,硅铝粉，无涂层的,"ALUMINIUM SILICON POWDER, UNCOATED",4.3,-,Ⅲ,37 223,1 kg,E1,P410 IBC08,B4,T1 BK2,TP33
1400,钡,BARIUM,4.3,-,Ⅱ,-,500 g,E2,P410 IBC07,B2,T3,TP33
1401,钙,CALCIUM,4.3,-,Ⅱ,-,500 g,E2,P410 IBC07,B2,T3,TP33
1402,碳化钙,CALCIUM CARBIDE,4.3,-,Ⅰ,-,0,E0,P403 IBC04,B1,T9,TP7 TP33
1402,碳化钙,CALCIUM CARBIDE,4.3,-,Ⅱ,-,500 g,E2,P410 IBC07,B2,T3,TP33
1403,氰氨化钙，含碳化钙高于 0.1%,CALCIUM CYANAMIDE with more than 0.1% calcium carbide,4.3,-,Ⅲ,38,1 kg,E1,P410 IBC08,B4,T1,TP33
1404,氢化钙,CALCIUM HYDRIDE,4.3,-,Ⅰ,-,0,E0,P403,-,-,-
1405,硅化钙,CALCIUM SILICIDE,4.3,-,Ⅱ,-,500 g,E2,P410 IBC07,B2,T3,TP33
1405,硅化钙,CALCIUM SILICIDE,4.3,-,Ⅲ,223,1 kg,E1,P410 IBC08,B4,T1,TP33
1407,铯,CAESIUM,4.3,-,Ⅰ,-,0,E0,P403 IBC04,B1,-,-
1408,硅铁，含硅不低于30%，但 少于90%,FERROSILICON with 30% or more but less than 90% silicon,4.3,6.1,Ⅲ,39 223,1 kg,E1,P003 IBC08,"PP20 B4,B6",T1BK2,TP33
1409,金属氢化物，遇水反应，未 另作规定的,"METAL HYDRIDES, WATER-REACTIVE, N. O. S.",4.3,-,Ⅰ,274,0,E0,P403,-,-,-
1409,金属氢化物，遇水反应，未 另作规定的,"METAL HYDRIDES, WATER-REACTIVE, N. O. S.",4.3,-,Ⅱ,274,500 g,E2,P410 IBC04,-,T3,TP33
1410,氢化铝锂,LITHIUM ALUMINIUM HYDRIDE,4.3,-,Ⅰ,-,0,E0,P403,-,-,-
1411,氢化铝锂的醚溶液,"LITHIUM ALUMINIUM HYDRIDE, ETHEREAL",4.3,3,Ⅰ,-,0,E0,P402,-,-,-
1413,硼氢化锂,LITHIUM BOROHYDRIDE,4.3,-,Ⅰ,-,0,E0,P403,-,-,-
1414,氢化锂,LITHIUM HYDRIDE,4.3,-,Ⅰ,-,0,E0,P403,-,-,-
1415,锂,LITHIUM,4.3,-,Ⅰ,-,0,E0,P403 IBC04,B1,T9,TP7 TP33
1417,硅锂合金,LITHIUM SILICON,4.3,-,Ⅱ,-,500 g,E2,P410 IBC07,B2,T3,TP33
1418,镁粉或镁合金粉,MAGNESIUM POWDER or MAGNESIUM ALLOYS POWDER,4.3,4.2,Ⅰ,-,0,E0,P403,-,-,-
1418,镁粉或镁合金粉,MAGNESIUM POWDER or MAGNESIUM ALLOYS POWDER,4.3,4.2,Ⅱ,-,0,E2,P410 IBC05,B2,T3,TP33
1418,镁粉或镁合金粉,MAGNESIUM POWDER or MAGNESIUM ALLOYS POWDER,4.3,4.2,Ⅲ,223,0,E1,P410 IBC08,B4,T1,TP33
1419,磷化铝镁,MAGNESIUM ALUMINIUM PHOSPHIDE,4.3,6.1,Ⅰ,-,0,E0,P403,-,-,-
1420,液态钾金属合金,"POTASSIUM METAL ALLOYS, LIQUID",4.3,-,Ⅰ,-,0,E0,P402,-,-,-
1421,液态碱金属合金，未另作 规定的,"ALK ALI METAL ALLOY, LIQUID, N. O. S.",4.3,-,Ⅰ,182,0,E0,P402,-,-,-
1422,液态钾钠合金,"POTASSIUM SODIUM ALLOYS, LIQUID",4.3,-,Ⅰ,-,0,E0,P402,-,T9,TP3 TP7 TP31
1423,铷,RUBIDIUM,4.3,-,Ⅰ,-,0,E0,P403 IBC04,B1,-,-
1426,硼氢化钠,SODIUM BOROHYDRIDE,4.3,-,Ⅰ,-,0,E0,P403,-,-,-
1427,氢化钠,SODIUM HYDRIDE,4.3,-,Ⅰ,-,0,E0,P403,-,-,-
1428,钠,SODIUM,4.3,-,Ⅰ,-,0,E0,P403 IBC04,B1,T9,TP7 TP33
1431,甲醇钠,SODIUM METHYLATE,4.2,8,Ⅱ,-,0,E2,P410 IBC05,B2,T3,TP33
1432,磷化钠,SODIUM PHOSPHIDE,4.3,6.1,Ⅰ,-,0,E0,P403,-,-,-
1433,磷化锡,STANNIC PHOSPHIDES,4.3,6.1,Ⅰ,-,0,E0,P403,-,-,-
1435,锌灰,ZINC ASHES,4.3,-,Ⅲ,223,1 kg,E1,P002 IBC08,B4,T1 BK2,TP33
1436,锌粉或锌粉尘,ZINC POWDER or ZINC DUST,4.3,4.2,Ⅰ,-,0,E0,P403,-,-,-
1436,锌粉或锌粉尘,ZINC POWDER or ZINC DUST,4.3,4.2,Ⅱ,-,0,E2,P410 IBC07,B2,T3,TP33
1436,锌粉或锌粉尘,ZINC POWDER or ZINC DUST,4.3,4.2,Ⅲ,223,0,E1,P410 IBC08,B4,T1,TP33
1437,氢化锆,ZIRCONIUM HYDRIDE,4.1,-,Ⅱ,-,1 kg,E2,P410 IBC04,PP40,T3,TP33
1438,硝酸铝,ALUMINIUM NITRATE,5.1,-,Ⅲ,-,5 kg,E1,P002 IBC08 LP02,B3,T1 BK1 BK2,TP33
1439,重铬酸铵,AMMONIUM DICHROMATE,5.1,-,Ⅱ,-,1 kg,E2,P002 IBC08,"B2,B4",T3,TP33
1442,高氯酸铵,AMMONIUM PERCHLORATE,5.1,-,Ⅱ,152,1 kg,E2,P002 IBC06,B2,T3,TP33
1444,过硫酸铵,AMMONIUM PERSULPHATE,5.1,-,Ⅲ,-,5 kg,E1,P002 IBC08 LP02,B3,T1,TP33
1445,固态氯酸钡,"BARIUM CHLORATE, SOLID",5.1,6.1,Ⅱ,-,1 kg,E2,P002 IBC06,B2,T3,TP33
1446,硝酸钡,BARIUM NITRATE,5.1,6.1,Ⅱ,-,1 kg,E2,P002 IBC08,"B2,B4",T3,TP33
1447,固态高氯酸钡,"BARIUM PERCHLORATE, SOLID",5.1,6.1,Ⅱ,-,1 kg,E2,P002 IBC06,B2,T3,TP33
1448,高锰酸钡,BARIUM PERMANGANATE,5.1,6.1,Ⅱ,-,1 kg,E2,P002 IBC06,B2,T3,1P33
1449,过氧化钡,BARIUM PEROXIDE,5.1,6.1,Ⅱ,-,1 kg,E2,P002 IBC06,B2,T3,TP33
1450,无机溴酸盐，未另作规 定的,"BROMATES, INORGANIC, N. O. S.",5.1,-,Ⅱ,274 350,1 kg,E2,P002 IBC08,"B2,B4",T3,TP33
1451,硝酸铯,CAESIUM NITRATE,5.1,-,Ⅲ,-,5 kg,E1,P002 IBC08 LP02,B3,T1,TP33
1452,氯酸钙,CALCIUM CHLORATE,5.1,-,Ⅱ,-,1 kg,E2,P002 IBC08,"B2,B4",T3,TP33
1453,亚氯酸钙,CALCIUM CHLORITE,5.1,-,Ⅱ,-,1 kg,E2,P002 IBC08,"B2,B4",T3,TP33
1454,硝酸钙,CALCIUM NITRATE,5.1,-,Ⅲ,208,5 kg,E1,P002 IBC08 LP02,B3,T1 BK1 BK2 BK3,TP33
1455,高氯酸钙,CALCIUM PERCHLORATE,5.1,-,Ⅱ,-,1 kg,E2,P002 IBC06,B2,T3,TP33
1456,高锰酸钙,CALCIUM PERMANGANATE,5.1,-,Ⅱ,-,1 kg,E2,P002 IBC06,B2,T3,FP33
1457,过氧化钙,CALCIUM PEROXIDE,5.1,-,Ⅱ,-,1 kg,E2,P002 IBC06,B2,T3,1P33
1458,氯酸盐和硼酸盐混合物,CHLORATE AND BORATE MIXTURE,5.1,-,Ⅱ,-,1 kg,E2,P002 IBC08,"B2,B4",T3,TP33
1458,氯酸盐和硼酸盐混合物,CHLORATE AND BORATE MIXTURE,5.1,-,Ⅲ,223,5 kg,E1,P002 IBC08 LP02,B3,T1,TP33
1459,固态氯酸盐和氯化镁混 合物,"CHLORATE AND MAGNESIUM CHLORIDE MIXTURE, SOLID",5.1,-,Ⅱ,-,1 kg,E2,P002 IBC08,"B2,B4",T3,TP33
1459,固态氯酸盐和氯化镁混 合物,"CHLORATE AND MAGNESIUM CHLORIDE MIXTURE, SOLID",5.1,-,Ⅲ,223,5 kg,E1,P002 IBC08 LP02,B3,T1,TP33
1461,无机氯酸盐，未另作规 定的,"CHLORATES, INORGANIC, N. O. S.",5.1,-,Ⅱ,274 351,1 kg,E2,P002 IBC06,B2,T3,TP33
1462,无机亚氯酸盐，未另作规 定的,"CHLORITES, INORGANIC, N. O. S.",5.1,-,Ⅱ,274 352,1 kg,E2,P002 IBC06,B2,T3,TP33
1463,无水三氧化铬,"CHROMIUM TRIOXIDE, ANHYDROUS",5.1,6.1 8,Ⅱ,-,1 kg,E2,P002 IBC08,"B2,B4",T3,TP33
1465,硝酸钕错,DIDYMIUM NITRATE,5.1,-,Ⅲ,-,5 kg,E1,P002 IBC08 LP02,B3,T1,TP33
1466,硝酸铁,FERRIC NITRATE,5.1,-,Ⅲ,-,5 kg,E1,P002 IBC08 LP02,B3,T1,TP33
1467,硝酸胍,GUANIDINE NITRATE,5.1,-,Ⅲ,-,5 kg,E1,P002 IBC08 LP02,B3,T1,TP33
1469,硝酸铅,LEAD NITRATE,5.1,6.1,Ⅱ,-,1 kg,E2,P002 IBC08,"B2,B4",T3,TP33
1470,固态高氯酸铅,"LEAD PERCHLORATE, SOLID",5.1,6.1,Ⅱ,-,1 kg,E2,P002 IBC06,B2,T3,TP33
1471,次氯酸锂，干的或次氯酸 锂混合物,"LITHIUM HYPOCHLORITE, DRY or LITHIUM HYPOCHLORITE MIXTURE",5.1,-,Ⅱ,-,1 kg,E2,P002 IBC08,"B2,B4",-,-
1471,次氯酸锂，干的或次氯酸 锂混合物,"LITHIUM HYPOCHLORITE, DRY or LITHIUM HYPOCHLORITE MIXTURE",5.1,-,Ⅲ,223,5 kg,E1,P002 IBC08 LP02,B3,T1,TP33
1472,过氧化锂,LITHIUM PEROXIDE,5.1,-,Ⅱ,-,1 kg,E2,P002 IBC06,B2,T3,TP33
1473,溴酸镁,MAGNESIUM BROMATE,5.1,-,Ⅱ,-,1 kg,E2,P002 IBC08,"B2,B4",T3,TP33
1474,硝酸镁,MAGNESIUM NITRATE,5.1,-,Ⅲ,332,5 kg,E1,P002 IBC08 LP02,B3,T1 BK1 BK2 BK3,TP33
1475,高氯酸镁,MAGNESIUM PERCHLORATE,5.1,-,Ⅱ,-,1 kg,E2,P002 IBC06,B2,T3,TP33
1476,过氧化镁,MAGNESIUM PEROXIDE,5.1,-,Ⅱ,-,1 kg,E2,P002 IBC06,B2,T3,TP33
1477,无机硝酸盐，未另作规 定的,"NITRATES, INORGANIC, N. O. S.",5.1,-,Ⅱ,-,1 kg,E2,P002 IBC08,"B2,B4",T3,TP33
1477,无机硝酸盐，未另作规 定的,"NITRATES, INORGANIC, N. O. S.",5.1,-,Ⅲ,223,5 kg,E1,P002 IBC08 LP02,B3,T1,TP33
1479,氧化性固体，未另作规 定的,"OXIDIZING SOLID, N. O. S.",5.1,-,Ⅰ,274,0,E0,P503 IBC05,B1,-,-
1479,氧化性固体，未另作规 定的,"OXIDIZING SOLID, N. O. S.",5.1,-,Ⅱ,274,1 kg,E2,P002 IBC08,"B2,B4",T3,TP33
1479,氧化性固体，未另作规 定的,"OXIDIZING SOLID, N. O. S.",5.1,-,Ⅲ,223 274,5 kg,E1,P002 IBC08 LP02,B3,T1,TP33
1481,无机高氯酸盐，未另作规 定的,"PERCHLORATES, INORGANIC, N. O. S.",5.1,-,Ⅱ,-,1 kg,E2,P002 IBC06,B2,T3,TP33
1481,无机高氯酸盐，未另作规 定的,"PERCHLORATES, INORGANIC, N. O. S.",5.1,-,Ⅲ,223,5 kg,E1,P002 IBC08 LP02,B3,T1,FP33
1482,无机高锰酸盐，未另作规 定的,"PERMANGANATES, INORGANIC, N. O. S.",5.1,-,Ⅱ,206 274 353,1 kg,E2,P002 IBC06,B2,T3,TP33
1482,无机高锰酸盐，未另作规 定的,"PERMANGANATES, INORGANIC, N. O. S.",5.1,-,Ⅲ,206 223 274 353,5 kg,E1,P002 IBC08 LP02,B3,T1,TP33
1483,无机过氧化物，未另作规 定的,"PEROXIDES, INORGANIC, N. O. S.",5.1,-,Ⅱ,-,1 kg,E2,P002 IBC06,B2,T3,TP33
1483,无机过氧化物，未另作规 定的,"PEROXIDES, INORGANIC, N. O. S.",5.1,-,Ⅲ,223,5 kg,E1,P002 IBC08 LP02,B3,T1,TP33
1484,溴酸钾,POTASSIUM BROMATE,5.1,-,Ⅱ,-,1 kg,E2,P002 IBC08,"B2,B4",T3,TP33
1485,氯酸钾,POTASSIUM CHLORATE,5.1,-,Ⅱ,-,1 kg,E2,P002 IBC08,"B2,B4",T3,TP33
1486,硝酸钾,POTASSIUM NITRATE,5.1,-,Ⅲ,-,5 kg,E1,P002 IBC08 LP02,B3,T1 BK1 BK2 BK3,TP33
1487,硝酸钾和亚硝酸钠混合物,POTASSIUM NITRATE AND SODIUM NITRITE MIXTURE,5.1,-,Ⅱ,-,1 kg,E2,P002 IBC08,"B2,B4",T3,TP33
1488,亚硝酸钾,POTASSIUM NITRITE,5.1,-,Ⅱ,-,1 kg,E2,P002 IBC08,"B2,B4",T3,TP33
1489,高氯酸钾,POTASSIUM PERCHLORATE,5.1,-,Ⅱ,-,1 kg,E2,P002 IBC06,B2,T3,TP33
1490,高锰酸钾,POTASSIUM PERMANGANATE,5.1,-,Ⅱ,-,1 kg,E2,P002 IBC08,"B2,B4",T3,TP33
1491,过氧化钾,POTASSIUM PEROXIDE,5.1,-,Ⅰ,-,0,E0,P503 IBC06,B1,-,-
1492,过硫酸钾,POTASSIUM PERSULPHATE,5.1,-,Ⅲ,-,5 kg,E1,P002 IBC08 LP02,B3,T1,TP33
1493,硝酸银,SILVER NITRATE,5.1,-,Ⅱ,-,1 kg,E2,P002 IBC08,"B2,B4",T3,TP33
1494,溴酸钠,SODIUM BROMATE,5.1,-,Ⅱ,-,1 kg,E2,P002 IBC08,"B2,B4",T3,TP33
1495,氯酸钠,SODIUM CHLORATE,5.1,-,Ⅱ,-,1 kg,E2,P002 IBC08,"B2,B4",T3 BK1 BK2,TP33
1496,亚氯酸钠,SODIUM CHLORITE,5.1,-,Ⅱ,-,1 kg,E2,P002 IBC08,"B2,B4",T3,TP33
1498,硝酸钠,SODIUM NITRATE,5.1,-,Ⅲ,-,5 kg,E1,P002 IBC08 LP02,B3,T1 BK1 BK2 BK3,TP33
1499,硝酸钠和硝酸钾混合物,SODIUM NITRATE AND POTASSIUM NITRATE MIXTURE,5.1,-,Ⅲ,-,5 kg,E1,P002 IBC08 LP02,B3,T1 BK1 BK2 BK3,TP33
1500,亚硝酸钠,SODIUM NITRITE,5.1,6.1,Ⅲ,-,5 kg,E1,P002 IBC08,B3,T1,TP33
1502,高氯酸钠,SODIUM PERCHLORATE,5.1,-,Ⅱ,-,1 kg,E2,P002 IBC06,B2,T3,TP33
1503,高锰酸钠,SODIUM PERMANGANATE,5.1,-,Ⅱ,-,1 kg,E2,P002 IBC06,B2,T3,TP33
1504,过氧化钠,SODIUM PEROXIDE,5.1,-,Ⅰ,-,0,E0,P503 IBC05,B1,-,-
1505,过硫酸钠,SODIUM PERSULPHATE,5.1,-,Ⅲ,-,5 kg,E1,P002 IBC08 LP02,B3,T1,TP33
1506,氯酸锶,STRONTIUM CHLORATE,5.1,-,Ⅱ,-,1 kg,E2,P002 IBC08,"B2,B4",T3,TP33
1507,硝酸锶,STRONTIUM NITRATE,5.1,-,Ⅲ,-,5 kg,E1,P002 IBC08 LP02,B3,T1,TP33
1508,高氯酸锶,STRONTIUM PERCHLORATE,5.1,-,Ⅱ,=,1 kg,E2,P002 IBC06,B2,T3,TP33
1509,过氧化锶,STRONTIUM PEROXIDE,5.1,-,Ⅱ,-,1 kg,E2,P002 IBC06,B2,T3,TP33
1510,四硝基甲烷,TETRANITROMETHANE,6.1,5.1,Ⅰ,354,0,E0,P602,-,-,-
1511,过氧化氢脲,UREA HYDROGEN PEROXIDE,5.1,8,Ⅲ,-,5 kg,E1,P002 IBC08,B3,T1,TP33
1512,亚硝酸锌铵,ZINC AMMONIUM NITRITE,5.1,-,Ⅱ,-,1 kg,E2,P002 IBC08,"B2,B4",T3,TP33
1513,氯酸锌,ZINC CHLORATE,5.1,-,Ⅱ,-,1 kg,E2,P002 IBC08,"B2,B4",T3,TP33
1514,硝酸锌,ZINC NITRATE,5.1,-,Ⅱ,-,1 kg,E2,P002 IBC08,"B2,B4",T3,TP33
1515,高锰酸锌,ZINC PERMANGANATE,5.1,-,Ⅱ,-,1 kg,E2,P002 IBC06,B2,T3,TP33
1516,过氧化锌,ZINC PEROXIDE,5.1,-,Ⅱ,-,1 kg,E2,P002 IBC06,B2,T3,TP33
1517,苦氨酸锆，湿的，按质量含 水不低于20%,"ZIRCONIUM PICRAMATE, WETTED with not less than 20% water, by mass",4.1,-,Ⅰ,28,0,E0,P406,PP26,-,-
1541,丙酮合氰化氢，稳定的,"ACETONE CYANOHYDRIN, ST ABILIZED",6.1,-,Ⅰ,354,0,E0,P602,-,T20,TP2 TP13
1544,固态生物碱，未另作规定 的或固态生物碱盐类，未 另作规定的,"ALK ALOIDS, SOLID, N. O. S. or ALK ALOID SALTS, SOLID, N. O. S.",6.1,-,Ⅰ,43 274,0,E5,P002 IBC07,B1,T6,TP33
1544,固态生物碱，未另作规定 的或固态生物碱盐类，未 另作规定的,"ALK ALOIDS, SOLID, N. O. S. or ALK ALOID SALTS, SOLID, N. O. S.",6.1,-,Ⅱ,43 274,500 g,E4,P002 IBC08,"B2,B4",T3,TP33
1544,固态生物碱，未另作规定 的或固态生物碱盐类，未 另作规定的,"ALK ALOIDS, SOLID, N. O. S. or ALK ALOID SALTS, SOLID, N. O. S.",6.1,-,Ⅲ,43 223 274,5 kg,E1,P002 IBC08 LP02,B3,T1,TP33
1545,异硫氰酸烯丙酯，稳定的,"ALLYL ISOTHIOCYANATE, STABILIZED",6.1,3,Ⅱ,386,100 mL,E0,P001 IBC02,-,T7,TP2
1546,砷酸铵,AMMONIUM ARSENATE,6.1,-,Ⅱ,-,500 g,E4,P002 IBC08,"B2,B4",T3,TP33
1547,苯胺,ANILINE,6.1,-,Ⅱ,279,100 mL,E4,P001 IBC02,-,T7,TP2
1548,盐酸苯胺,ANILINE HYDROCHLORIDE,6.1,-,Ⅲ,-,5 kg,E1,P002 IBC08 LP02,B3,T1,TP33
1549,固态无机锑化合物，未另 作规定的,"ANTIMONY COMPOUND, INORGANIC, SOLID, N. O. S.",6.1,-,Ⅲ,45 274,5 kg,E1,P002 IBC08 LP02,B3,T1,TP33
1550,乳酸锑,ANTIMONY LACTATE,6.1,-,Ⅲ,-,5 kg,E1,P002 IBC08 LP02,B3,T1,TP33
1551,酒石酸氧锑钾,ANTIMONY POT ASSIUM TARTRATE,6.1,-,Ⅲ,-,5 kg,E1,P002 IBC08 LP02,B3,T1,TP33
1553,液态砷酸,"ARSENIC ACID, LIQUID",6.1,-,Ⅰ,-,0,E5,P001,-,T20,TP2 TP7 TP13
1554,固态砷酸,"ARSENIC ACID, SOLID",6.1,-,Ⅱ,-,500 g,E4,P002 IBC08,"B2,B4",T3,TP33
1555,溴化砷,ARSENIC BROMIDE,6.1,-,Ⅱ,-,500 g,E4,P002 IBC08,"B2,B4",T3,TP33
1556,液态砷化合物，未另作规 定的，无机物，包括： 砷酸盐，未另作规定的； 亚砷酸盐，未另作规定的； 硫化砷，未另作规定的,"ARSENIC COMPOUND, LIQUID, N. O. S., inorganic, including: Arsenates, n. o. s.; Arsenites, n. o. s.; and Arsenic sulphides, n. o. s.",6.1,-,Ⅰ,43 274,0,E5,P001,-,T14,TP2 TP13 TP27
1556,液态砷化合物，未另作规 定的，无机物，包括： 砷酸盐，未另作规定的； 亚砷酸盐，未另作规定的； 硫化砷，未另作规定的,"ARSENIC COMPOUND, LIQUID, N. O. S., inorganic, including: Arsenates, n. o. s.; Arsenites, n. o. s.; and Arsenic sulphides, n. o. s.",6.1,-,Ⅱ,43 274,100 mL,E4,P001 IBC02,-,T11,TP2 TP13 TP27
1556,液态砷化合物，未另作规 定的，无机物，包括： 砷酸盐，未另作规定的； 亚砷酸盐，未另作规定的； 硫化砷，未另作规定的,"ARSENIC COMPOUND, LIQUID, N. O. S., inorganic, including: Arsenates, n. o. s.; Arsenites, n. o. s.; and Arsenic sulphides, n. o. s.",6.1,-,Ⅲ,43 223 274,5 L,E1,P001 IBC03 LP01,-,T7,TP2 TP28
1557,固态砷化合物，未另作规 定的，无机物，包括： 砷酸盐，未另作规定的； 亚砷酸盐，未另作规定的； 硫化砷，未另作规定的,"ARSENIC COMPOUND, SOLID, N. O. S., inorganic, including: Arsenates, n. o. s.; Arsenites, n. o. s.; and Arsenic sulphides, n. o. s.",6.1,-,Ⅰ,43 274,0,E5,P002 IBC07,B1,T6,TP33
1557,固态砷化合物，未另作规 定的，无机物，包括： 砷酸盐，未另作规定的； 亚砷酸盐，未另作规定的； 硫化砷，未另作规定的,"ARSENIC COMPOUND, SOLID, N. O. S., inorganic, including: Arsenates, n. o. s.; Arsenites, n. o. s.; and Arsenic sulphides, n. o. s.",6.1,-,Ⅱ,43 274,500 g,E4,P002 IBC08,"B2,B4",T3,TP33
1557,固态砷化合物，未另作规 定的，无机物，包括： 砷酸盐，未另作规定的； 亚砷酸盐，未另作规定的； 硫化砷，未另作规定的,"ARSENIC COMPOUND, SOLID, N. O. S., inorganic, including: Arsenates, n. o. s.; Arsenites, n. o. s.; and Arsenic sulphides, n. o. s.",6.1,-,Ⅲ,43 223 274,5 kg,E1,P002 IBC08 LP02,B3,T1,TP33
1558,砷,ARSENIC,6.1,-,Ⅱ,-,500 g,E4,P002 IBC08,"B2,B4",T3,TP33
1559,五氧化二砷,ARSENIC PENTOXIDE,6.1,-,Ⅱ,-,500 g,E4,P002 IBC08,"B2,B4",T3,TP33
1560,三氯化砷,ARSENIC TRICHLORIDE,6.1,-,Ⅰ,-,0,E0,P602,-,T14,TP2 TP13
1561,三氧化二砷,ARSENIC TRIOXIDE,6.1,-,Ⅱ,-,500 g,E4,P002 IBC08,"B2,B4",T3,TP33
1562,砷粉尘,ARSENICAL DUST,6.1,-,Ⅱ,-,500 g,E4,P002 IBC08,"B2,B4",T3,TP33
1564,钡化合物，未另作规定的,"BARIUM COMPOUND, N. O. S.",6.1,-,Ⅱ,177 274,500 g,E4,P002 IBC08,"B2,B4",T3,TP33
1564,钡化合物，未另作规定的,"BARIUM COMPOUND, N. O. S.",6.1,-,Ⅲ,177 223 274,5 kg,E1,P002 IBC08 LP02,B3,T1,TP33
1565,氰化钡,BARIUM CYANIDE,6.1,-,Ⅰ,-,0,E5,P002 IBC07,B1,T6,TP33
1566,铍化合物，未另作规定的,"BERYLLIUM COMPOUND, N. O. S.",6.1,-,Ⅱ,274,500 g,E4,P002 IBC08,"B2,B4",T3,TP33
1566,铍化合物，未另作规定的,"BERYLLIUM COMPOUND, N. O. S.",6.1,-,Ⅲ,223 274,5 kg,E1,P002 IBC08 LP02,B3,T1,TP33
1567,铍粉,BERYLLIUM POWDER,6.1,4.1,Ⅱ,-,500 g,E4,P002 IBC08,"B2,B4",T3,TP33
1569,溴丙酮,BROMOACETONE,6.1,3,Ⅱ,-,0,E0,P602,-,T20,TP2 TP13
1570,二甲马钱子碱(番木鳖碱),BRUCINE,6.1,-,Ⅰ,43,0,E5,P002 IBC07,B1,T6,TP33
1571,叠氮化钡，湿的，按质量含 水不低于50%,"BARIUM AZIDE, WETTED with not less than 50% water, by mass",4.1,6.1,Ⅰ,28,0,E0,P406,-,-,-
1572,卡可基酸(二甲次砷酸),CACODYLIC ACID,6.1,-,Ⅱ,-,500 g,E4,P002 IBC08,"B2,B4",T3,TP33
1573,砷酸钙,CALCIUM ARSENATE,6.1,-,Ⅱ,-,500 g,E4,P002 IBC08,"B2,B4",T3,TP33
1574,固态砷酸钙和亚砷酸钙混 合物,"CALCIUM ARSENATE AND CALCIUM ARSENITE MIXTURE, SOLID",6.1,-,Ⅱ,-,500 g,E4,P002 IBC08,"B2,B4",T3,TP33
1575,氰化钙,CALCIUM CYANIDE,6.1,-,Ⅰ,-,0,E5,P002 IBC07,B1,T6,TP33
1577,液态二硝基氯苯,"CHLORODINITROBENZENES, LIQUID",6.1,-,Ⅱ,279,100 mL,E4,P001 IBC02,-,T7,TP2
1578,固态硝基氯苯,"CHLORONITROBENZENES, SOLID",6.1,-,Ⅱ,279,500 g,E4,P002 IBC08,"B2,B4",T3,TP33
1579,固态对氯邻甲苯铵盐酸盐,"4-CHLORO-o-TOLUIDINE HYDROCHLORIDE, SOLID",6.1,-,Ⅲ,-,5 kg,E1,P002 IBC08 LP02,B3,T1,TP33
1580,三氯硝基甲烷(氯化苦),CHLOROPICRIN,6.1,-,Ⅰ,354,0,E0,P601,-,T22,TP2 TP13
1581,三氯硝基甲烷和甲基溴混 合物，含三氯硝基甲烷高 于2%,CHLOROPICRIN AND METHYL BROMIDE MIXTURE with more than 2% chloropicrin,2.3,-,-,-,0,E0,P200,-,T50,-
1582,三氯硝基甲烷和甲基氯混 合物,CHLOROPICRIN AND METHYL CHLORIDE MIXTURE,2.3,-,-,-,0,E0,P200,-,T50,-
1583,三氯硝基甲烷混合物，未 另作规定的,"CHLOROPICRIN MIXTURE, N. O. S.",6.1,-,Ⅰ,315 274,0,E0,P602,-,-,-
1583,三氯硝基甲烷混合物，未 另作规定的,"CHLOROPICRIN MIXTURE, N. O. S.",6.1,-,Ⅱ,274,100 mL,E0,P001 IBC02,-,-,-
1583,三氯硝基甲烷混合物，未 另作规定的,"CHLOROPICRIN MIXTURE, N. O. S.",6.1,-,Ⅲ,223 274,5 L,E0,P001 IBC03 LP01,-,-,-
1585,乙酰亚砷酸铜,COPPER ACETOARSENITE,6.1,-,Ⅱ,-,500 g,E4,P002 IBC08,"B2,B4",T3,TP33
1586,亚砷酸铜,COPPER ARSENITE,6.1,-,Ⅱ,-,500 g,E4,P002 IBC08,"B2,B4",T3,TP33
1587,氰化铜,COPPER CYANIDE,6.1,-,Ⅱ,-,500 g,E4,P002 IBC08,"B2,B4",T3,TP33
1588,固态无机氰化物，未另作 规定的,"CYANIDES, INORGANIC, SOLID, N. O. S.",6.1,-,Ⅰ,47 274,0,E5,P002 IBC07,B1,T6,TP33
1588,固态无机氰化物，未另作 规定的,"CYANIDES, INORGANIC, SOLID, N. O. S.",6.1,-,Ⅱ,47 274,500 g,E4,P002 IBC08,"B2,B4",T3,TP33
1588,固态无机氰化物，未另作 规定的,"CYANIDES, INORGANIC, SOLID, N. O. S.",6.1,-,Ⅲ,47 223 274,5 kg,E1,P002 IBC08 LP02,B3,T1,TP33
1589,氯化氰，稳定的,"CYANOGEN CHLORIDE, STABILIZED",2.3,8,-,386,0,E0,P200,-,-,-
1590,液态二氯苯胺,"DICHLOROANILINES, LIQUID",6.1,-,Ⅱ,279,100 mL,E4,P001 IBC02,-,T7,TP2
1591,邻二氯苯,o-DICHLOROBENZENE,6.1,-,Ⅲ,279,5 L,E1,P001 IBC03 LP01,-,T4,TP1
1593,二氯甲烷,DICHLOROMETHANE,6.1,-,Ⅲ,-,5 L,E1,P001 IBC03 LP01,B8,T7,TP2
1594,硫酸二乙酯,DIETHYL SULPHATE,6.1,-,Ⅱ,-,100 mL,E4,P001 IBC02,-,T7,TP2
1595,硫酸二甲酯,DIMETHYL SULPHATE,6.1,8,Ⅰ,354,0,E0,P602,-,T20,TP2 TP13
1596,二硝基苯胺,DINITROANILINES,6.1,-,Ⅱ,-,500 g,E4,P002 IBC08,"B2,B4",T3,TP33
1597,液态二硝基苯,"DINITROBENZENES, LIQUID",6.1,-,Ⅱ,-,100 mL,E4,P001 IBC02,-,T7,TP2
1597,液态二硝基苯,"DINITROBENZENES, LIQUID",6.1,-,Ⅲ,223,5 L,E1,P001 IBC03 LP01,-,T7,TP2
1598,二硝基邻甲酚,DINITRO-o-CRESOL,6.1,-,Ⅱ,43,500 g,E4,P002 IBC08,"B2,B4",T3,TP33
1599,二硝基苯酚溶液,DINITROPHENOL SOLUTION,6.1,-,Ⅱ,-,100 mL,E4,P001 IBC02,-,T7,TP2
1599,二硝基苯酚溶液,DINITROPHENOL SOLUTION,6.1,-,Ⅲ,223,5 L,E1,P001 IBC03 LP01,-,T4,TP1
1600,熔融二硝基甲苯,"DINITROTOLUENES, MOLTEN",6.1,-,Ⅱ,-,0,E0,无,-,T7,TP3
1601,固态消毒剂，毒性，未另作 规定的,"DISINFECTANT, SOLID, TOXIC, N. O. S.",6.1,-,Ⅰ,274,0,E5,P002 IBC07,B1,T6,TP33
1601,固态消毒剂，毒性，未另作 规定的,"DISINFECTANT, SOLID, TOXIC, N. O. S.",6.1,-,Ⅱ,274,500 g,E4,P002 IBC08,"B2,B4",T3,TP33
1601,固态消毒剂，毒性，未另作 规定的,"DISINFECTANT, SOLID, TOXIC, N. O. S.",6.1,-,Ⅲ,274,5 kg,E1,P002 IBC08 LP02,B3,T1,TP33
1602,液态染料，毒性，未另作规 定的或液态染料中间体， 毒性，未另作规定的,"DYE, LIQUID, TOXIC, N. O. S. or DYE INTERMEDIATE, LIQUID, TOXIC, N. O. S.",6.1,-,Ⅰ,274,0,E5,P001,-,-,-
1602,液态染料，毒性，未另作规 定的或液态染料中间体， 毒性，未另作规定的,"DYE, LIQUID, TOXIC, N. O. S. or DYE INTERMEDIATE, LIQUID, TOXIC, N. O. S.",6.1,-,Ⅱ,274,100 mL,E4,P001 BC02,-,-,-
1602,液态染料，毒性，未另作规 定的或液态染料中间体， 毒性，未另作规定的,"DYE, LIQUID, TOXIC, N. O. S. or DYE INTERMEDIATE, LIQUID, TOXIC, N. O. S.",6.1,-,Ⅲ,223 274,5 L,E1,P001 IBC03 LP01,-,-,-
1603,溴乙酸乙酯,ETHYL BROMOACETATE,6.1,3,Ⅱ,-,100 mL,E0,P001 IBC02,-,T7,TP2
1604,1，2-乙二胺(乙撑二胺),ETHYLENEDIAMINE,8,3,Ⅱ,-,1 L,E2,P001 IBC02,-,T7,TP2
1605,二溴化乙烯(乙撑二溴),ETHYLENE DIBROMIDE,6.1,-,Ⅰ,354,0,E0,P602,-,T20,TP2 TP13
1606,砷酸铁,FERRIC ARSENATE,6.1,-,Ⅱ,-,500 g,E4,P002 IBC08,"B2,B4",T3,TP33
1607,亚砷酸铁,FERRIC ARSENITE,6.1,-,Ⅱ,-,500 g,E4,P002 IBC08,"B2,B4",T3,TP33
1608,砷酸亚铁,FERROUS ARSENATE,6.1,-,Ⅱ,-,500 g,E4,P002 IBC08,"B2,B4",T3,TP33
1611,四磷酸六乙酯,HEXAETHYL TETRAPHOSPHATE,6.1,-,Ⅱ,-,100 mL,E4,P001 IBC02,-,T7,TP2
1612,四磷酸六乙酯和压缩气体 混合物,HEXAETHYL TETRAPHOSPHATE AND COMPRESSED GAS MIXTURE,2.3,-,-,-,0,E0,P200,-,-,-
1613,氢氰酸水溶液(氰化氢水 溶液)，含氰化氢不超 过20%,"HYDROCYANIC ACID, AQUEOUS SOLUTION (HYDROGEN CYANIDE, AQUEOUS SOLUTION) with not more than 20% hydrogen cyanide",6.1,-,Ⅰ,48,0,E0,P601,-,T14,TP2 TP13
1614,氰化氢，稳定的，含水低于 3%，被多孔惰性材料吸收,"HYDROGEN CYANIDE, STABILIZED, containing less than 3% water and absorbed in a porous inert material",6.1,-,Ⅰ,386,0,E0,P099,-,-,-
1616,醋酸铅(乙酸铅),LEAD ACETATE,6.1,-,Ⅲ,-,5 kg,E1,P002 IBC08 LP02,B3,T1,TP33
1617,砷酸铅,LEAD ARSENATES,6.1,-,Ⅱ,-,500 g,E4,P002 IBC08,"B2,B4",T3,TP33
1618,亚砷酸铅,LEAD ARSENITES,6.1,-,Ⅱ,-,500 g,E4,P002 IBC08,"B2,B4",T3,TP33
1620,氰化铅,LEAD CYANIDE,6.1,-,Ⅱ,-,500 g,E4,P002 IBC08,"B2,B4",T3,TP33
1621,伦敦紫,LONDON PURPLE,6.1,-,Ⅱ,43,500 g,E4,P002 IBC08,"B2,B4",T3,TP33
1622,砷酸镁,MAGNESIUM ARSENATE,6.1,-,Ⅱ,-,500 g,E4,P002 IBC08,"B2,B4",T3,TP33
1623,砷酸汞,MERCURIC ARSENATE,6.1,-,Ⅱ,-,500 g,E4,P002 IBC08,"B2,B4",T3,TP33
1624,氯化汞,MERCURIC CHLORIDE,6.1,-,Ⅱ,-,500 g,E4,P002 IBC08,"B2,B4",T3,TP33
1625,硝酸汞,MERCURIC NITRATE,6.1,-,Ⅱ,-,500 g,E4,P002 IBC08,"B2,B4",T3,TP33
1626,氰化汞钾,MERCURIC POTASSIUM CYANIDE,6.1,-,Ⅰ,-,0,E5,P002 IBC07,B1,T6,TP33
1627,硝酸亚汞,MERCUROUS NITRATE,6.1,-,Ⅱ,-,500 g,E4,P002 IBC08,"B2,B4",T3,TP33
1629,乙酸汞(醋酸汞),MERCURY ACETATE,6.1,-,Ⅱ,-,500 g,E4,P002 IBC08,"B2,B4",T3,TP33
1630,氯化汞铵,MERCURY AMMONIUM CHLORIDE,6.1,-,Ⅱ,-,500 g,E4,P002 IBC08,"B2,B4",T3,TP33
1631,苯甲酸汞,MERCURY BENZOATE,6.1,-,Ⅱ,-,500 g,E4,P002 IBC08,"B2,B4",T3,TP33
1634,溴化汞,MERCURY BROMIDES,6.1,-,Ⅱ,-,500 g,E4,P002 IBC08,"B2,B4",T3,TP33
1636,氰化汞,MERCURY CYANIDE,6.1,-,Ⅱ,-,500 g,E4,P002 IBC08,"B2,B4",T3,TP33
1637,葡萄糖酸汞,MERCURY GLUCONATE,6.1,-,Ⅱ,-,500 g,E4,P002 IBC08,"B2,B4",T3,TP33
1638,碘化汞,MERCURY IODIDE,6.1,-,Ⅱ,-,500 g,E4,P002 IBC08,"B2,B4",T3,TP33
1639,核酸汞,MERCURY NUCLEATE,6.1,-,Ⅱ,-,500 g,E4,P002 IBC08,"B2,B4",T3,TP33
1640,油酸汞,MERCURY OLEATE,6.1,-,Ⅱ,-,500 g,E4,P002 IBC08,"B2,B4",T3,TP33
1641,氧化汞,MERCURY OXIDE,6.1,-,Ⅱ,-,500 g,E4,P002 IBC08,"B2,B4",T3,TP33
1642,氰氧化汞，减敏的,"MERCURY OXYCYANIDE, DESENSITIZED",6.1,-,Ⅱ,-,500 g,E4,P002 IBC08,"B2,B4",T3,TP33
1643,碘化汞钾,MERCURY POTASSIUM IODIDE,6.1,-,Ⅱ,-,500 g,E4,P002 IBC08,"B2,B4",T3,CP33
1644,水杨酸汞,MERCURY SALICYLATE,6.1,-,Ⅱ,-,500 g,E4,P002 IBC08,"B2,B4",T3,TP33
1645,硫酸汞,MERCURY SULPHATE,6.1,-,Ⅱ,-,500 g,E4,P002 IBC08,"B2,B4",T3,TP33
1646,硫氰酸汞,MERCURY THIOCYANATE,6.1,-,Ⅱ,-,500 g,E4,P002 IBC08,"B2,B4",T3,TP33
1647,液态甲基溴和二溴化乙烯 混合物,"METHYL BROMIDE AND ETHYLENE DIBROMIDE MIXTURE, LIQUID",6.1,-,Ⅰ,354,0,E0,P602,-,T20,TP2 TP13
1648,乙腈,ACETONITRILE,3,-,Ⅱ,-,1 L,E2,P001 IBC02,-,T7,TP2
1649,发动机燃料抗爆剂混合物,MOTOR FUEL ANTI-KNOCK MIXTURE,6.1,-,Ⅰ,-,0,E0,P602,-,T14,TP2 TP13
1650,固态β-萘胺,"beta-NAPHTHYLAMINE, SOLID",6.1,-,Ⅱ,-,500 g,E4,P002 IBC08,"B2,B4",T3,TP33
1651,萘硫脲,NAPHTHYLTHIOUREA,6.1,-,Ⅱ,43,500 g,E4,P002 IBC08,"B2,B4",T3,TP33
1652,萘脲,NAPHTHYLUREA,6.1,-,Ⅱ,-,500 g,E4,P002 IBC08,"B2,B4",T3,TP33
1653,氰化镍,NICKEL CYANIDE,6.1,-,Ⅱ,-,500 g,E4,P002 IBC08,"B2,B4",T3,TP33
1654,烟碱,NICOTINE,6.1,-,Ⅱ,-,100 mL,E4,P001 IBC02,-,-,-
1655,固态烟碱化合物，未另作 规定的或固态烟碱制剂， 未另作规定的,"NICOTINE COMPOUND, SOLID, N. O. S. or NICOTINE PREPARATION, SOLID, N. O. S.",6.1,-,Ⅰ,43 274,0,E5,P002 IBC07,B1,T6,TP33
1655,固态烟碱化合物，未另作 规定的或固态烟碱制剂， 未另作规定的,"NICOTINE COMPOUND, SOLID, N. O. S. or NICOTINE PREPARATION, SOLID, N. O. S.",6.1,-,Ⅱ,43 274,500 g,E4,P002 IBC08,"B2,B4",T3,TP33
1655,固态烟碱化合物，未另作 规定的或固态烟碱制剂， 未另作规定的,"NICOTINE COMPOUND, SOLID, N. O. S. or NICOTINE PREPARATION, SOLID, N. O. S.",6.1,-,Ⅲ,43 223 274,5 kg,E1,P002 IBC08 LP02,B3,T1,TP33
1656,液态烟碱盐酸盐或液态烟 碱盐酸盐溶液,"NICOTINE HYDROCHLORIDE, LIQUID or SOLUTION",6.1,-,Ⅱ,43,100 mL,E4,P001 IBC02,-,T1,-
1656,液态烟碱盐酸盐或液态烟 碱盐酸盐溶液,"NICOTINE HYDROCHLORIDE, LIQUID or SOLUTION",6.1,-,Ⅲ,43 223,5 L,E1,P001 IBC03 LP01,-,-,-
1657,水杨酸烟碱,NICOTINE SALICYLATE,6.1,-,Ⅱ,-,500 g,E4,P002 IBC08,"B2,B4",T3,TP33
1658,硫酸烟碱溶液,NICOTINE SULPHATE SOLUTION,6.1,-,Ⅱ,-,100 mL,E4,P001 IBC02,-,T7,TP2
1658,硫酸烟碱溶液,NICOTINE SULPHATE SOLUTION,6.1,-,Ⅲ,223,5 L,E1,P001 IBC03 LP01,-,T7,TP2
1659,酒石酸烟碱,NICOTINE TARTRATE,6.1,-,Ⅱ,-,500 g,E4,P002 IBC08,"B2,B4",T3,TP33
1660,压缩一氧化氮,"NITRIC OXIDE, COMPRESSED",2.3,5.1 8,-,-,0,E0,P200,-,-,-
1661,硝基苯胺(邻、间、对),"NITROANILINES(o-, m-, p-)",6.1,-,Ⅱ,279,500 g,E4,P002 IBC08,"B2,B4",T3,TP33
1662,硝基苯,NITROBENZENE,6.1,-,Ⅱ,279,100 mL,E4,P001 IBC02,-,T7,TP2
1663,硝基苯酚(邻、间、对),"NITROPHENOLS(o-, m-, p-)",6.1,-,Ⅲ,279,5 kg,E1,P002 IBC08 LP02,B3,T1,TP33
1664,液态硝基甲苯,"NITROTOLUENES, LIQUID",6.1,-,Ⅱ,-,100 mL,E4,P001 IBC02,B3,T7,TP2
1665,液态硝基二甲苯,"NITROXYLENES, LIQUID",6.1,-,Ⅱ,-,100 mL,E4,P001 IBC02,-,T7,TP2
1669,五氯乙烷,PENTACHLOROETHANE,6.1,-,Ⅱ,-,100 mL,E4,P001 IBC02,-,T7,TP2
1670,全氯甲硫醇,PERCHLOROMETHYL MERCAPTAN,6.1,-,Ⅰ,354,0,E0,P602,-,120,TP2 TP13
1671,固态苯酚,"PHENOL, SOLID",6.1,-,Ⅱ,279,500 g,E4,P002 IBC08,"B2,B4",T3,TP33
1672,二氯化苯,PHENYLCARBYLAMINE CHLORIDE,6.1,-,Ⅰ,-,0,E0,P602,-,T14,TP2 TP13
1673,苯二胺(邻、间、对),"PHENYLENEDIAMINES(o-, m-, p-)",6.1,-,Ⅲ,279,5 kg,E1,P002 IBC08 LP02,B3,T1,TP33
1674,乙酸苯汞,PHENYLMERCURIC ACETATE,6.1,-,Ⅱ,43,500 g,E4,P002 IBC08,"B2,B4",T3,TP33
1677,砷酸钾,POTASSIUM ARSENATE,6.1,-,Ⅱ,-,500 g,E4,P002 IBC08,"B2,B4",T3,TP33
1678,亚砷酸钾,POTASSIUM ARSENITE,6.1,-,Ⅱ,-,500 g,E4,P002 IBC08,"B2,B4",T3,TP33
1679,氰亚铜酸钾,POTASSIUM CUPROCYANIDE,6.1,-,Ⅱ,-,500 g,E4,P002 IBC08,"B2,B4",T3,TP33
1680,固态氰化钾,"POTASSIUM CYANIDE, SOLID",6.1,-,Ⅰ,-,0,E5,P002 IBC07,B1,T6,TP33
1683,亚砷酸银,SILVER ARSENITE,6.1,-,Ⅱ,-,500 g,E4,P002 IBC08,"B2,B4",T3,TP33
1684,氰化银,SILVER CYANIDE,6.1,-,Ⅱ,-,500 g,E4,P002 IBC08,"B2,B4",T3,TP33
1685,砷酸钠,SODIUM ARSENATE,6.1,-,Ⅱ,-,500 g,E4,P002 IBC08,"B2,B4",T3,TP33
1686,亚砷酸钠水溶液,"SODIUM ARSENITE, AQUEOUS SOLUTION",6.1,-,Ⅱ,43,100 mL,E4,P001 IBC02,-,T7,TP2
1686,亚砷酸钠水溶液,"SODIUM ARSENITE, AQUEOUS SOLUTION",6.1,-,Ⅲ,43 223,5 L,E1,P001 IBC03 LP01,-,T4,TP2
1687,叠氮化钠,SODIUM AZIDE,6.1,-,Ⅱ,-,500 g,E4,P002 IBC08,"B2,B4",-,-
1688,卡可酸钠(二甲胂酸钠),SODIUM CACODYLATE,6.1,-,Ⅱ,-,500 g,E4,P002 IBC08,"B2,B4",T3,TP33
1689,固态氰化钠,"SODIUM CYANIDE, SOLID",6.1,-,Ⅰ,-,0,E5,P002 IBC07,B1,T6,TP33
1690,固态氟化钠,"SODIUM FLUORIDE, SOLID",6.1,-,Ⅲ,-,5 kg,E1,P002 IBC08 LP02,B3,T1,TP33
1691,亚砷酸锶,STRONTIUM ARSENITE,6.1,-,Ⅱ,-,500 g,E4,P002 IBC08,"B2,B4",T3,TP33
1692,马钱子碱或马钱子碱盐,STRYCHNINE or STRYCHNINE SALTS,6.1,-,Ⅰ,-,0,E5,P002 IBC07,B1,T6,TP33
1693,液态催泪性毒气物质，未 另作规定的,"TEAR GAS SUBSTANCE, LIQUID, N. O. S.",6.1,-,Ⅰ,274,0,E0,P001,-,-,-
1693,液态催泪性毒气物质，未 另作规定的,"TEAR GAS SUBSTANCE, LIQUID, N. O. S.",6.1,-,Ⅱ,274,0,E0,P001 IBC02,-,-,-
1694,液态溴苄基氰,"BROMOBENZYL CYANIDES, LIQUID",6.1,-,Ⅰ,138,0,E0,P001,-,T14,TP2 TP13
1695,氯丙酮，稳定的,"CHLOROACETONE, STABILIZED",6.1,38,Ⅰ,354,0,E0,P602,-,T20,TP2 TP13
1697,固态氯乙酰苯,"CHLOROACETOPHENONE, SOLID",6.1,-,Ⅱ,-,0,E0,P002 IBC08,"B2,B4",T3,TP33
1698,二苯胺氯胂,DIPHENYLAMINE CHLOROARSINE,6.1,-,Ⅰ,-,0,E0,P002,-,T6,TP33
1699,液态二苯氯胂,"DIPHENYLCHLOROARSINE, LIQUID",6.1,-,Ⅰ,-,0,E0,P001,-,-,-
1700,催泪性毒气筒,TEAR GAS CANDLES,6.1,4.1,Ⅱ,-,0,E0,P600,-,-,-
1701,液态甲苄基溴(二甲苯基 溴),"XYLYL BROMIDE, LIQUID",6.1,-,Ⅱ,-,0,E0,P001 IBC02,-,T7,TP2 TP13
1702,"1.1,2,2-四氯乙烷","1,1,2,2-TETRACHLOROETHANE",6.1,-,Ⅱ,-,100 mL,E4,P001 IBC02,-,T7,TP2
1704,二硫代焦磷酸四乙酯,TETRAETHYL DITHIOPYROPHOSPHATE,6.1,-,Ⅱ,43,100 mL,E4,P001 IBC02,-,T7,TP2
1707,铊化合物，未另作规定的,"THALLIUM COMPOUND, N. O. S.",6.1,-,Ⅱ,43 274,500 g,E4,P002 IBC08,"B2,B4",T3,TP33
1708,液态甲苯胺,"TOLUIDINES, LIQUID",6.1,-,Ⅱ,279,100 mL,E4,P001 IBC02,-,T7,TP2
1709,固态2，4-甲苯二胺,"2,4-TOLUYLENEDIAMINE,SOLID",6.1,-,Ⅲ,-,5 kg,E1,P002 IBC08 LP02,B3,T1,TP33
1710,三氯乙烯,TRICHLOROETHYLENE,6.1,-,Ⅲ,-,5 L,E1,P001 IBC03 LP01,-,T4,TP1
1711,液态二甲基苯胺,"XYLIDINES, LIQUID",6.1,-,Ⅱ,-,100 mL,E4,P001 IBC02,-,T7,TP2
1712,砷酸锌、亚砷酸锌或砷酸 锌和亚砷酸锌混合物,"ZINC ARSENATE, ZINC ARSENITE or ZINC ARSENATE AND ZINC ARSENITE MIXTURE",6.1,-,Ⅱ,-,500 g,E4,P002 IBC08,"B2,B4",T3,TP33
1713,氰化锌,ZINC CYANIDE,6.1,-,Ⅰ,-,0,E5,P002 IBC07,B1,T6,TP33
1714,磷化锌,ZINC PHOSPHIDE,4.3,6.1,Ⅰ,-,0,E0,P403,-,-,-
1715,乙酸酐,ACETIC ANH YDRIDE,8,3,Ⅱ,-,1 L,E2,P001 IBC02,-,T7,TP2
1716,乙酰溴,ACETYL BROMIDE,8,-,Ⅱ,-,1 L,E2,P001 IBC02,-,T8,TP2
1717,乙酰氯,ACETYL CHLORIDE,3,8,Ⅱ,-,1 L,E2,P001 IBC02,-,T8,TP2
1718,酸式磷酸丁酯,BUTYL ACID PHOSPHATE,8,-,Ⅲ,-,5 L,E1,P001 IBC03 LP01,-,T4,TP1
1719,苛性碱液体，未另作规 定的,"CAUSTIC ALK ALI LIQUID, N. O. S.",8,-,Ⅱ,274,1 L,E2,P001 IBC02,-,T11,TP2 TP27
1719,苛性碱液体，未另作规 定的,"CAUSTIC ALK ALI LIQUID, N. O. S.",8,-,Ⅲ,223 274,5 L,E1,P001 IBC03,-,T7,TP1 TP28
1722,氯甲酸烯丙酯,ALLYL CHLOROFORMATE,6.1,3 8,Ⅰ,-,0,E0,P001,-,T14,TP2 TP13
1723,烯丙基碘,ALLYL IODIDE,3,8,Ⅱ,-,1 L,E2,P001 IBC02,-,T7,TP2 TP13
1724,烯丙基三氯硅烷，稳定的,"ALLYLTRICHLOROSILANE, STABILIZED",8,3,Ⅱ,386,0,E0,P010,-,T10,TP2 TP7 TP13
1725,无水溴化铝,"ALUMINIUM BROMIDE, ANHYDROUS",8,-,Ⅱ,-,1 kg,E2,P002 IBC08,"B2,B4",T3,TP33
1726,无水氯化铝,"ALUMINIUM CHLORIDE, ANHYDROUS",8,-,Ⅱ,-,1 kg,E2,P002 IBC08,"B2,B4",T3,TP33
1727,固态二氟化氢铵,"AMMONIUM HYDROGENDIFLUORIDE, SOLID",8,-,Ⅱ,-,1 kg,E2,P002 IBC08,"B2,B4",T3,TP33
1728,戊基三氯硅烷,AMYLTRICHLOROSILANE,8,—,Ⅱ,—,0,E0,P010,—,T10,TP2 TP7 TP13
1729,茴香酰氯,ANISOYL CHLORIDE,8,—,Ⅱ,—,1 kg,E2,P002 IBC08,"B2,B4",T3,TP33
1730,液态五氯化锑,"ANTIMONY PENTACHLORIDE, LIQUID",8,—,Ⅱ,—,1 L,E2,P001 IBC02,—,T7,TP2
1731,五氯化锑溶液,ANTIMONY PENTACHLORIDE SOLUTION,8,—,Ⅱ,—,1 L,E2,P001 IBC02,—,T7,TP2
1731,五氯化锑溶液,ANTIMONY PENTACHLORIDE SOLUTION,8,—,Ⅲ,223,5 L,E1,P001 IBC03 LP01,—,T4,TP1
1732,五氟化锑,ANTIMONY PENTAFLUORIDE,8,6.1,Ⅱ,—,1 L,E0,P001 IBC02,—,T7,TP2
1733,三氯化锑,ANTIMONY TRICHLORIDE,8,—,Ⅱ,—,1 kg,E2,P002 IBC08,"B2,B4",T3,TP33
1736,苯酰氯,BENZOYL CHLORIDE,8,—,Ⅱ,—,1 L,E2,P001 IBC02,—,T8,TP2 TP13
1737,苄基溴,BENZYL BROMIDE,6.1,8,Ⅱ,-,0,E4,P001 IBC02,-,T8,TP2 TP13
1738,苄基氯,BENZYL CHLORIDE,6.1,8,Ⅱ,-,0,E4,P001 IBC02,-,T8,TP2 TP13
1739,氯甲酸苄酯,BENZYL CHLOROFORMATE,8,-,Ⅰ,-,0,E0,P001,-,T10,TP2 TP13
1740,固态二氟氢化物，未另作 规定的,"HYDROGENDIFLUORIDES, N. O. S.",8,-,Ⅱ,-,1 kg,E2,P002 IBC08,"B2,B4",T3,TP33
1740,固态二氟氢化物，未另作 规定的,"HYDROGENDIFLUORIDES, N. O. S.",8,-,Ⅲ,223,5 kg,E1,P002 IBC08 LP02,B3,T1,TP33
1741,三氯化硼,BORON TRICHLORIDE,2.3,8,-,-,0,E0,P200,-,-,-
1742,液态三氟化硼合乙酸,"BORON TRIFLUORIDE ACETIC ACID COMPLEX, LIQUID",8,-,Ⅱ,-,1 L,E2,P001 IBC02,-,T8,TP2
1743,液态三氟化硼合丙酸,"BORON TRIFLUORIDE PROPIONIC ACID COMPLEX,LIQUID",8,-,Ⅱ,-,1 L,E2,P001 IBC02,-,T8,TP2
1744,溴或溴溶液,BROMINE or BROMINE SOLUTION,8,6.1,Ⅰ,-,0,E0,P804,-,T22,TP2 TP10 TP13
1745,五氟化溴,BROMINE PENTAFLUORIDE,5.1,6.1 8,Ⅰ,-,0,E0,P200,-,T22,TP2 TP13
1746,三氟化溴,BROMINE TRIFLUORIDE,5.1,6.1 8,Ⅰ,-,0,E0,P200,-,T22,TP2 TP13
1747,丁基三氯硅烷,BUTYLTRICHLOROSILANE,8,3,Ⅱ,-,0,E0,P010,-,T10,TP2 TP7 TP13
1748,次氯酸钙，干的或次氯酸 钙混合物，干的，含有效氯 高于39%(有效氧8.8%),"CALCIUM HYPOCHLORITE,DRY or CALCIUM HYPOCHLORITE MIXTURE,DRY with more than 39% available chlorine (8.8% available oxygen)",5.1,-,Ⅱ,314,1 kg,E2,P002 IBC08,"PP85 B2,B4, B13",-,-
1748,次氯酸钙，干的或次氯酸 钙混合物，干的，含有效氯 高于39%(有效氧8.8%),"CALCIUM HYPOCHLORITE,DRY or CALCIUM HYPOCHLORITE MIXTURE,DRY with more than 39% available chlorine (8.8% available oxygen)",5.1,-,Ⅲ,316,5 kg,E1,P002 IBC08,"PP85 B4,B13",-,-
1749,三氟化氯,CHLORINE TRIFLUORIDE,2.3,5.1 8,-,-,0,E0,P200,"PP85 B4,B13",-,-
1750,氯乙酸溶液,CHLOROACETIC ACID SOLUTION,6.1,8,Ⅱ,-,100 mL,E4,P001 IBC02,-,T7,TP2
1751,固态氯乙酸,"CHLOROACETIC ACID, SOLID",6.1,8,Ⅱ,-,500 g,E4,P002 IBC08,"B2, B4",T3,TP33
1752,氯乙酰氯,CHLOROACETYL CHLORIDE,6.1,8,Ⅰ,354,0,E0,P602,-,T20,TP2 TP13
1753,氯苯基三氯硅烷,CHLOROPHENYL-TRICHLOROSILANE,8,-,Ⅱ,-,0,E0,P010,-,T10,TP2 TP7
1754,氯磺酸(含或不含三氧化 硫),CHLOROSULPHONIC ACID (with or without sulphur trioxide),8,-,Ⅰ,-,0,E0,P001,-,T20,TP2
1755,铬酸溶液,CHROMIC ACID SOLUTION,8,-,Ⅱ,-,1 L,E2,P001 IBC02,-,T8,TP2
1755,铬酸溶液,CHROMIC ACID SOLUTION,8,-,Ⅲ,223,5 L,E1,P001 IBC03 LP01,-,T4,TP1
1756,固态氟化铬,CHROMIC FLURIDE SOLID,8,-,Ⅱ,-,1 kg,E2,P002 IBC08,"B2, B4",T3,TP33
1757,氟化铬溶液,CHROMIC FLUORIDE SOLUTION,8,-,Ⅱ,-,1 L,E2,P001 IBC02,-,T7,TP2
1757,氟化铬溶液,CHROMIC FLUORIDE SOLUTION,8,-,Ⅲ,223,5 L,E1,P001 IBC03 LP01,-,T4,TP1
1758,氯氧化铬,CHROMIUM OXYCHLORIDE,8,-,Ⅰ,-,0,E0,P001,-,T10,TP2
1759,腐蚀性固体，未另作规 定的,"CORROSIVE SOLID, N. O. S.",8,-,Ⅰ,274,0,E0,P002 IBC07,B1,T6,TP33
1759,腐蚀性固体，未另作规 定的,"CORROSIVE SOLID, N. O. S.",8,-,Ⅱ,274,1 kg,E2,P002 IBC08,"B2, B4",T3,TP33
1759,腐蚀性固体，未另作规 定的,"CORROSIVE SOLID, N. O. S.",8,-,Ⅲ,223 274,5 kg,E1,P002 IBC08 LP02,B3,T1,TP33
1760,腐蚀性液体，未另作规 定的,"CORROSIVE LIQUID, N. O. S.",8,-,Ⅰ,274,0,E0,P001,-,T14,TP2 TP27
1760,腐蚀性液体，未另作规 定的,"CORROSIVE LIQUID, N. O. S.",8,-,Ⅱ,274,1 L,E2,P001 IBC02,-,T11,TP2 TP27
1760,腐蚀性液体，未另作规 定的,"CORROSIVE LIQUID, N. O. S.",8,-,Ⅲ,223 274,5 L,E1,P001 IBC03 LP01,-,T7,TP1 TP28
1761,铜乙二胺溶液,CUPRIETHYLENEDIAMINE SOLUTION,8,6.1,Ⅱ,-,1 L,E2,P001 IBC02,-,T7,TP2
1761,铜乙二胺溶液,CUPRIETHYLENEDIAMINE SOLUTION,8,6.1,Ⅲ,223,5 L,E1,P001 IBC03,-,T7,TP1 TP28
1762,环己烯基三氯硅烷,CYCLOHEXENYL-TRICHLOROSILANE,8,-,Ⅱ,-,0,E0,P010,-,T10,TP2 TP7 TP13
1763,环己基三氯硅烷,CYCLOHEXYLTRI-CHLOROSILANE,8,-,Ⅱ,-,0,E0,P010,-,T10,TP2 TP7 TP13
1764,二氯乙酸,DICHLOROACETIC ACID,8,-,Ⅱ,-,1 L,E2,P001 IBC02,-,T8,TP2
1765,二氯乙酰氯,DICHLOROACETYL CHLORIDE,8,-,Ⅱ,-,1 L,E2,P001 IBC02,-,T7,TP2
1766,二氯苯基三氯硅烷,DICHLOROPHENYL-TRICHLOROSILANE,8,-,Ⅱ,-,0,E0,P010,-,T10,TP2 TP7 TP13
1767,二乙基二氯硅烷,DIETHYLDICHLOROSILANE,8,3,Ⅱ,-,0,E0,P010,-,T10,TP2 TP7 TP13
1768,无水二氟磷酸,"DIFLUOROPHOSPHORIC ACID, ANHYDROUS",8,-,Ⅱ,-,1 L,E2,P001 IBC02,-,T8,TP2
1769,二苯基二氯硅烷,DIPHENYLDICHLOROSILANE,8,-,Ⅱ,-,0,E0,P010,-,T10,TP2 TP7 TP13
1770,二苯甲基溴,DIPHENYLMETHYL BROMIDE,8,-,Ⅱ,-,1 kg,E2,P002 IBC08,"B2, B4",T3,TP33
1771,十二烷基三氯硅烷,DODECYLTRICHLOROSILANE,8,-,Ⅱ,-,0,E0,P010,-,T10,TP2 TP7 TP13
1773,无水氯化铁,"FERRIC CHLORIDE, ANHYDROUS",8,-,Ⅲ,-,5 kg,E1,P002 IBC08 LP02,B3,T1,TP33
1774,灭火器起动剂，腐蚀性 液体,"FIRE EXTINGUISHER CHARGES, corrosive liquid",8,-,Ⅱ,-,1 L,E0,P001,PP4,-,-
1775,氟硼酸,FLUOROBORIC ACID,8,-,Ⅱ,-,1 L,E2,P001 IBC02,-,T7,TP2
1776,无水氟磷酸,"FLUOROPHOSPHORIC ACID, ANHYDROUS",8,-,Ⅱ,-,1 L,E2,P001 IBC02,-,T8,TP2
1777,氟磺酸,FLUOROSULPHONIC ACID,8,-,Ⅰ,-,0,E0,P001,-,T10,TP2
1778,氟硅酸,FLUOROSILICIC ACID,8,-,Ⅱ,-,1 L,E2,P001 IBC02,-,T8,TP2
1779,甲酸，按质量含酸高 于 85%,FORMIC ACID with more than 85% acid by mass,8,3,Ⅱ,-,1 L,E2,P001 IBC02,-,T7,TP2
1780,反丁烯二酰氯(富马酰氯),FUMARYL CHLORIDE,8,-,Ⅱ,-,1 L,E2,P001 IBC02,-,T7,TP2
1781,十六烷基三氯硅烷,HEXADECYL-TRICHLOROSILANE,8,-,Ⅱ,-,0,E0,P010,-,T10,TP2 TP7 TP13
1782,氟磷酸(六氟磷酸),HEXAFLUOROPHOSPHORIC ACID,8,-,Ⅱ,-,1 L,E2,P001 IBC02,-,T8,TP2
1783,六亚甲基二胺溶液,HEXAMETHYLENEDIAMINE SOLUTION,8,-,Ⅱ,-,1 L,E2,P001 IBC02,-,T7,TP2
1783,六亚甲基二胺溶液,HEXAMETHYLENEDIAMINE SOLUTION,8,-,Ⅲ,223,5 L,E1,P001 IBC03 LP01,-,T4,TP1
1784,己基三氯硅烷,HEXYLTRICHLOROSILANE,8,-,Ⅱ,-,0,E0,P010,-,T10,TP2 TP7 TP13
1786,氢氟酸和硫酸混合物,HYDROFLUORIC ACID AND SULPHURIC ACID MIXTURE,8,6.1,Ⅰ,-,0,E0,P001,-,T10,TP2 TP13
1787,氢碘酸,HYDRIODIC ACID,8,-,Ⅱ,-,1 L,E2,P001 IBC02,-,T7,TP2
1787,氢碘酸,HYDRIODIC ACID,8,-,Ⅲ,223,5 L,E1,P001 IBC03 LP01,-,T4,TP1
1788,氢溴酸,HYDROBROMIC ACID,8,-,Ⅱ,-,1 L,E2,P001 IBC02,-,T7,TP2
1788,氢溴酸,HYDROBROMIC ACID,8,-,Ⅲ,223,5 L,E1,P001 IBC03 LP01,-,T4,TP1
1789,氢氯酸,HYDROCHLORIC ACID,8,-,Ⅱ,-,1 L,E2,P001 IBC02,-,T8,TP2
1789,氢氯酸,HYDROCHLORIC ACID,8,-,Ⅲ,223,5 L,E1,P001 IBC03 LP01,-,T4,TP1
1790,氢氟酸，含氟化氢高 于 60%,"H YDROFLUORIC ACID, with more than 60% hydrogen fluoride",8,6.1,Ⅰ,-,0,E0,P802,PP79 PP81,T10,TP2 TP13
1790,氢氟酸，含氟化氢不超 过60%,"H YDROFLUORIC ACID, with not more than 60% hydrogen fluoride",8,6.1,Ⅱ,-,1 L,E2,P001 IBC02,-,T8,TP2
1791,次氯酸盐溶液,HYPOCHLORITE SOLUTION,8,-,Ⅱ,-,1 L,E2,P001 IBC02,PP10 B5,T7,TP2 TP24
1791,次氯酸盐溶液,HYPOCHLORITE SOLUTION,8,-,Ⅲ,223,5 L,E1,P001 IBC03 LP01,-,T4,TP2 TP24
1792,固态一氯化碘,"IODINE MONOCHLORIDE, SOLID",8,-,Ⅱ,-,1 kg,E0,P002 IBC08,"B2, B4",T7,TP2
1793,酸式磷酸异丙酯,ISOPROPYL ACID PHOSPHATE,8,-,Ⅲ,-,5 L,E1,P001 IBC02 LP01,-,T4,TP1
1794,硫酸铅，含游离酸高于3%,LEAD SULPHATE with more than 3% free acid,8,-,Ⅱ,-,1 kg,E2,P002 IBC08,"B2, B4",T3,TP33
1796,硝化酸混合物，含硝酸高 于50%,NITRATING ACID MIXTURE with more than 50% nitric acid,8,5.1,Ⅰ,-,0,E0,P001,-,T10,TP2 TP13
1796,硝化酸混合物，含硝酸不 超过50%,NITRATING ACID MIXTURE with not more than 50% nitric acid,8,-,Ⅱ,-,1 L,E0,P001 IBC02,-,T8,TP2 TP13
1798,王水,NITROHYDROCHLORIC ACID,8,-,Ⅰ,-,0,E0,P802,-,T10,TP2 TP13
1799,壬基三氯硅烷,NONYLTRICHLOROSILANE,8,-,Ⅱ,-,0,E0,P010,-,T10,TP2 TP7 TP13
1800,十八烷基三氯硅烷,OCTADECYL-TRICHLOROSILANE,8,-,Ⅱ,-,0,E0,P010,-,T10,TP2 TP7 TP13
1801,辛基三氯硅烷,OCTYLTRICHLOROSILANE,8,-,Ⅱ,-,0,E0,P010,-,T10,TP2 TP7 TP13
1802,高氯酸，按质量含酸不超 过50%,"PERCHLORIC ACID with not more than 50% acid, by mass",8,5.1,Ⅱ,-,1 L,E0,P001 IBC02,-,T7,TP2
1803,液态苯酚磺酸,"PHENOLSULPHONIC ACID, LIQUID",8,-,Ⅱ,-,1 L,E2,P001 IBC02,-,T7,TP2
1804,苯基三氯硅烷,PHENYLTRICHLOROSILANE,8,-,Ⅱ,-,0,E0,P010,-,T10,TP2 TP7 TP13
1805,磷酸溶液,"PHOSPHORIC ACID, SOLUTION",8,-,Ⅲ,223,5 L,E1,P001 IBC03 LP01,-,T4,TP1
1806,五氯化磷,PHOSPHORUS PENTACHLORIDE,8,-,Ⅱ,-,1 kg,E0,P002 IBC08,"B2, B4",T3,TP33
1807,五氧化二磷,PHOSPHORUS PENTOXIDE,8,-,Ⅱ,-,1 kg,E2,P002 IBC08,"B2, B4",T3,TP33
1808,三溴化磷,PHOSPHORUS TRIBROMIDE,8,-,Ⅱ,-,1 L,E0,P001 IBC02,-,T7,TP2
1809,三氯化磷,PHOSPHORUS TRICHLORIDE,6.1,8,Ⅰ,354,0,E0,P602,-,T20,TP2 TP13
1810,三氯氧化磷(磷酰氯),PHOSPHORUS OXYCHLORIDE,6.1,8,Ⅰ,354,0,E0,P602,-,T20,TP2 TP13
1811,固态二氟化氢钾,POTASSIUM HYDROGEN DIFLUORIDE SOLID,8,6.1,Ⅱ,-,1 kg,E2,P002 IBC08,"B2, B4",T3,TP33
1812,固态氟化钾,"POTASSIUM FLUORIDE, SOLID",6.1,-,Ⅲ,-,5 kg,E1,P002 IBC08 LP02,B3,T1,TP33
1813,固态氢氧化钾,"POTASSIUM HYDROXIDE, SOLID",8,-,Ⅱ,-,1 kg,E2,P002 IBC08,"B2, B4",T3,TP33
1814,氢氧化钾溶液,POTASSIUM HYDROXIDE SOLUTION,8,-,Ⅱ,-,1 L,E2,P001 BC02,-,T7,TP2
1814,氢氧化钾溶液,POTASSIUM HYDROXIDE SOLUTION,8,-,Ⅲ,223,5 L,E1,P001 IBC03 LP01,-,T4,TP1
1815,丙酰氯,PROPIONYL CHLORIDE,3,8,Ⅱ,-,1 L,E2,P001 IBC02,-,T7,TP1
1816,丙基三氯硅烷,PROPYLTRICHLOROSILANE,8,3,Ⅱ,-,0,E0,P010,-,T10,TP2 TP7 TP13
1817,焦硫酰二氯,PYROSULPHURYL CHLORIDE,8,-,Ⅱ,-,1 L,E2,P001 IBC02,-,T8,TP2
1818,四氯化硅,SILICON TETRACHLORIDE,8,-,Ⅱ,-,0,E0,P010,-,T10,TP2 TP7 TP13
1819,铝酸钠溶液,SODIUM ALUMINATE SOLUTION,8,-,Ⅱ,-,1 L,E2,P001 IBC02,-,T7,TP2
1819,铝酸钠溶液,SODIUM ALUMINATE SOLUTION,8,-,Ⅲ,223,5 L,E1,P001 IBC03 LP01,-,T4,TP1
1823,固态氢氧化钠,"SODIUM HYDROXIDE, SOLID",8,-,Ⅱ,-,1 kg,E2,P002 IBC08,"B2, B4",T3,TP33
1824,氢氧化钠溶液,SODIUM HYDROXIDE SOLUTION,8,-,Ⅱ,-,1 L,E2,P001 IBC02,-,T7,TP2
1824,氢氧化钠溶液,SODIUM HYDROXIDE SOLUTION,8,-,Ⅲ,223,5 L,E1,P001 IBC03 LP01,-,T4,TP1
1825,氧化钠,SODIUM MONOXIDE,8,-,Ⅱ,-,1 kg,E2,P002 IBC08,"B2, B4",T3,TP33
1826,硝化酸混合物，废的，含硝 酸高于50%,"NITRATING ACID MIXTURE, SPENT, with more than 50% nitric acid",8,5.1,Ⅰ,113,0,E0,P001,-,T10,TP2 TP13
1826,硝化酸混合物，废的，含硝 酸不超过50%,"NITRATING ACID MIXTURE, SPENT, with not more than 50% nitric acid",8,-,Ⅱ,113,1 L,E0,P001 IBC02,-,T8,TP2
1827,无水四氯化锡,"STANNIC CHLORIDE, ANHYDROUS",8,-,Ⅱ,-,1 L,E2,P001 IBC02,-,T7,TP2
1828,氯化硫,SULPHUR CHLORIDES,8,-,Ⅰ,-,0,E0,P602,-,T20,TP2
1829,三氧化硫，稳定的,"SULPHUR TRIOXIDE, STABILIZED",8,-,Ⅰ,386,0,E0,P001,-,T20,TP4 TP13 TP25 TP26
1830,硫酸，含酸高于51%,SULPHURIC ACID with more than 51% acid,8,-,Ⅱ,-,1 L,E2,P001 IBC02,-,T8,TP2
1831,发烟硫酸,"SULPHURIC ACID, FUMING",8,6.1,Ⅰ,-,0,E0,P602,-,T20,TP2 TP13
1832,硫酸废液,"SULPHURIC ACID, SPENT",8,-,Ⅱ,113,1 L,E0,P001 IBC02,-,T8,TP2
1833,亚硫酸,SULPHUROUS ACID,8,-,Ⅱ,-,1 L,E2,P001 IBC02,-,T7,TP2
1834,硫酰氯,SULPHURYL CHLORIDE,6.1,8,Ⅰ,354,0,E0,P602,-,T20,TP2 TP13
1835,氢氧化四甲铵水溶液，含 氢氧化四甲铵超过2.5% 但低于25%,TETRAMETHYLAMMONIUM HYDROXIDE AQUEOUS SOLUTION with more than 2.5% but less than 25% tetramethylammonium hydroxide,8,6.1,Ⅱ,279 408 409,1 L,E2,P001 IBC02,-,T7,TP2
1835,氢氧化四甲铵水溶液，氢 氧化四甲铵不超过2.5%,TETRAMETHYLAMMONIUM HYDROXIDE AQUEOUS SOLUTION with not more than 2.5% tetramethylammonium hydroxide,8,-,Ⅲ,223 408 409,5 L,E1,P001 IBC03 LP01,-,T7,TP2
1836,亚硫酰氯,THIONYL CHLORIDE,8,-,Ⅰ,-,0,E0,P802,-,T10,TP2 TP13
1837,硫代磷酰氯,THIOPHOSPHORYL CHLORIDE,8,-,Ⅱ,-,1 L,E0,P001 IBC02,-,T7,TP2
1838,四氯化钛,TITANIUM TETRACHLORIDE,6.1,8,Ⅰ,354,0,E0,P602,-,T20,TP2 TP13
1839,三氯乙酸,TRICHLOROACETIC ACID,8,-,Ⅱ,-,1 kg,E2,P002 IBC08,"B2, B4",T3,TP33
1840,氯化锌溶液,ZINC CHLORIDE SOLUTION,8,-,Ⅲ,223,5 L,E1,P001 IBC03 LP01,-,T4,TP1
1841,乙醛合氨,ACETALDEHYDE AMMONIA,9,-,Ⅲ,-,5 kg,E1,P002 IBC08 LP02,"B3, B6",T1,TP33
1843,固态二硝基邻甲酚铵,"AMMONIUM DINITRO-o-CRESOLATE, SOLID",6.1,-,Ⅱ,-,500 g,E4,P002 IBC08,"B2, B4",T3,TP33
1845,固态二氧化碳(干冰),"CARBON DIOXIDE, SOLID (DRYICE)",9,-,-,-,0,E0,P003,PP18,-,-
1846,四氯化碳,CARBON TETRACHLORIDE,6.1,-,Ⅱ,-,100 mL,E4,P001 IBC02,-,T7,TP2
1847,水合硫化钾，含结晶水不 低于30%,"POTASSIUM SULPHIDE, HYDRATED with not less than 30% water of crystallization",8,-,Ⅱ,-,1 kg,E2,P002 IBC08,"B2, B4",T3,TP33
1848,"丙酸，按质量含酸不低于 10%,但低于 90%","PROPIONIC ACID, with not less than 10% and less than 90% acid by mass",8,-,Ⅲ,-,5 L,E1,P001 IBC03 LP01,-,T4,TP1
1849,水合硫化钠，含水不低 于30%,"SODIUM SULPHIDE, HYDRATED with not less than 30% water",8,-,Ⅱ,-,1 kg,E2,P002 IBC08,"B2, B4",T3,TP33
1851,液态药物，毒性，未另作规 定的,"MEDICINE, LIQUID, TOXIC, N. O. S.",6.1,-,Ⅱ,221,100 mL,E4,P001,-,-,-
1851,液态药物，毒性，未另作规 定的,"MEDICINE, LIQUID, TOXIC, N. O. S.",6.1,-,Ⅲ,221 223,5 L,E1,P001,-,-,-
1854,发火钡合金,"BARIUM ALLOYS, PYROPHORIC",4.2,-,Ⅰ,-,0,E0,P404,-,T21,TP7 TP33
1855,发火钙金属或发火钙合金,"CALCIUM, PYROPHORIC or CALCIUM ALLOYS, PYROPHORIC",4.2,-,Ⅰ,-,0,E0,P404,-,-,-
1856,含油碎布,"RAGS, OILY",4.2,-,-,29 123,0,E0,P003 IBC08,PP19 B6,-,-
1857,织物废料，湿的,"TEXTILE WASTE, WET",4.2,-,Ⅲ,123,0,E1,P410,-,-,-
1858,六氟丙烯(制冷气体 R1216),HEXAFLUOROPROPYLENE(REFRIGERANT GAS R1216),2.2,-,-,-,120 mL,E1,P200,-,T50,-
1859,四氟化硅,SILICON TETRAFLUORIDE,2.3,8,-,-,0,E0,P200,-,-,-
1860,乙烯基氟，稳定的,"VINYL FLUORIDE, ST ABILIZED",2.1,-,-,386,0,E0,P200,-,-,-
1862,巴豆酸乙酯(2-丁烯酸乙 酯),ETHYL CROTONATE,3,-,Ⅱ,-,1 L,E2,P001 IBC02,-,T4,TP2
1863,航空燃料，涡轮发动机用,"FUEL, AVIATION, TURBINE ENGINE",3,-,Ⅰ,-,500 mL,E3,P001,-,T11,TP1 TP8 TP28
1863,航空燃料，涡轮发动机用,"FUEL, AVIATION, TURBINE ENGINE",3,-,Ⅱ,-,1 L,E2,P001 IBC02,-,T4,TP1 TP8
1863,航空燃料，涡轮发动机用,"FUEL, AVIATION, TURBINE ENGINE",3,-,Ⅲ,223,5 L,E1,P001 IBC03 LP01,-,T2,TP1
1865,硝酸正丙酯,n-PROPYL NITRATE,3,-,Ⅱ,26,1 L,E2,P001 IBC02,B7,-,-
1866,树脂溶液，易燃,"RESIN SOLUTION, flammable",3,-,Ⅰ,-,500 mL,E3,P001,-,T11,TP1 TP8 TP28
1866,树脂溶液，易燃,"RESIN SOLUTION, flammable",3,-,Ⅱ,-,5 L,E2,P001 IBC02,PP1,T4,TP1 TP8
1866,树脂溶液，易燃,"RESIN SOLUTION, flammable",3,-,Ⅲ,223,5 L,E1,P001 IBC03 LP01,PP1,T2,TP1
1868,癸硼烷(十硼烷),DECABORANE,4.1,6.1,Ⅱ,-,1 kg,E0,P002 IBC06,B2,T3,TP33
1869,镁金属或含镁高于50%镁 合金，丸状、旋屑或带状,"MAGNESIUM or MAGNESIUM ALLOYS with more than 50% magnesium in pellets, turnings or ribbons",4.1,-,Ⅲ,59,5 kg,E1,P002 IBC08 LP02,B3,T1,TP33
1870,硼氢化钾,POTASSIUM BOROHYDRIDE,4.3,-,Ⅰ,-,0,E0,P403,-,-,-
1871,氢化钛,TITANIUM HYDRIDE,4.1,-,Ⅱ,-,1 kg,E2,P410 IBC04,PP40,T3,TP33
1872,二氧化铅,LEAD DIOXIDE,5.1,-,Ⅲ,-,5 kg,E1,P002 IBC08 LP02,B3,T1,TP33
1873,"高氯酸，按质量含酸不低 于50%,但不超过72%","PERCHLORIC ACID with more than 50% but not more than 72% acid, by mass",5.1,8,Ⅰ,60,0,E0,P502,PP28,T10,TP1
1884,氧化钡,BARIUM OXIDE,6.1,-,Ⅲ,-,5 kg,E1,P002 IBC08 LP02,B3,T1,TP33
1885,联苯胺,BENZIDINE,6.1,-,Ⅱ,-,500 g,E4,P002 IBC08,"B2, B4",T3,TP33
1886,二氯甲基苯(亚苄基二氯),BENZYLIDENE CHLORIDE,6.1,-,Ⅱ,-,100 mL,E4,P001 IBC02,-,T7,TP2
1887,溴氯甲烷,BROMOCHLOROMETHANE,6.1,-,Ⅲ,-,5 L,E1,P001 IBC03 LP01,-,T4,TP1
1888,氯仿(三氯甲烷),CHLOROFORM,6.1,-,Ⅲ,-,5 L,E1,P001 IBC03 LP01,-,T7,TP2
1889,溴化氰,CYANOGEN BROMIDE,6.1,8,Ⅰ,-,0,E0,P002,-,T6,TP33
1891,乙基溴,ETHYL BROMIDE,3,6.1,Ⅱ,-,1 L,E2,P001 IBC02,B8,T7,TP2 TP13
1892,乙基二氯胂,ETHYLDICHLOROARSINE,6.1,-,Ⅰ,354,0,E0,P602,-,T20,TP2 TP13
1894,氢氧化苯汞,PHENYLMERCURIC HYDROXIDE,6.1,-,Ⅱ,-,500 g,E4,P002 IBC08,"B2, B4",T3,TP33
1895,硝酸苯汞,PHENYLMERCURIC NITRATE,6.1,-,Ⅱ,-,500 g,E4,P002 IBC08,"B2, B4",T3,TP33
1897,四氯乙烯,TETRACHLOROETHYLENE,6.1,-,Ⅲ,-,5 L,E1,P001 IBC03 LP01,-,T4,TP1
1898,乙酰碘,ACETYL IODIDE,8,-,Ⅱ,-,1 L,E2,P001 IBC02,-,T7,TP2 TP13
1902,酸式磷酸二异辛酯,DIISOOCTYL ACID PHOSPHATE,8,-,Ⅲ,-,5 L,E1,P001 IBC03 LP01,-,T4,TP1
1903,液态消毒剂，腐蚀性，未另 作规定的,"DISINFECTANT, LIQUID, CORROSIVE, N. O. S.",8,-,Ⅰ,274,0,E0,P001,-,-,-
1903,液态消毒剂，腐蚀性，未另 作规定的,"DISINFECTANT, LIQUID, CORROSIVE, N. O. S.",8,-,Ⅱ,274,1 L,E2,P001 IBC02,-,-,-
1903,液态消毒剂，腐蚀性，未另 作规定的,"DISINFECTANT, LIQUID, CORROSIVE, N. O. S.",8,-,Ⅲ,223 274,5 L,E1,P001 IBC03 LP01,-,-,-
1905,硒酸,SELENIC ACID,8,-,Ⅰ,-,0,E0,P002 IBC07,B1,T6,TP33
1906,淤渣硫酸,SLUDGE ACID,8,-,Ⅱ,-,1 L,E0,P001 IBC02,-,T8,TP2 TP28
1907,碱石灰，含氢氧化钠高 于4%,SODA LIME with more than 4% sodium hydroxide,8,-,Ⅲ,62,5 kg,E1,P002 IBC08 LP02,B3,T1,TP33
1908,亚氯酸盐溶液,CHLORITE SOLUTION,8,-,Ⅱ,-,1 L,E2,P001 IBC02,-,T7,TP2 TP24
1908,亚氯酸盐溶液,CHLORITE SOLUTION,8,-,Ⅲ,223,5 L,E1,P001 IBC03 LP01,-,T4,TP2 TP24
1910,氧化钙,CALCIUM OXIDE,8,-,Ⅲ,106,5 kg,E1,P002 IBC08 LP02,B3,T1,TP33
1911,乙硼烷,DIBORANE,2.3,2.1,-,-,0,E0,P200,-,-,-
1912,甲基氯和二氯甲烷混合物,METHYL CHLORIDE AND METHYLENE CHLORIDE MIXTURE,2.1,-,-,228,0,E0,P200,-,T50,-
1913,冷冻液态氖,"NEON, REFRIGERATED LIQUID",2.2,-,-,-,120 mL,E1,P203,-,T75,TP5
1914,丙酸丁酯,BUTYL PROPIONATES,3,-,Ⅲ,-,5 L,E1,P001 IBC03 LP01,-,T2,TP1
1915,环己酮,CYCLOHEXANONE,3,-,Ⅲ,-,5 L,E1,P001 IBC03 LP01,-,T2,TP1
1916,2，2'-二氯二乙醚,"2,2'-DICHLORODIETHYL ETHER",6.1,3,Ⅱ,-,100 mL,E4,P001 IBC02,-,T7,TP2
1917,丙烯酸乙酯，稳定的,"ETHYL ACRYLATE, STABILIZED",3,-,Ⅱ,386,1 L,E2,P001 IBC02,-,T4,TP1 TP13
1918,异丙基苯,ISOPROPYLBENZENE,3,-,Ⅲ,-,5 L,E1,P001 IBC03 LP01,-,T2,TP1
1919,丙烯酸甲酯，稳定的,"METHYL ACRYLATE, STABILIZED",3,-,Ⅱ,386,1 L,E2,P001 IBC02,-,T4,TP1 TP13
1920,壬烷,NONANES,3,-,Ⅲ,-,5 L,E1,P001 IBC03 LP01,-,T2,TP1
1921,丙烯亚胺，稳定的,"PROPYLENEIMINE, STABILIZED",3,6.1,Ⅰ,386,0,E0,P001,-,T14,TP2 TP13
1922,吡咯烷,PYRROLIDINE,3,8,Ⅱ,-,1 L,E2,P001 IBC02,-,T7,TP1
1923,连二亚硫酸钙,CALCIUM DITHIONITE (CALCIUM HYDROSULPHITE),4.2,-,Ⅱ,-,0,E2,P410 IBC06,B2,T3,TP33
1928,溴化甲基镁的乙醚溶液,METHYL MAGNESIUM BROMIDE IN ETHYL ETHER,4.3,3,Ⅰ,-,0,E0,P402,-,-,-
1929,连二亚硫酸钾,POTASSIUM DITHIONITE (POTASSIUM HYDROSULPHITE),4.2,-,Ⅱ,-,0,E2,P410 IBC06,B2,T3,TP33
1931,连二亚硫酸锌,ZINC DITHIONITE (ZINC HYDROSULPHITE),9,-,Ⅲ,-,5 kg,E1,P002 IBC08 LP02,B3,T1,TP33
1932,锆金属碎屑,ZIRCONIUM SCRAP,4.2,-,Ⅲ,223,0,E0,P002 IBC08 LP02,B3,T1,TP33
1935,氰化物溶液，未另作规 定的,"CYANIDE SOLUTION, N. O. S.",6.1,-,Ⅰ,274,0,E5,P001,-,T14,TP2 TP13 TP27
1935,氰化物溶液，未另作规 定的,"CYANIDE SOLUTION, N. O. S.",6.1,-,Ⅱ,274,100 mL,E4,P001 IBC02,-,T11,TP2 TP13 TP27
1935,氰化物溶液，未另作规 定的,"CYANIDE SOLUTION, N. O. S.",6.1,-,Ⅲ,223 274,5 L,E1,P001 IBC03 LP01,-,T7,TP2 TP13 TP28
1938,溴乙酸溶液,BROMOACETIC ACID SOLUTION,8,-,Ⅱ,-,1 L,E2,P001 IBC02,-,T7,TP2
1938,溴乙酸溶液,BROMOACETIC ACID SOLUTION,8,-,Ⅲ,223,5 L,E1,P001 IBC03 LP01,-,T7,TP2
1939,三溴氧化磷,PHOSPHORUS OXYBROMIDE,8,-,Ⅱ,-,1 kg,E0,P002 IBC08,"B2, B4",T3,TP33
1940,巯基乙酸,THIOGLYCOLIC ACID,8,-,Ⅱ,-,1 L,E2,P001 IBC02,-,T7,TP2
1941,二溴二氟甲烷,DIBROMODIFLUOROMETHANE,9,-,Ⅲ,-,5 L,E1,P001 LP01,-,T11,TP2
1942,硝酸铵，含可燃物质总量 不超过0.2%，包括以碳计 算的任何有机物质，但不 包括任何其他添加物质,"AMMONIUM NITRATE, with not more than 0.2% total combustible material, including any organic substance, calculated as carbon to the exclusion of any other added substance",5.1,-,Ⅲ,306,5 kg,E1,P002 IBC08 LP02,B3,T1 BK1 BK2 BK3,TP33
1944,安全火柴(册式、卡式或盒 上划燃),"MATCHES, SAFETY (book, card or strike on box)",4.1,-,Ⅲ,293 294,5 kg,E1,P407,-,T1 BK1 BK2 BK3,-
1945,“维斯塔”蜡火柴(涂蜡火 柴),"MATCHES, WAX 'VESTA'",4.1,-,Ⅲ,293 294,5 kg,E1,P407,-,-,-
1950,气雾剂,AEROSOLS,2,-,-,63 190 277 327 344,见特殊规定 277,E0,P207 LP200,PP87 L2,-,-
1951,冷冻液态氩,"ARGON, REFRIGERATED LIQUID",2.2,-,-,-,120 mL,E1,P203,-,T75,TP5
1952,环氧乙烷和二氧化碳混合 物，含环氧乙烷不大于9%,ETHYLENE OXIDE AND CARBON DIOXIDE MIXTURE with not more than 9% ethylene oxide,2.2,-,-,392,120 mL,E1,P200,-,-,-
1953,压缩气体，毒性，易燃，未 另作规定的,"COMPRESSED GAS, TOXIC, FLAMMABLE, N. O. S.",2.3,2.1,-,274,0,E0,P200,-,-,-
1954,压缩气体，易燃，未另作规 定的,"COMPRESSED GAS, FLAMMABLE, N. O. S.",2.1,-,-,274 392,0,E0,P200,-,-,-
1955,压缩气体，毒性，未另作规 定的,"COMPRESSED GAS, TOXIC, N. O. S.",2.3,-,-,274,0,E0,P200,-,-,-
1956,压缩气体，未另作规定的,"COMPRESSED GAS, N. O. S.",2.2,-,-,274 378 392,120 mL,E1,P200,-,-,-
1957,压缩氘(重氢),"DEUTERIUM, COMPRESSED",2.1,-,-,-,0,E0,P200,-,-,-
1958,"1,2-二氯-1,1,2,2-四氟乙 烷(制冷气体 R114)","1,2-DICHLORO-1,1,2, 2-TETRAFLUOROETHANE (REFRIGERANT GAS R114)",2.2,-,-,-,120 mL,E1,P200,-,T50,-
1959,1.1-二氟乙烯(制冷气体 R1132a),"1,1-DIFLUOROETHYLENE(REFRIGERANT GAS R1132a)",2.1,-,-,-,0,E0,P200,-,-,-
1961,冷冻液态乙烷,"ETHANE, REFRIGERATED LIQUID",2.1,-,-,-,0,E0,P203,-,T75,TP5
1962,乙烯,ETHYLENE,2.1,-,-,-,0,E0,P200,-,-,-
1963,冷冻液态氦,"HELIUM, REFRIGERATED LIQUID",2.2,-,-,-,120 mL,E1,P203,-,T75,TP5 TP34
1964,压缩烃类气体混合物，未 另作规定的,"HYDROCARBON GAS MIXTURE, COMPRESSED, N. O. S.",2.1,-,-,274,0,E0,P200,-,-,-
1965,液化烃类气体混合物，未 另作规定的,"HYDROCARBON GAS MIXTURE, LIQUEFIED, N. O. S.",2.1,-,-,274 392,0,E0,P200,-,T50,-
1966,冷冻液态氢,"HYDROGEN, REFRIGERATED LIQUID",2.1,-,-,-,0,E0,P203,-,T75,TP5 TP34
1967,气体杀虫剂，毒性，未另作 规定的,"INSECTICIDE GAS, TOXIC, N. O. S.",2.3,-,-,274,0,E0,P200,-,-,-
1968,气体杀虫剂，未另作规 定的,"INSECTICIDE GAS, N. O. S.",2.2,-,-,274,120 mL,E1,P200,-,-,-
1969,异丁烷,ISOBUTANE,2.1,-,-,392,0,E0,P200,-,T50,-
1970,冷冻液态氮,"KRYPTON, REFRIGERATED LIQUID",2.2,-,-,-,120 mL,E1,P203,-,T75,TP5
1971,压缩甲烷或甲烷含量高的 压缩天然气,"METHANE, COMPRESSED or NATURAL GAS, COMPRESSED with high methane content",2.1,-,-,392,0,E0,P200,-,-,-
1972,冷冻液态甲烷或甲烷含量 高的冷冻液态天然气,"METHANE, REFRIGERATED LIQUID or NATURAL GAS, REFRIGERATED LIQUID with high methane content",2.1,-,-,-,0,E0,P203,-,T75,TP5
1973,二氟氯甲烷和五氟氯乙烷 混合物，有固定沸点，二氟 氯甲烷约占 49%(制冷气 体 R502),"CHLORODIFLUOROMETHANE AND CHLOROPENTAFLUOROETHANE MIXTURE with fixed boiling point, with approximately 49 % chlorodifluoromethane (REFRIGERANT GAS R502)",2.2,-,-,-,120 mL,E1,P200,-,T50,-
1974,二氟氯溴甲烷(制冷气体 R12B1),CHLORODIFLUOROBROMO-METHANE (REFRIGERANT GAS R12B1),2.2,-,-,-,120 mL,E1,P200,-,T50,-
1975,一氧化氮和四氧化二氮混 合物(一氧化氮和二氧化 氮混合物),NITRIC OXIDE AND DINITROGEN TETROXIDE MIXTURE (NITRIC OXIDE AND NITROGEN DIOXIDE MIXTURE),2.3,5.1 8,-,-,0,E0,P200,-,-,-
1976,八氟环丁烷(制冷气体 RC318),OCTAFLUOROCYCLOBUTANE (REFRIGERANT GAS RC318),2.2,-,-,-,120 mL,E1,P200,-,T50,-
1977,冷冻液态氮,"NITROGEN, REFRIGERATED LIQUID",2.2,-,-,345 346,120 mL,E1,P203,-,T75,TP5
1978,丙烷,PROPANE,2.1,-,-,392,0,E0,P200,-,T50,-
1982,四氟甲烷(制冷气体 R14),TETRAFLUOROMETHANE (REFRIGERANT GAS R14),2.2,-,-,二,120 mL,E1,P200,-,-,-
1983,"1-氯-2,2,2-三氟乙烷(制 冷气体 R133a)","1-CHLORO-2,2,2-TRIFLUOROETHANE (REFRIGERANT GAS R133a)",2.2,-,-,-,120 mL,E1,P200,-,T50,-
1984,三氟甲烷(制冷气体 R23),TRIFLUOROMETHANE(REFRIGERANT GAS R23),2.2,-,-,-,120 mL,E1,P200,-,-,-
1986,醇类，易燃，毒性，未另作 规定的,"ALCOHOLS, FLAMMABLE, TOXIC, N. O. S.",3,6.1,Ⅰ,274,0,E0,P001,-,T14,TP2 TP13 TP27
1986,醇类，易燃，毒性，未另作 规定的,"ALCOHOLS, FLAMMABLE, TOXIC, N. O. S.",3,6.1,Ⅱ,274,1 L,E2,P001 IBC02,-,T11,TP2 TP27
1986,醇类，易燃，毒性，未另作 规定的,"ALCOHOLS, FLAMMABLE, TOXIC, N. O. S.",3,6.1,Ⅲ,223 274,5 L,E1,P001 IBC03,-,T7,TP1 TP28
1987,醇类，未另作规定的,"ALCOHOLS, N. O. S.",3,-,Ⅱ,274,1 L,E2,P001 IBC02,-,T7,TP1 TP8 TP28
1987,醇类，未另作规定的,"ALCOHOLS, N. O. S.",3,-,Ⅲ,223 274,5 L,E1,P001 IBC03 LP01,-,T4,TP1 TP29
1988,醛类，易燃，毒性，未另作 规定的,"ALDEHYDES, FLAMMABLE, TOXIC, N. O. S.",3,6.1,Ⅰ,274,0,E0,P001,-,T14,TP2 TP13 TP27
1988,醛类，易燃，毒性，未另作 规定的,"ALDEHYDES, FLAMMABLE, TOXIC, N. O. S.",3,6.1,Ⅱ,274,1 L,E2,P001 IBC02,-,T11,TP2 TP27
1988,醛类，易燃，毒性，未另作 规定的,"ALDEHYDES, FLAMMABLE, TOXIC, N. O. S.",3,6.1,Ⅲ,223 274,5 L,E1,P001 IBC03,-,T7,TP1 TP28
1989,醛类，未另作规定的,"ALDEHYDES, N. O. S.",3,-,Ⅰ,274,0,E3,P001,-,T11,TP1 TP27
1989,醛类，未另作规定的,"ALDEHYDES, N. O. S.",3,-,Ⅱ,274,1 L,E2,P001 IBC02,-,T7,TP1 TP8 TP28
1989,醛类，未另作规定的,"ALDEHYDES, N. O. S.",3,-,Ⅲ,223 274,5 L,E1,P001 IBC03 LP01,-,T4,TP1 TP29
1990,苯甲醛,BENZALDEHYDE,9,-,Ⅲ,-,5 L,E1,P001 IBC03 LP01,-,T2,TP1
1991,氯丁二烯，稳定的,"CHLOROPRENE, STABILIZED",3,6.1,Ⅰ,386,0,E0,P001,-,T14,TP2 TP6 TP13
1992,易燃液体，毒性，未另作规 定的,"FLAMMABLE LIQUID, TOXIC,N. O. S.",3,6.1,Ⅰ,274,0,E0,P001,-,T14,TP2 TP13 TP27
1992,易燃液体，毒性，未另作规 定的,"FLAMMABLE LIQUID, TOXIC,N. O. S.",3,6.1,Ⅱ,274,1 L,E2,P001 IBC02,-,T7,TP2 TP13
1992,易燃液体，毒性，未另作规 定的,"FLAMMABLE LIQUID, TOXIC,N. O. S.",3,6.1,Ⅲ,223 274,5 L,E1,P001 IBC03,-,T7,TP1 TP28
1993,易燃液体，未另作规定的,"FLAMMABLE LIQUID, N. O. S.",3,-,Ⅰ,274,0,E3,P001,-,T11,TP1 TP27
1993,易燃液体，未另作规定的,"FLAMMABLE LIQUID, N. O. S.",3,-,Ⅱ,274,1 L,E2,P001 IBC02,-,T7,TP1 TP8 TP28
1993,易燃液体，未另作规定的,"FLAMMABLE LIQUID, N. O. S.",3,-,Ⅲ,223 274,5 L,E1,P001 IBC03 LP01,-,T4,TP1 TP29
1994,五羰铁,IRON PENTACARBONYL,6.1,3,Ⅰ,354,0,E0,P601,-,T22,TP2 TP13
1999,液态焦油，包括铺路油，稀 释沥青,"TARS, LIQUID, including road oils, cut backs",3,-,Ⅱ,-,5 L,E2,P001 IBC02,-,T3,TP3 TP29
1999,液态焦油，包括铺路油，稀 释沥青,"TARS, LIQUID, including road oils, cut backs",3,-,Ⅲ,223,5 L,E1,P001 IBC03 LP01,-,T1,TP3
2000,赛璐珞，块、棒、卷、片、管 等，碎屑除外,"CELLULOID in block, rods, rolls, sheets, tubes, etc., except scrap",4.1,-,Ⅲ,223 383,5 kg,E1,P002 LP02,PP7,-,-
2001,环烷酸钴粉,"COBALT NAPHTHENATES, POWDER",4.1,-,Ⅲ,-,5 kg,E1,P002 IBC08 LP02,B3,T1,TP33
2002,赛璐珞，碎屑,"CELLULOID, SCRAP",4.2,-,Ⅲ,223,0,E0,P002 IBC08 LP02,PP8 B3,-,-
2004,二氨基镁,MAGNESIUM DIAMIDE,4.2,-,Ⅱ,-,0,E2,P410 IBC06,-,T3,TP33
2006,塑料，以硝化纤维素为基 料，自热性，未另作规定的,"PLASTICS, NITROCELLULOSEBASED, SELF-HEATING, N. O. S.",4.2,-,Ⅲ,274,0,E0,P002,-,-,-
2008,干锆粉,"ZIRCONIUM POWDER, DRY",4.2,-,Ⅰ,-,0,E0,P404,-,T21,TP7 TP33
2008,干锆粉,"ZIRCONIUM POWDER, DRY",4.2,-,Ⅱ,-,0,E2,P410 IBC06,B2,T3,TP33
2008,干锆粉,"ZIRCONIUM POWDER, DRY",4.2,-,Ⅲ,223,0,E1,P002 IBC08 LP02,B3,T1,TP33
2009,锆金属，干的，精整薄板、 带材或成卷线材,"ZIRCONIUM, DRY, finished sheets, strip or coiled wire",4.2,-,Ⅲ,223,0,E1,P002 LP02,-,-,-
2010,二氢化镁,MAGNESIUM HYDRIDE,4.3,-,Ⅰ,-,0,E0,P403,-,-,-
2011,二磷化三镁,MAGNESIUM PHOSPHIDE,4.3,6.1,Ⅰ,-,0,E0,P403,-,-,-
2012,磷化钾,POTASSIUM PHOSPHIDE,4.3,6.1,Ⅰ,-,0,E0,P403,-,-,-
2013,磷化锶,STRONTIUM PHOSPHIDE,4.3,6.1,Ⅰ,-,0,E0,P403,-,-,-
2014,过氧化氢水溶液，含过氧 化氢不低于 20%，但不超 过60%(必要时加稳定剂),"HYDROGEN PEROXIDE, AQUEOUS SOLUTION with not less than 20% but not more than 60% hydrogen peroxide (stabilized as necessary)",5.1,8,Ⅱ,-,1 L,E2,P504 IBC02,PP10 B5,T7,TP2 TP6 TP24
2015,过氧化氢，稳定的或过氧 化氢水溶液，稳定的，含过 氧化氢高于 60%,"HYDROGEN PEROXIDE, STABILIZED or HYDROGEN PEROXIDE, AQUEOUS SOLUTION, STABILIZED with more than 60% hydrogen peroxide",5.1,8,Ⅰ,-,0,E0,P501,-,T9,TP2 TP6 TP24
2016,毒性弹药，非爆炸性，不带 爆破装药或发射装药，没 有引信,"AMMUNITION, TOXIC, NON-EXPLOSIVE without burster or expelling charge, non-fuzed",6.1,8,-,-,0,E0,P600,-,-,-
2017,催泪弹药，非爆炸性，不带 爆破装药或发射装药，没 有引信,"AMMUNITION, TEAR-PRODUCING, NON- EXPLOSIVE without burster or expelling charge, non-fuzed",6.1,8,-,-,0,E0,P600,-,-,-
2018,固态氯苯胺,"CHLOROANILINES, SOLID",6.1,-,Ⅱ,-,500 g,E4,P002 IBC08,"B2, B4",T3,TP33
2019,液态氯苯胺,"CHLOROANILINES, LIQUID",6.1,-,Ⅱ,-,100 mL,E4,P001 IBC02,-,T7,TP2
2020,固态氯苯酚,"CHLOROPHENOLS, SOLID",6.1,-,Ⅲ,205,5 kg,E1,P002 IBC08 LP02,B3,T1,TP33
2021,液态氯苯酚,"CHLOROPHENOLS, LIQUID",6.1,-,Ⅲ,-,5 L,E1,P001 IBC03 LP01,-,T4,TP1
2022,甲苯基酸(甲苯酚),CRESYLIC ACID,6.1,8,Ⅱ,-,100 mL,E4,P001 IBC02,-,T7,TP2 TP13
2023,"3-氯-1,2-环氧丙烷(表氯 醇)",EPICHLOROHYDRIN,6.1,3,Ⅱ,279,100 mL,E4,P001 IBC02,-,T7,TP2 TP13
2024,液态汞化合物，未另作规 定的,"MERCURY COMPOUND, LIQUID, N. O. S.",6.1,-,Ⅰ,43 66 274,0,E5,P001,-,-,-
2024,液态汞化合物，未另作规 定的,"MERCURY COMPOUND, LIQUID, N. O. S.",6.1,-,Ⅱ,43 66 274,100 mL,E4,P001 IBC02,-,-,-
2024,液态汞化合物，未另作规 定的,"MERCURY COMPOUND, LIQUID, N. O. S.",6.1,-,Ⅲ,43 66 223 274,5 L,E1,P001 IBC03 LP01,-,-,-
2025,固态汞化合物，未另作规 定的,"MERCURY COMPOUND, SOLID, N. O. S.",6.1,-,Ⅰ,43 66 274,0,E5,P002 IBC07,B1,T6,TP33
2025,固态汞化合物，未另作规 定的,"MERCURY COMPOUND, SOLID, N. O. S.",6.1,-,Ⅱ,43 66 274,500 g,E4,P002 IBC08,"B2, B4",T3,TP33
2025,固态汞化合物，未另作规 定的,"MERCURY COMPOUND, SOLID, N. O. S.",6.1,-,Ⅲ,43 66 223 274,5 kg,E1,P002 IBC08 LP02,B3,T1,TP33
2026,苯汞化合物，未另作规 定的,"PHENYLMERCURIC COMPOUND, N. O. S.",6.1,-,Ⅰ,43 274,0,E5,P002 IBC07,B1,T6,TP33
2026,苯汞化合物，未另作规 定的,"PHENYLMERCURIC COMPOUND, N. O. S.",6.1,-,Ⅱ,43 274,500 g,E4,P002 IBC08,"B2, B4",T3,TP33
2026,苯汞化合物，未另作规 定的,"PHENYLMERCURIC COMPOUND, N. O. S.",6.1,-,Ⅲ,43 223 274,5 kg,E1,P002 IBC08 LP02,B3,T1,FP33
2027,固态亚砷酸钠,"SODIUM ARSENITE, SOLID",6.1,-,Ⅱ,43,500 g,E4,P002 IBC08,"B2, B4",T3,TP33
2028,烟幕弹，非爆炸性，含腐蚀 性液体，不带引爆装置,"BOMBS, SMOKE, NON-EXPLOSIVE with corrosive liquid, without initiating device",8,-,-,-,0,E0,P803,-,-,-
2029,无水肼,"HYDRAZINE, ANHYDROUS",8,3 6.1,Ⅰ,132,0,E0,P001,-,-,PP5
2030,肼水溶液，按质量含肼高 于37%,"HYDRAZINE AQUEOUS SOLUTION with more than 37% hydrazine, by mass",8,6.1,Ⅰ,-,0,E0,P001,-,T10,TP2 TP13
2030,肼水溶液，按质量含肼高 于37%,"HYDRAZINE AQUEOUS SOLUTION with more than 37% hydrazine, by mass",8,6.1,Ⅱ,-,1 L,E0,P001 IBC02,-,T7,TP2 TP13
2030,肼水溶液，按质量含肼高 于37%,"HYDRAZINE AQUEOUS SOLUTION with more than 37% hydrazine, by mass",8,6.1,Ⅲ,-,5 L,E1,P001 IBC03 LP01,-,T4,TP1
2031,硝酸，发红烟的除外，含硝 酸高于70%,"NITRIC ACID, other than red fuming, with more than 70% nitric acid",8,5.1,Ⅰ,-,0,E0,P001,PP81,T10,TP2 TP13
2031,硝酸，发红烟的除外，含硝 酸至少65%，但不超过70%,"NITRIC ACID, other than red fuming, with at least 65%, but not more than 70% nitric acid",8,5.1,Ⅱ,-,1 L,E2,P001 IBC02,PP81 B15,T8,TP2
2031,硝酸，发红烟的除外，含硝 酸低于65%,"NITRIC ACID, other than red fuming, with less than 65% nitric acid",8,-,Ⅱ,-,1 L,E2,P001 IBC02,PP81 B15,T8,TP2
2032,硝酸，发红烟的,"NITRIC ACID, RED FUMING",8,5.1 6.1,Ⅰ,-,0,E0,P602,PP81,T20,TP2 TP13
2033,氧化钾,POTASSIUM MONOXIDE,8,-,Ⅱ,-,1 kg,E2,P002 IBC08,"B2, B4",T3,TP33
2034,压缩氢和甲烷混合物,"HYDROGEN AND METHANE MIXTURE, COMPRESSED",2.1,-,-,-,0,E0,P200,-,-,-
2035,1，1，1-三氟乙烷(制冷气体 R143a),"1,1,1-TRIFLUOROETHANE(REFRIGERANT GAS R143a)",2.1,-,-,-,0,E0,P200,-,T50,-
2036,氙,XENON,2.2,-,-,378 392,120 mL,E1,P200,-,-,-
2037,装气体的小型贮器(蓄气 筒)，没有释放装置，不能 再充气的,"RECEPTACLES, SMALL, CONTAINING GAS (GASCARTRIDGES) without a release device, non-refillable",2,-,-,191 277 303 327 344,见特殊规定 277,E0,P003 LP200,"PP17, PP96 L2",-,-
2038,液态二硝基甲苯,"DINITROTOLUENES, LIQUID",6.1,-,Ⅱ,-,100 mL,E4,P001 IBC02,-,T7,TP2
2044,2，2-二甲基丙烷,"2,2-DIMETHYLPROPANE",2.1,-,-,-,0,E0,P200,-,-,-
2045,异丁醛,ISOBUTYRALDEHYDE (ISOBUTYL ALDEHYDE),3,-,Ⅱ,-,1 L,E2,P001 IBC02,-,T4,TP1
2046,伞花烃,CYMENES,3,-,Ⅲ,-,5 L,E1,P001 IBC03 LP01,-,T2,TP1
2047,二氯丙烯,DICHLOROPROPENES,3,-,Ⅱ,-,1 L,E2,P001 IBC02,-,T4,TP1
2047,二氯丙烯,DICHLOROPROPENES,3,-,Ⅲ,223,5 L,E1,P001 IBC03 LP01,-,T2,TP1
2048,二聚环戊二烯(双茂),DICYCLOPENTADIENE,3,-,Ⅲ,-,5 L,E1,P001 IBC03 LP01,-,T2,TP1
2049,二乙基苯,DIETHYLBENZENE,3,-,Ⅲ,-,5 L,E1,P001 IBC03 LP01,-,T2,TP1
2050,二聚异丁烯异构物,"DIISOBUTYLENE, ISOMERIC COMPOUNDS",3,-,Ⅱ,-,1 L,E2,P001 IBC02,-,T4,TP1
2051,2-二甲氨基乙醇,2-DIMETHYLAMINOETHANOL,8,3,Ⅱ,-,1 L,E2,P001 IBC02,-,T7,TP2
2052,二聚戊烯,DIPENTENE,3,-,Ⅲ,-,5 L,E1,P001 IBC03 LP01,-,T2,TP1
2053,甲基异丁基甲醇,METHYL ISOBUTYL CARBINOL,3,-,Ⅲ,-,5 L,E1,P001 IBC03 LP01,-,T2,TP1
2054,吗啉,MORPHOLINE,8,3,Ⅰ,-,0,E0,P001,-,T10,TP2
2055,苯乙烯单体，稳定的,"STYRENE MONOMER, STABILIZED",3,-,Ⅲ,386,5 L,E1,P001 IBC03 LP01,-,T2,TP1
2056,四氢呋喃,TETRAHYDROFURAN,3,-,Ⅱ,-,1 L,E2,P001 IBC02,-,T4,TP1
2057,三聚丙烯,TRIPROPYLENE,3,-,Ⅱ,-,1 L,E2,P001 IBC02,-,T4,TP1
2057,三聚丙烯,TRIPROPYLENE,3,-,Ⅲ,223,5 L,E1,P001 IBC03 LP01,-,T2,TP1
2058,戊醛,VALERALDEHYDE,3,-,Ⅱ,-,1 L,E2,P001 IBC02,-,T4,TP1
2059,硝化纤维素溶液，易燃，按 干重含氮不超过12.6%， 含硝化纤维素不超过55%,"NITROCELLULOSE SOLUTION, FLAMMABLE with not more than 12.6% nitrogen, by dry mass, and not more than 55% nitrocellulose",3,-,Ⅰ,28 198,0,E0,P001,-,T11,TP1 TP8 TP27
2059,硝化纤维素溶液，易燃，按 干重含氮不超过12.6%， 含硝化纤维素不超过55%,"NITROCELLULOSE SOLUTION, FLAMMABLE with not more than 12.6% nitrogen, by dry mass, and not more than 55% nitrocellulose",3,-,Ⅱ,28 198,1 L,E0,P001 IBC02,-,T4,TP1 TP8
2059,硝化纤维素溶液，易燃，按 干重含氮不超过12.6%， 含硝化纤维素不超过55%,"NITROCELLULOSE SOLUTION, FLAMMABLE with not more than 12.6% nitrogen, by dry mass, and not more than 55% nitrocellulose",3,-,Ⅲ,28 198 223,5 L,E0,P001 IBC03 LP01,-,T2,TP1
2067,硝酸铵基化肥,AMMONIUM NITRATE BASED FERTILIZER,5.1,-,Ⅲ,306 307,5 kg,E1,P002 IBC08 LP02,B3,T1 BK1 BK2 BK3,TP33
2071,硝酸铵基化肥,AMMONIUM NITRATE BASED FERTILIZER,9,-,Ⅲ,193,5 kg,E1,P002 IBC08 LP02,B3,BK2,-
2073,氨溶液，水溶液在15℃时 的相对密度小于0.880，含 氨量高于35%，但不高 于50%,"AMMONIA SOLUTION, relative density less than 0.880 at 15 ℃ in water, with more than 35% but not more than 50% ammonia",2.2,-,-,-,120 mL,E0,P200,-,-,-
2074,固态丙烯酰胺,"ACRYLAMIDE, SOLID",6.1,-,Ⅲ,-,5 kg,E1,P002 IBC08 LP02,B3,T1,TP33
2075,无水氯醛，稳定的,"CHLORAL, ANHYDROUS, STABILIZED",6.1,-,Ⅱ,-,100 mL,E4,P001 IBC02,-,T7,TP2
2076,液态甲酚,"CRESOLS, LIQUID",6.1,8,Ⅱ,-,100 mL,E4,P001 IBC02,-,T7,TP2
2077,α-萘胺,alpha-NAPHTHYLAMINE,6.1,-,Ⅲ,-,5 kg,E1,P002 IBC08 LP02,B3,T1,TP33
2078,甲苯二异氰酸酯,TOLUENE DIISOCYANATE,6.1,-,Ⅱ,279,100 mL,E4,P001 IBC02,-,T7,TP2 TP13
2079,二乙撑三胺,DIETHYLENETRIAMINE,8,-,Ⅱ,-,1 L,E2,P001 IBC02,-,T7,TP2
2186,冷冻液态氯化氢,"HYDROGEN CHLORIDE, REFRIGERATED LIQUID",2.3,8,-,-,0,E0,P099,-,-,-
2187,冷冻液态二氧化碳,"CARBON DIOXIDE, REFRIGERATED LIQUID",2.2,-,-,-,120 mL,E1,P203,-,T75,TP5
2188,胂,ARSINE,2.3,2.1,-,-,0,E0,P200,-,-,-
2189,二氯硅烷,DICHLOROSILANE,2.3,2.1 8,-,-,0,E0,P200,-,-,-
2190,压缩二氟化氧,"OXYGEN DIFLUORIDE, COMPRESSED",2.3,5.1 8,-,-,0,E0,P200,-,-,-
2191,硫酰氟,SULPHURYL FLUORIDE,2.3,-,-,-,0,E0,P200,-,-,-
2192,锗烷,GERMANE,2.3,2.1,-,-,0,E0,P200,-,-,-
2193,六氟乙烷(制冷气体 R116),HEXAFLUOROETHANE(REFRIGERANT GAS R116),2.2,-,-,-,120 mL,E1,P200,-,-,-
2194,六氟化硒,SELENIUM HEXAFLUORIDE,2.3,8,-,-,0,E0,P200,-,-,-
2195,六氟化碲,TELLURIUM HEXAFLUORIDE,2.3,8,-,-,0,E0,P200,-,-,-
2196,六氟化钨,TUNGSTEN HEXAFLUORIDE,2.3,8,-,-,0,E0,P200,-,-,-
2197,无水碘化氢,"HYDROGEN IODIDE, ANHYDROUS",2.3,8,-,-,0,E0,P200,-,-,-
2198,五氟化磷,PHOSPHORUS PENTAFLUORIDE,2.3,8,-,-,0,E0,P200,-,-,-
2199,磷化氢(膦),PHOSPHINE,2.3,2.1,-,-,0,E0,P200,-,-,-
2200,丙二烯，稳定的,"PROPADIENE, STABILIZED",2.1,-,-,386,0,E0,P200,-,-,-
2201,冷冻液态氧化亚氮,"NITROUS OXIDE, REFRIGERATED LIQUID",2.2,5.1,-,-,0,E0,P203,-,T75,TP5 TP22
2202,无水硒化氢,"HYDROGEN SELENIDE, ANHYDROUS",2.3,2.1,-,-,0,E0,P200,-,-,-
2203,硅烷,SILANE,2.1,-,-,-,0,E0,P200,-,-,-
2204,硫化羰,CARBONYL SULPHIDE,2.3,2.1,-,-,0,E0,P200,-,-,-
2205,己二腈,ADIPONITRILE,6.1,-,Ⅲ,-,5 L,E1,P001 IBC03 LP01,-,T3,TP1
2206,异氰酸盐(酯)，毒性，未另 作规定的或异氰酸盐(酯) 溶液，毒性，未另作规定的,"ISOCYANATES, TOXIC, N. O. S. or ISOCYANATE SOLUTION, TOXIC, N. O. S.",6.1,-,Ⅱ,274,100 mL,E4,P001 IBC02,-,T11,TP2 TP13 TP27
2206,异氰酸盐(酯)，毒性，未另 作规定的或异氰酸盐(酯) 溶液，毒性，未另作规定的,"ISOCYANATES, TOXIC, N. O. S. or ISOCYANATE SOLUTION, TOXIC, N. O. S.",6.1,-,Ⅲ,223 274,5 L,E1,P001 IBC03 LP01,-,T7,TP1 TP13 TP28
2208,次氯酸钙混合物，干的，含 有效氯高于 10%，但不高 于39%,"CALCIUM HYPOCHLORITE MIXTURE, DRY with more than 10% but not more than 39% available chlorine",5.1,-,Ⅲ,314,5 kg,E1,P002 IBC08 LP02,"PP85 B3,B13 L3",-,-
2209,甲醛溶液，甲醛含量不低 于25%,FORMALDEHYDE SOLUTION with not less than 25% formaldehyde,8,-,Ⅲ,-,5 L,E1,P001 IBC03 LP01,-,T4,TP1
2210,代森锰或代森锰制剂，代 森锰含量不低于60%,MANEB or MANEB PREPARATION with not less than 60% maneb,4.2,4.3,Ⅲ,273,0,E1,P002 IBC06,-,T1,TP33
2211,聚合珠粒料，可膨胀，会放 出易燃气体,"POLYMERIC BEADS,EXPANDABLE, evolving flammable vapour",9,-,Ⅲ,382,5 kg,E1,P002 IBC08,"PP14 B3, B6",T1,TP33
2212,石棉，闪石(铁石棉、透闪 石、阳起石、直闪石、青石 棉),"ASBESTOS, AMPHIBOLE(amosite, tremolite, actinolite, anthophyllite, crocidolite)",9,-,Ⅱ,168 274,1 kg,E0,P002 IBC08,"PP37 B2, B4",T3,TP33
2213,仲甲醛,PARAFORMALDEHYDE,4.1,-,Ⅲ,223,5 kg,E1,P002 IBC08 LP02,PP12 B3,T1 BK1 BK2 BK3,TP33
2214,邻苯二甲酸酐，含马来酸 酐高于0.05%,PHTHALIC ANHYDRIDE with more than 0.05% of maleic anhydride,8,-,Ⅲ,169,5 kg,E1,P002 IBC08 LP02,B3,T1,TP33
2215,马来酸酐,MALEIC ANHYDRIDE,8,-,Ⅲ,-,5 kg,E1,P002 IBC08,B3,T1,TP33
2215,熔融马来酸酐,"MALEIC ANHYDRIDE, MOLTEN",8,-,Ⅲ,-,0,E0,无,-,T4,TP3
2216,鱼粉(鱼屑)，稳定的,"FISH MEAL (FISH SCRAP), STABILIZED",9,-,Ⅲ,29 117 300 308,0,E1,P900 IBC08,B3,T1 BK2,TP33
2217,"种子油饼，含油不超过 1.5%,含水不超过11%",SEED CAKE with not more than 1.5% oil and not more than 11% moisture,4.2,-,Ⅲ,29 142,0,E0,P002 IBC08 LP02,"PP20 B3, B6",BK2,-
2218,丙烯酸，稳定的,"ACRYLIC ACID, STABILIZED",8,3,Ⅱ,386,1 L,E2,P001 IBC02,-,T7,TP2
2219,烯丙基缩水甘油醚,ALLYL GLYCIDYL ETHER,3,-,Ⅲ,-,5 L,E1,P001 IBC03 LP01,-,T2,TP1
2222,茴香醚,ANISOLE,3,-,Ⅲ,-,5 L,E1,P001 IBC03 LP01,-,T2,TP1
2224,苄腈,BENZONITRILE,6.1,-,Ⅱ,-,100 mL,E4,P001 IBC02,-,T7,TP2
2225,苯磺酰氯,BENZENESULPHONYL CHLORIDE,8,-,Ⅲ,-,5 L,E1,P001 IBC03 LP01,-,T4,TP1
2226,三氯甲苯(三氯化苄),BENZOTRICHLORIDE,8,-,Ⅱ,-,1 L,E2,P001 IBC02,-,T7,TP2
2227,甲基丙烯酸正丁酯，稳 定的,"n-BUTYL METHACRYLATE, ST ABILIZED",3,-,Ⅲ,386,5 L,E1,P001 IBC03 LP01,-,T2,TP1
2232,2-氯乙醛,2-CHLOROETHANAL,6.1,-,Ⅰ,354,0,E0,P602,-,T20,TP2 TP13
2233,氯代茴香胺,CHLOROANISIDINES,6.1,-,Ⅲ,三,5 kg,E1,P002 IBC08 LP02,B3,T1,TP33
2234,三氟甲基氯苯,CHLOROBENZOTRIFLUORIDES,3,-,Ⅲ,-,5 L,E1,P001 IBC03 LP01,-,T2,TP1
2235,液态氯苯甲基氯,"CHLOROBENZYL CHLORIDES, LIQUID",6.1,-,Ⅲ,-,5 L,E1,P001 IBC03 LP01,-,T4,TP1
2236,液态异氰酸 3-氯-4-甲基 苯酯,"3-CHLORO-4-METHYLPHENYLISOCYANATE, LIQUID",6.1,-,Ⅱ,-,100 mL,E4,P001 IBC02,-,-,-
2237,硝基氯苯胺,CHLORONITROANILINES,6.1,-,Ⅲ,-,5 kg,E1,P002 IBC08 LP02,B3,T1,TP33
2238,氯甲苯,CHLOROTOLUENES,3,-,Ⅲ,-,5 L,E1,P001 IBC03 LP01,-,T2,TP1
2239,固态甲基氯苯胺,"CHLOROTOLUIDINES, SOLID",6.1,-,Ⅲ,-,5 kg,E1,P002 IBC08 LP02,B3,T1,TP33
2240,铬硫酸,CHROMOSULPHURIC ACID,8,-,Ⅰ,-,0,E0,P001,-,T10,TP2 TP13
2241,环庚烷,CYCLOHEPTANE,3,-,Ⅱ,-,1 L,E2,P001 IBC02,-,T4,TP1
2242,环庚烯,CYCLOHEPTENE,3,-,Ⅱ,-,1 L,E2,P001 IBC02,-,T4,TP1
2243,乙酸环己酯,CYCLOHEXYL ACETATE,3,-,Ⅲ,-,5 L,E1,P001 IBC03 LP01,-,T2,TP1
2244,环戊醇,CYCLOPENTANOL,3,-,Ⅲ,-,5 L,E1,P001 IBC03 LP01,-,T2,TP1
2245,环戊酮,CYCLOPENTANONE,3,-,Ⅲ,-,5 L,E1,P001 IBC03 LP01,-,T2,TP1
2246,环戊烯,CYCLOPENTENE,3,-,Ⅱ,-,1 L,E2,P001 IBC02,B8,T7,TP2
2247,正癸烷,n-DECANE,3,-,Ⅲ,-,5 L,E1,P001 IBC03 LP01,-,T2,TP1
2248,二正丁胺,DI-n-BUTYLAMINE,8,3,Ⅱ,-,1 L,E2,P001 IBC02,-,T7,TP2
2249,对称二氯二甲醚,"DICHLORODIMETHYL ETHER,SYMMETRICAL",6.1,3,Ⅰ,-,0,E0,P099,-,-,-
2250,异氰酸二氯苯酯,DICHLOROPHENYL ISOCYANATES,6.1,-,Ⅱ,-,500 g,E4,P002 IBC08,"B2, B4",T3,TP33
2251,"二环[2.2.1]庚-2,5-二烯, 稳定的(2，5-降冰片二烯， 稳定的)","BICYCLO[2.2.1]-HEPTA-2,5-DIENE, STABILIZED (2,5-NORBORNADIENE, STABILIZED)",3,-,Ⅱ,386,1 L,E2,P001 IBC02,-,T7,TP2
2252,1，2-二甲氧基乙烷,"1,2-DIMETHYOXYETHANE",3,-,Ⅱ,-,1 L,E2,P001 IBC02,-,T4,TP1
2253,N，N-二甲基苯胺,"N,N-DIMETHYLANILINE",6.1,-,Ⅱ,-,100 mL,E4,P001 IBC02,-,T7,TP2
2254,耐风火柴,"MATCHES, FUSEE",4.1,-,Ⅲ,293,5 kg,E0,P407,-,T7,-
2256,环己烯,CYCLOHEXENE,3,-,Ⅱ,-,1 L,E2,P001 IBC02,-,T4,TP1
2257,钾,POTASSIUM,4.3,-,Ⅰ,-,0,E0,P403 IBC04,B1,T9,TP7 TP33
2258,丙邻二胺(1，2-二氨基丙 烷),"1,2-PROPYLENEDIAMINE",8,3,Ⅱ,-,1 L,E2,P001 IBC02,-,T7,TP2
2259,三亚乙基四胺,TRIETHYLENETETRAMINE,8,-,Ⅱ,-,1 L,E2,P001 IBC02,-,T7,TP2
2260,三丙胺,TRIPROPYLAMINE,3,8,Ⅲ,-,5 L,E1,P001 IBC03,-,T4,TP1
2261,固态二甲苯酚,"XYLENOLS, SOLID",6.1,-,Ⅱ,-,500 g,E4,P002 IBC08,"B2, B4",T3,TP33
2262,二甲胺基甲酰氯,DIMETHYLCARBAMOYL CHLORIDE,8,-,Ⅱ,-,1 L,E2,P001 IBC02,-,T7,TP2
2263,二甲基环己烷,DIMETHYLCYCLOHEXANES,3,-,Ⅱ,-,1 L,E2,P001 IBC02,-,T4,TP1
2264,N，N-二甲基环己胺,"N,N-DIMETHYL-CYCLOHEXYLAMINE",8,3,Ⅱ,-,1 L,E2,P001 IBC02,-,T7,TP2
2265,N，N-二甲基甲酰胺,"N,N-DIMETHYLFORMAMIDE",3,-,Ⅲ,-,5 L,E1,P001 IBC03 LP01,-,T2,TP2
2266,N，N-二甲基丙胺,DIMETHYL-N-PROPYLAMINE,3,8,Ⅱ,-,1 L,E2,P001 IBC02,-,T7,TP2 TP13
2267,二甲基硫代磷酰氯,DIMETHYL THIOPHOSPHORYL CHLORIDE,6.1,8,Ⅱ,-,100 mL,E4,P001 IBC02,-,T7,TP2
2269,3，3'-亚氨基二丙胺(三丙 撑三胺),"3,3'-IMINODIPROPYLAMINE",8,-,Ⅲ,-,5 L,E1,P001 IBC03 LP01,-,T4,TP2
2270,"乙胺水溶液，含乙胺不低 于50%,但不超过 70%","ETHYLAMINE, AQUEOUS SOLUTION with not less than 50% but not more than 70% ethylamine",3,8,Ⅱ,-,1 L,E2,P001 IBC02,-,T7,TP1
2271,乙基戊基酮(乙戊酮),ETHYL AMYL KETONE,3,-,Ⅲ,-,5 L,E1,P001 IBC03 LP01,-,T2,TP1
2272,N-乙基苯胺,N-ETHYLANILINE,6.1,-,Ⅲ,,5 L,E1,P001 IBC03 LP01,-,T4,TP1
2273,2-乙基苯胺,2-ETHYLANILINE,6.1,-,Ⅲ,-,5 L,E1,P001 IBC03 LP01,-,T4,TP1
2274,N-乙基-N-苄基苯胺,N-ETHYL-N-BENZYLANILINE,6.1,-,Ⅲ,-,5 L,E1,P001 IBC03 LP01,-,T4,TP1
2275,2-乙基丁醇,2-ETHYLBUTANOL,3,-,Ⅲ,-,5 L,E1,P001 IBC03 LP01,-,T2,TP1
2276,2-乙基己胺,2-ETHYLHEXYLAMINE,3,8,Ⅲ,-,5 L,E1,P001 IBC03,-,T4,TP1
2277,甲基丙烯酸乙酯，稳定的,"ETHYL METHACRYLATE, STABILIZED",3,-,Ⅱ,386,1 L,E2,P001 IBC02,-,T4,TP1
2278,正庚烯,n-HEPTENE,3,-,Ⅱ,-,1 L,E2,P001 IBC02,-,T4,TP1
2279,六氯丁二烯,HEXACHLOROBUTADIENE,6.1,-,Ⅲ,-,5 L,E1,P001 IBC03 LP01,-,T4,TP1
2280,固态六亚甲基二胺(己撑 二胺),"HEXAMETHYLENEDIAMINE, SOLID",8,-,Ⅲ,-,5 kg,E1,P002 IBC08 LP02,B3,T1,TP33
2281,1，6-二异氰酸正己酯(己撑 二异氰酸酯),HEXAMETHYLENE-DIISOCYANATE,6.1,-,Ⅱ,-,100 mL,E4,P001 IBC02,-,T7,TP2 TP13
2282,己醇,HEXANOLS,3,-,Ⅲ,-,5 L,E1,P001 IBC03 LP01,-,T2,TP1
2283,甲基丙烯酸异丁酯，稳 定的,"ISOBUTYL METHACRYLATE, STABILIZED",3,-,Ⅲ,386,5 L,E1,P001 IBC03 LP01,-,T2,TP1
2284,异丁腈,ISOBUTYRONITRILE,3,6.1,Ⅱ,-,1 L,E2,P001 IBC02,-,T7,TP2 TP13
2285,异氰酸三氟甲基苯酯,ISOCYANATOBENZO-TRIFLUORIDES,6.1,3,Ⅱ,-,100 mL,E4,P001 IBC02,-,T7,TP2
2286,五甲基庚烷,PENTAMETHYLHEPTANE,3,-,Ⅲ,-,5 L,E1,P001 IBC03 LP01,-,T2,TP1
2287,异庚烯,ISOHEPTENES,3,-,Ⅱ,-,1 L,E2,P001 IBC02,-,T4,TP1
2288,异己烯,ISOHEXENES,3,-,Ⅱ,-,1 L,E2,P001 IBC02,B8,T11,TP1
2289,异佛尔酮二胺,ISOPHORONEDIAMINE,8,-,Ⅲ,-,5 L,E1,P001 IBC03 LP01,-,T4,TP1
2290,二异氰酸异佛尔酮酯,ISOPHORONE DIISOCYANATE,6.1,-,Ⅲ,-,5 L,E1,P001 IBC03 LP01,-,T4,TP2
2291,可溶铅化合物，未另作规 定的,"LEAD COMPOUND, SOLUBLE, N. O. S.",6.1,-,Ⅲ,199 274,5 kg,E1,P002 IBC08 LP02,B3,T1,TP33
2293,4-甲氧基-4-甲基-2-戊酮,4-METHOXY-4-METHYLPENTAN-2-ONE,3,-,Ⅲ,-,5 L,E1,P001 IBC03 LP01,-,T2,TP1
2294,N-甲基苯胺,N-METHYLANILINE,6.1,-,Ⅲ,-,5 L,E1,P001 IBC03 LP01,-,T4,TP1
2295,氯乙酸甲酯,METHYL CHLOROACETATE,6.1,3,Ⅰ,-,0,E0,P001,-,T14,TP2 TP13
2296,甲基环己烷,METHYLCYCLOHEXANE,3,-,Ⅱ,-,1 L,E2,P001 IBC02,-,T4,TP1
2297,甲基环己酮,METHYLCYCLOHEXANONE,3,-,Ⅲ,-,5 L,E1,P001 IBC03 LP01,-,T2,TP1
2298,甲基环戊烷,METHYLCYCLOPENTANE,3,-,Ⅱ,-,1 L,E2,P001 IBC02,-,T4,TP1
2299,二氯乙酸甲酯,METHYL DICHLOROACETATE,6.1,-,Ⅲ,-,5 L,E1,P001 IBC03 LP01,-,T4,TP1
2300,2-甲基-5-乙基吡啶,2-METHYL-5-ETHYLPYRIDINE,6.1,-,Ⅲ,-,5 L,E1,P001 IBC03 LP01,-,T4,TP1
2301,2-甲基呋喃,2-METHYLFURAN,3,-,Ⅱ,-,1 L,E2,P001 IBC02,-,T4,TP1
2302,5-甲基-2-己酮,5-METHYLHEXAN-2-ONE,3,-,Ⅲ,-,5 L,E1,P001 IBC03 LP01,-,T2,TP1
2303,异丙烯基苯,ISOPROPENYLBENZENE,3,-,Ⅲ,-,5 L,E1,P001 IBC03 LP01,-,T2,TP1
2304,熔融萘,"NAPHTHALENE, MOLTEN",4.1,-,Ⅲ,-,0,E0,无,-,T1,TP3
2305,硝基苯磺酸,NITROBENZENESULPHONICACID,8,-,Ⅱ,-,1 kg,E2,P002 IBC08,"B2, B4",T3,TP33
2306,液态硝基三氟甲苯,"NITROBENZOTRIFLUORIDES, LIQUID",6.1,-,Ⅱ,-,100 mL,E4,P001 IBC02,-,T7,TP2
2307,3-硝基-4-氯三氟甲基苯,3-NITRO-4-CHLOROBENZOTRIFLUORIDE,6.1,-,Ⅱ,-,100 mL,E4,P001 IBC02,-,T7,TP2
2308,液态亚硝基硫酸,"NITROSYLSULPHURIC ACID, LIQUID",8,-,Ⅱ,-,1 L,E2,P001 IBC02,-,T8,TP2
2309,辛二烯,OCTADIENE,3,-,Ⅱ,-,1 L,E2,P001 IBC02,-,T4,TP1
2310,2.4-戊二酮,"PENTANE-2,4-DIONE",3,6.1,Ⅲ,-,5 L,E1,P001 IBC03,-,T4,TP1
2311,氨基苯乙醚,PHENETIDINES,6.1,-,Ⅲ,279,5 L,E1,P001 IBC03 LP01,-,T4,TP1
2312,熔融苯酚,"PHENOL, MOLTEN",6.1,-,Ⅱ,-,0,E0,无,-,T7,TP3
2313,甲基吡啶(皮考啉),PICOLINES,3,-,Ⅲ,-,5 L,E1,P001 IBC03 LP01,-,T4,TP1
2315,液态多氯联苯,"POLYCHLORINATED BIPHENYLS, LIQUID",9,-,Ⅱ,305,1 L,E2,P906 IBC02,-,T4,TP1
2316,固态氰亚铜酸钠,"SODIUM CUPROCYANIDE, SOLID",6.1,-,Ⅰ,-,0,E5,P002 IBC07,B1,T6,TP33
2317,氰亚铜酸钠溶液,SODIUM CUPROCYANIDE SOLUTION,6.1,-,Ⅰ,-,0,E5,P001,-,T14,TP2 TP13
2318,硫氢化钠，含结晶水低 于 25%,SODIUM HYDROSULPHIDE with less than 25% water of crystallization,4.2,-,Ⅱ,-,0,E2,P410 IBC06,B2,T3,TP33
2319,萜烃，未另作规定的,"TERPENE HYDROCARBONS, N. O. S.",3,-,Ⅲ,-,5 L,E1,P001 IBC03 LP01,-,T4,TP1 TP29
2320,四亚乙基五胺,TETRAETHYLENEPENTAMINE,8,-,Ⅲ,-,5 L,E1,P001 IBC03 LP01,-,T4,TP1
2321,液态三氯苯,"TRICHLOROBENZENES, LIQUID",6.1,-,Ⅲ,-,5 L,E1,P001 IBC03 LP01,-,T4,TP1
2322,三氯丁烯,TRICHLOROBUTENE,6.1,-,Ⅱ,-,100 mL,E4,P001 IBC02,-,T7,TP2
2323,亚磷酸三乙酯,TRIETHYL PHOSPHITE,3,-,Ⅲ,-,5 L,E1,P001 IBC03 LP01,-,T2,TP1
2324,三聚异丁烯,TRIISOBUTYLENE,3,-,Ⅲ,-,5 L,E1,P001 IBC03 LP01,-,T4,TP1
2325,1.3.5-三甲基苯,"1,3,5-TRIMETHYLBENZENE",3,-,Ⅲ,-,5 L,E1,P001 IBC03 LP01,-,T2,TP1
2326,三甲基环己胺,TRIMETHYL-CYCLOHEXYLAMINE,8,-,Ⅲ,-,5 L,E1,P001 IBC03 LP01,-,T4,TP1
2327,三甲基六亚甲基二胺,TRIMETHYL-HEXAMETHYLENEDIAMINES,8,-,Ⅲ,-,5 L,E1,P001 IBC03 LP01,-,T4,TP1
2328,三甲基六亚甲基二异氰 酸酯,TRIMETHYLHEXA- METHYLENEDIISOCYANATE,6.1,-,Ⅲ,-,5 L,E1,P001 IBC03 LP01,-,T4,TP2 TP13
2329,亚磷酸三甲酯,TRIMETHYL PHOSPHITE,3,-,Ⅲ,-,5 L,E1,P001 IBC03 LP01,-,T2,TP1
2330,十一烷,UNDECANE,3,-,Ⅲ,-,5 L,E1,P001 IBC03 LP01,-,T2,TP1
2331,无水氯化锌,"ZINC CHLORIDE, ANH YDROUS",8,-,Ⅲ,-,5 kg,E1,P002 IBC08 LP02,B3,T1,TP33
2332,乙醛肟,ACETALDEHYDE OXIME,3,-,Ⅲ,-,5 L,E1,P001 IBC03 LP01,-,T4,TP1
2333,乙酸烯丙酯,ALLYL ACETATE,3,6.1,Ⅱ,-,1 L,E2,P001 IBC02,-,T7,TP1 TP13
2334,烯丙胺,ALLYLAMINE,6.1,3,Ⅰ,354,0,E0,P602,-,T20,TP2 TP13
2335,烯丙基乙基醚,ALLYL ETHYL ETHER,3,6.1,Ⅱ,-,1 L,E2,P001 IBC02,-,T7,TP1 TP13
2336,甲酸烯丙酯,ALLYL FORMATE,3,6.1,Ⅰ,-,0,E0,P001,-,T14,TP2 TP13
2337,苯硫酚,PHENYL MERCAPTAN,6.1,3,Ⅰ,354,0,E0,P602,-,T20,TP2 TP13
2338,三氟甲苯,BENZOTRIFLUORIDE,3,-,Ⅱ,-,1 L,E2,P001 IBC02,-,T4,TP1
2339,2-溴丁烷,2-BROMOBUTANE,3,-,Ⅱ,-,1 L,E2,P001 IBC02,-,T4,TP1
2340,2-溴乙基乙基醚,2-BROMOETHYL ETHYL ETHER,3,-,Ⅱ,-,1 L,E2,P001 IBC02,-,T4,TP1
2341,1-溴-3-甲基丁烷,1-BROMO-3-METHYLBUTANE,3,-,Ⅲ,-,5 L,E1,P001 IBC03 LP01,-,T2,TP1
2342,溴甲基丙烷,BROMOMETHYLPROPANES,3,-,Ⅱ,-,1 L,E2,P001 IBC02,-,T4,TP1
2343,2-溴戊烷,2-BROMOPENTANE,3,-,Ⅱ,-,1 L,E2,P001 IBC02,-,T4,TP1
2344,溴丙烷,BROMOPROPANES,3,-,Ⅱ,-,1 L,E2,P001 IBC02,-,T4,TP1
2344,溴丙烷,BROMOPROPANES,3,-,Ⅲ,223,5 L,E1,P001 IBC03 LP01,-,T2,TP1
2345,3-溴丙炔,3-BROMOPROPYNE,3,-,Ⅱ,-,1 L,E2,P001 IBC02,-,T4,TP1
2346,丁二酮,BUTANEDIONE,3,-,Ⅱ,-,1 L,E2,P001 IBC02,-,T4,TP1
2347,丁硫醇,BUTYL MERCAPTAN,3,-,Ⅱ,-,1 L,E2,P001 IBC02,-,T4,TP1
2348,丙烯酸丁酯，稳定的,"BUTYL ACRYLATES, STABILIZED",3,-,Ⅲ,386,5 L,E1,P001 IBC03 LP01,-,T2,TP1
2350,甲基丁基醚(甲丁醚),BUTYL METHYL ETHER,3,-,Ⅱ,-,1 L,E2,P001 IBC02,-,T4,TP1
2351,亚硝酸丁酯,BUTYL NITRITES,3,-,Ⅱ,-,1 L,E2,P001 IBC02,-,T4,TP1
2351,亚硝酸丁酯,BUTYL NITRITES,3,-,Ⅲ,223,5 L,E1,P001 IBC03 LP01,-,T2,TP1
2352,乙烯基丁基醚，稳定的,"BUTYL VINYL ETHER, STABILIZED",3,-,Ⅱ,386,1 L,E2,P001 IBC02,-,T4,TP1
2353,丁酰氯,BUTYRYL CHLORIDE,3,8,Ⅱ,-,1 L,E2,P001 IBC02,-,T8,TP2 TP13
2354,氯甲基乙基醚,CHLOROMETHYL ETHYL ETHER,3,6.1,Ⅱ,-,1 L,E2,P001 IBC02,-,T7,TP1 TP13
2356,2-氯丙烷,2-CHLOROPROPANE,3,-,Ⅰ,-,0,E3,P001,-,T11,TP2 TP13
2357,环己胺,CYCLOHEXYLAMINE,8,3,Ⅱ,-,1 L,E2,P001 IBC02,-,T7,TP2
2358,环辛四烯,CYCLOOCTATETRAENE,3,-,Ⅱ,-,1 L,E2,P001 IBC02,-,T4,TP1
2359,二烯丙基胺,DIALLYLAMINE,3,6.1 8,Ⅱ,-,1 L,E2,P001 IBC99,-,T7,TP1
2360,二烯丙基醚,DIALLYL ETHER,3,6.1,Ⅱ,-,1 L,E2,P001 IBC02,-,T7,TP1 TP13
2361,二异丁胺,DIISOBUTYLAMINE,3,8,Ⅲ,-,5 L,E1,P001 IBC03,-,T4,TP1
2362,1.1-二氯乙烷,"1,1-DICHLOROETHANE",3,-,Ⅱ,-,1 L,E2,P001 IBC02,-,T4,TP1
2363,乙硫醇,ETHYL MERCAPTAN,3,-,Ⅰ,-,0,E0,P001,-,T11,TP2 TP13
2364,正丙苯,n-PROPYLBENZENE,3,-,Ⅲ,-,5 L,E1,P001 IBC03 LP01,-,T2,TP1
2366,碳酸二乙酯,DIETHYL CARBONATE,3,-,Ⅲ,-,5 L,E1,P001 IBC03 LP01,-,T2,TP1
2367,α-甲基戊醛,alpha-METHYLVALERAL-DEH YDE,3,-,Ⅱ,-,1 L,E2,P001 IBC02,-,T4,TP1
2368,α-蒎烯,alpha-PINENE,3,-,Ⅲ,-,5 L,E1,P001 IBC03 LP01,-,T2,TP1
2370,1-己烯,1-HEXENE,3,-,Ⅱ,-,1 L,E2,P001 IBC02,-,T4,TP1
2371,异戊烯类,ISOPENTENES,3,-,Ⅰ,-,0,E3,P001,-,T11,TP2
2372,1，2-二-(二甲氨基)乙烷,"1,2-DI-(DIMETHYLAMINO) ETHANE",3,-,Ⅱ,-,1 L,E2,P001 IBC02,-,T4,TP1
2373,二乙氧基甲烷,DIETHOXYMETHANE,3,-,Ⅱ,-,1 L,E2,P001 IBC02,-,T4,TP1
2374,3.3-二乙氧基丙烯,"3,3-DIETHOXYPROPENE",3,-,Ⅱ,-,1 L,E2,P001 IBC02,-,T4,TP1
2375,二乙硫醚(二乙硫),DIETHYL SULPHIDE,3,-,Ⅱ,-,1 L,E2,P001 IBC02,-,T7,TP1 TP13
2376,2，3-二氢吡喃,"2,3-DIH YDROPYRAN",3,-,Ⅱ,-,1 L,E2,P001 IBC02,-,T4,TP1
2377,1，1-二甲氧基乙烷,"1,1-DIMETHOXYETHANE",3,-,Ⅱ,-,1 L,E2,P001 IBC02,-,T7,TP1
2378,2-二甲氨基乙腈,2-DIMETHYLAMINO-ACETONITRILE,3,6.1,Ⅱ,-,1 L,E2,P001 IBC02,-,T7,TP1
2379,1.3-二甲基丁胺,"1,3-DIMETHYLBUTYLAMINE",3,8,Ⅱ,-,1 L,E2,P001 IBC02,-,T7,TP1
2380,二甲基二乙氧基硅烷,DIMETHYLDIETHOXYSILANE,3,-,Ⅱ,-,1 L,E2,P001 IBC02,-,T4,TP1
2381,二甲二硫,DIMETHYL DISULPHIDE,3,6.1,Ⅱ,354,1 L,E0,P001 IBC02,-,T7,TP2 TP13
2382,对称二甲肼,"DIMETHYLHYDRAZINE, SYMMETRICAL",6.1,3,Ⅰ,354,0,E0,P602,-,T20,TP2 TP13
2383,二丙胺,DIPROPYLAMINE,3,8,Ⅱ,-,1 L,E2,P001 IBC02,-,T7,TP1
2384,二正丙醚,DI-n-PROPYL ETHER,3,-,Ⅱ,-,1 L,E2,P001 IBC02,-,T4,TP1
2385,异丁酸乙酯,ETHYL ISOBUTYRATE,3,-,Ⅱ,-,1 L,E2,P001 IBC02,-,T4,TP1
2386,1-乙基哌啶,1-ETHYLPIPERIDINE,3,8,Ⅱ,-,1 L,E2,P001 IBC02,-,T7,TP1
2387,氟苯,FLUOROBENZENE,3,-,Ⅱ,-,1 L,E2,P001 IBC02,-,T4,TP1
2388,氟代甲苯,FLUOROTOLUENES,3,-,Ⅱ,-,1 L,E2,P001 IBC02,-,T4,TP1
2389,呋喃,FURAN,3,-,Ⅰ,-,0,E3,P001,-,T12,TP2 TP13
2390,2-碘丁烷,2-IODOBUTANE,3,-,Ⅱ,-,1 L,E2,P001 IBC02,-,T4,TP1
2391,碘甲基丙烷,IODOMETHYLPROPANES,3,-,Ⅱ,-,1 L,E2,P001 IBC02,-,T4,TP1
2392,碘丙烷,IODOPROPANES,3,-,Ⅲ,-,5 L,E1,P001 IBC03 LP01,-,T2,TP1
2393,甲酸异丁酯,ISOBUTYL FORMATE,3,-,Ⅱ,-,1 L,E2,P001 IBC02,-,T4,TP1
2394,丙酸异丁酯,ISOBUTYL PROPIONATE,3,-,Ⅲ,-,5 L,E1,P001 IBC03 LP01,-,T2,TP1
2395,异丁酰氯,ISOBUTYRYL CHLORIDE,3,8,Ⅱ,-,1 L,E2,P001 IBC02,-,T7,TP2
2396,甲基丙烯醛，稳定的,"METHACRYLALDEHYDE, STABILIZED",3,6.1,Ⅱ,386,1 L,E2,P001 IBC02,-,T7,TP1 TP13
2397,3-甲基-2-丁酮,3-METHYLBUTAN-2-ONE,3,-,Ⅱ,-,1 L,E2,P001 IBC02,-,T4,TP1
2398,甲基叔丁基醚,METHYL tert-BUTYL ETHER,3,-,Ⅱ,-,1 L,E2,P001 IBC02,-,T7,TP1
2399,1-甲基哌啶,1-METHYLPIPERIDINE,3,8,Ⅱ,-,1 L,E2,P001 IBC02,-,T7,TP1
2400,异戊酸甲酯,METHYL ISOVALERATE,3,-,Ⅱ,-,1 L,E2,P001 IBC02,-,T4,TP1
2401,哌啶,PIPERIDINE,8,3,Ⅰ,-,0,E0,P001,-,T10,TP2
2402,丙硫醇,PROPANETHIOLS,3,-,Ⅱ,-,1 L,E2,P001 IBC02,-,T4,TP1 TP13
2403,乙酸异丙烯酯,ISOPROPENYL ACETATE,3,-,Ⅱ,-,1 L,E2,P001 IBC02,-,T4,TP1
2404,丙腈,PROPIONITRILE,3,6.1,Ⅱ,-,1 L,E0,P001 IBC02,-,T7,TP1 TP13
2405,丁酸异丙酯,ISOPROPYL BUTYRATE,3,-,Ⅲ,-,5 L,E1,P001 IBC03 LP01,-,T2,TP1
2406,异丁酸异丙酯,ISOPROPYL ISOBUTYRATE,3,-,Ⅱ,-,1 L,E2,P001 IBC02,-,T4,TP1
2407,氯甲酸异丙酯,ISOPROPYL CHLOROFORMATE,6.1,38,Ⅰ,354,0,E0,P602,-,-,-
2409,丙酸异丙酯,ISOPROPYL PROPIONATE,3,-,Ⅱ,-,1 L,E2,P001 IBC02,-,T4,TP1
2410,"1,2,3,6-四氢吡啶","1,2,3,6-TETRAHYDROPYRIDINE",3,-,Ⅱ,-,1 L,E2,P001 IBC02,-,T4,TP1
2411,丁腈,BUTYRONITRILE,3,6.1,Ⅱ,-,1 L,E2,P001 IBC02,-,T7,TP1 TP13
2412,四氢噻吩,TETRAHYDROTHIOPHENE,3,-,Ⅱ,-,1 L,E2,P001 IBC02,-,T4,TP1
2413,原钛酸四丙酯,TETRAPROPYL ORTHOTITANATE,3,-,Ⅲ,-,5 L,E1,P001 IBC03 LP01,-,T4,TP1
2414,噻吩,THIOPHENE,3,-,Ⅱ,-,1 L,E2,P001 IBC02,-,T4,TP1
2416,硼酸三甲酯,TRIMETHYL BORATE,3,-,Ⅱ,-,1 L,E2,P001 IBC02,-,T7,TP1
2417,碳酰氟,CARBONYL FLUORIDE,2.3,8,-,-,0,E0,P200,-,-,-
2418,四氟化硫,SULPHUR TETRAFLUORIDE,2.3,8,-,-,0,E0,P200,-,-,-
2419,溴三氟乙烯,BROMOTRIFLUOROETHYLENE,2.1,-,-,-,0,E0,P200,-,-,-
2420,六氟丙酮,HEXAFLUOROACETONE,2.3,8,-,-,0,E0,P200,-,-,-
2421,三氧化二氮,NITROGEN TRIOXIDE,2.3,5.1 8,-,-,0,E0,P200,-,-,-
2422,八氟-2-丁烯(制冷气体 R1318),OCTAFLUOROBUT-2-ENE(REFRIGERANT GAS R1318),2.2,-,-,-,120 mL,E1,P200,-,-,-
2424,八氟丙烷(制冷气体 R218),OCTAFLUOROPROPANE(REFRIGERANT GAS R218),2.2,-,-,-,120 mL,E1,P200,-,T50,-
2426,液态硝酸铵(热浓溶液),"AMMONIUM NITRATE, LIQUID (hot concentrated solution)",5.1,-,-,252,0,E0,无,-,T7,TP1 TP16 TP17
2427,氯酸钾水溶液,"POTASSIUM CHLORATE, AQUEOUS SOLUTION",5.1,-,Ⅱ,-,1 L,E2,P504 IBC02,-,T4,TP1
2427,氯酸钾水溶液,"POTASSIUM CHLORATE, AQUEOUS SOLUTION",5.1,-,Ⅲ,223,5 L,E1,P504 IBC02,-,T4,TP1
2428,氯酸钠水溶液,"SODIUM CHLORATE, AQUEOUS SOLUTION",5.1,-,Ⅱ,-,1 L,E2,P504 IBC02,-,T4,TP1
2428,氯酸钠水溶液,"SODIUM CHLORATE, AQUEOUS SOLUTION",5.1,-,Ⅲ,223,5 L,E1,P504 IBC02,-,T4,TP1
2429,氯酸钙水溶液,"CALCIUM CHLORATE, AQUEOUS SOLUTION",5.1,-,Ⅱ,-,1 L,E2,P504 IBC02,-,T4,TP1
2429,氯酸钙水溶液,"CALCIUM CHLORATE, AQUEOUS SOLUTION",5.1,-,Ⅲ,223,5 L,E1,P504 IBC02,-,T4,TP1
2430,固态烷基苯酚，未另作规 定的(包括C₂~C₁₂的同系 物),"ALK YLPHENOLS, SOLID, N. O. S. (including C₂~C₁₂ homologues)",8,-,Ⅰ,-,0,E0,P002 IBC07,B1,T6,TP33
2430,固态烷基苯酚，未另作规 定的(包括C₂~C₁₂的同系 物),"ALK YLPHENOLS, SOLID, N. O. S. (including C₂~C₁₂ homologues)",8,-,Ⅱ,-,1 kg,E2,P002 IBC08,"B2, B4",T3,TP33
2430,固态烷基苯酚，未另作规 定的(包括C₂~C₁₂的同系 物),"ALK YLPHENOLS, SOLID, N. O. S. (including C₂~C₁₂ homologues)",8,-,Ⅲ,223,5 kg,E1,P002 IBC08 LP02,B3,T1,TP33
2431,茴香胺,ANISIDINES,6.1,-,Ⅲ,-,5 L,E1,P001 IBC03 LP01,-,T4,TP1
2432,N，N-二乙基苯胺,"N,N-DIETHYLANILINE",6.1,-,Ⅲ,279,5 L,E1,P001 IBC03 LP01,-,T4,TP1
2433,液态硝基氯甲苯,"CHLORONITROTOLUENES, LIQUID",6.1,-,Ⅲ,-,5 L,E1,P001 IBC03 LP01,-,T4,TP1
2434,二苄基二氯硅烷,DIBENZYLDICHLOROSILANE,8,-,Ⅱ,-,0,E0,P010,-,T10,TP2 TP7 TP13
2435,乙基苯基二氯硅烷,ETHYLPHENYL-DICHLOROSILANE,8,-,Ⅱ,-,0,E0,P010,-,T10,TP2 TP7 TP13
2436,硫代乙酸,THIOACETIC ACID,3,-,Ⅱ,-,1 L,E2,P001 IBC02,-,T4,TP1
2437,甲基苯基二氯硅烷,METHYLPHENYL-DICHLOROSILANE,8,-,Ⅱ,-,0,E0,P010,-,T10,TP2 TP7 TP13
2438,三甲基乙酰氯,TRIMETHYLACETYL CHLORIDE,6.1,3 8,Ⅰ,-,0,E0,P001,-,T14,TP2 TP13
2439,二氟化氢钠,SODIUM HYDROGEN-DIFLUORIDE,8,-,Ⅱ,-,1 kg,E2,P002 IBC08,"B2, B4",T3,TP33
2440,五水合四氯化锡,STANNIC CHLORIDE PENTAHYDRATE,8,-,Ⅲ,-,5 kg,E1,P002 IBC08 LP02,B3,T1,TP33
2441,三氯化钛，发火的或三氯 化钛混合物，发火的,"TITANIUM TRICHLORIDE, PYROPHORIC or TITANIUM TRICHLORIDE MIXTURE, PYROPHORIC",4.2,8,Ⅰ,-,0,E0,P404,-,-,-
2442,三氯乙酰氯,TRICHLOROACETYL CHLORIDE,8,-,Ⅱ,-,0,E0,P001,-,T7,TP2
2443,三氯氧化钒,VANADIUM OXYTRICHLORIDE,8,-,Ⅱ,-,1 L,E0,P001 IBC02,-,T7,TP2
2444,四氯化钒,VANADIUM TETRACHLORIDE,8,-,Ⅰ,-,0,E0,P802,-,T10,TP2
2446,固态硝基甲苯酚,"NITROCRESOLS, SOLID",6.1,-,Ⅲ,-,5 kg,E1,P002 IBC08 LP02,B3,T1,TP33
2447,熔融白磷,"PHOSPHORUS, WHITE, MOLTEN",4.2,6.1,Ⅰ,-,0,E0,无,-,T21,TP3 TP7 TP26
2448,熔融硫磺,"SULPHUR, MOLTEN",4.1,-,Ⅲ,-,0,E0,IBC01,-,T1,TP3
2451,三氟化氮,NITROGEN TRIFLUORIDE,2.2,5.1,-,-,0,E0,P200,-,-,-
2452,乙基乙炔，稳定的,"ETHYLACETYLENE, STABILIZED",2.1,-,-,386,0,E0,P200,-,-,-
2453,乙基氟(制冷气体 R161),ETHYL FLUORIDE (REFRIGERANT GAS R161),2.1,-,-,-,0,E0,P200,-,-,-
2454,甲基氟(制冷气体 R41),METHYL FLUORIDE(REFRIGERANT GAS R41),2.1,-,-,-,0,E0,P200,-,-,-
2455,亚硝酸甲酯,METHYL NITRITE,2.2,-,-,-,120 mL,E1,P200,-,-,-
2456,2-氯丙烯,2-CHLOROPROPENE,3,-,Ⅰ,-,0,E3,P001,-,T11,TP2
2457,2.3-二甲基丁烷,"2,3-DIMETHYLBUTANE",3,-,Ⅱ,-,1 L,E2,P001 IBC02,-,T7,TP1
2458,己二烯,HEXADIENE,3,-,Ⅱ,-,1 L,E2,P001 IBC02,-,T4,TP1
2459,2-甲基-1-丁烯,2-METHYL-1-BUTENE,3,-,Ⅰ,-,0,E3,P001,-,T11,TP2
2460,2-甲基-2-丁烯,2-METHYL-2-BUTENE,3,-,Ⅱ,-,1 L,E2,P001 IBC02,B8,T7,TP1
2461,甲基戊二烯,METHYLPENTADIENE,3,-,Ⅱ,-,1 L,E2,P001 IBC02,-,T4,TP1
2463,氢化铝,ALUMINIUM HYDRIDE,4.3,-,Ⅰ,-,0,E0,P403,-,-,-
2464,硝酸铍,BERYLLIUM NITRATE,5.1,6.1,Ⅱ,-,1 kg,E2,P002 IBC08,"B2, B4",T3,TP33
2465,二氯异氰脲酸，干的或二 氯异氰脲酸盐,"DICHLOROISOCYANURIC ACID, DRY or DICHLORO-ISOCYANURIC ACID SALTS",5.1,-,Ⅱ,135,1 kg,E2,P002 IBC08,"B2, B4",T3,TP33
2466,超氧化钾,POTASSIUM SUPEROXIDE,5.1,-,Ⅰ,-,0,E0,P503 IBC06,B1,-,-
2468,三氯异氰脲酸，干的,"TRICHLOROISOCYANURIC ACID, DRY",5.1,-,Ⅱ,-,1 kg,E2,P002 IBC08,"B2, B4",T3,TP33
2469,溴酸锌,ZINC BROMATE,5.1,-,Ⅲ,-,5 kg,E1,P002 IBC08 LP02,B3,T1,TP33
2470,液态苯基乙腈,"PHENYLACETONITRILE, LIQUID",6.1,-,Ⅲ,-,5 L,E1,P001 IBC03 LP01,-,T4,TP1
2471,四氧化钱,OSMIUM TETROXIDE,6.1,-,Ⅰ,-,0,E5,P002 IBC07,PP30 B1,T6,TP33
2473,对氨苯基胂酸钠,SODIUM ARSANILATE,6.1,-,Ⅲ,-,5 kg,E1,P002 IBC08 LP02,B3,T1,TP33
2474,硫光气,THIOPHOSGENE,6.1,-,Ⅰ,279 354,0,E0,P602,-,T20,TP2 TP13
2475,三氯化钒,VANADIUM TRICHLORIDE,8,-,Ⅲ,-,5 kg,E1,P002 IBC08 LP02,B3,T1,TP33
2477,异硫氰酸甲酯,METHYL ISOTHIOCYANATE,6.1,3,Ⅰ,354,0,E0,P602,-,T20,TP2 TP13
2478,异氰酸酯，易燃，毒性，未 另作规定的或异氰酸酯溶 液，易燃，毒性，未另作规 定的,"ISOCYANATES, FLAMMABLE, TOXIC, N. O. S. or ISOCY ANATE SOLUTION, FLAMMABLE, TOXIC, N. O. S.",3,6.1,Ⅱ,274,1 L,E2,P001 IBC02,-,T11,TP2 TP13 TP27
2478,异氰酸酯，易燃，毒性，未 另作规定的或异氰酸酯溶 液，易燃，毒性，未另作规 定的,"ISOCYANATES, FLAMMABLE, TOXIC, N. O. S. or ISOCY ANATE SOLUTION, FLAMMABLE, TOXIC, N. O. S.",3,6.1,Ⅲ,223 274,5 L,E1,P001 IBC03,-,T7,TP1 TP13 TP28
2480,异氰酸甲酯,METHYL ISOCYANATE,6.1,3,Ⅰ,354,0,E0,P601,-,T22,TP2 TP13
2481,异氰酸乙酯,ETHYL ISOCYANATE,6.1,3,Ⅰ,354,0,E0,P602,—,T20,TP2 TP13
2482,异氰酸正丙酯,n-PROPYL ISOCYANATE,6.1,3,Ⅰ,354,0,E0,P602,—,T20,TP2 TP13
2483,异氰酸异丙酯,ISOPROPYL ISOCYANATE,6.1,3,Ⅰ,354,0,E0,P602,—,T20,TP2 TP13
2484,异氰酸叔丁酯,tert-BUTYL ISOCYANATE,6.1,3,Ⅰ,354,0,E0,P602,—,T20,TP2 TP13
2485,异氰酸正丁酯,n-BUTYL ISOCYANATE,6.1,3,Ⅰ,354,0,E0,P602,—,T20,TP2 TP13
2486,异氰酸异丁酯,ISOBUTYL ISOCYANATE,6.1,3,Ⅰ,354,0,E0,P602,—,T20,TP2 TP13
2487,异氰酸苯酯,PHENYL ISOCY ANATE,6.1,3,Ⅰ,354,0,E0,P602,—,T20,TP2 TP13
2488,异氰酸环己酯,CYCLOHEXYL ISOCYANATE,6.1,3,Ⅰ,354,0,E0,P602,—,T20,TP2 TP13
2490,二氯异丙醚,DICHLOROISOPROPYL ETHER,6.1,—,Ⅱ,—,100 mL,E4,P001 IBC02,—,T7,TP2
2491,乙醇胺或乙醇胺溶液,ETHANOLAMINE or ETHANOLAMINE SOLUTION,8,-,Ⅲ,223,5 L,E1,P001 IBC03 LP01,-,T4,TP1
2493,六亚甲基亚胺,HEXAMETHYLENEIMINE,3,8,Ⅱ,-,1 L,E2,P001 IBC02,-,T7,TP1
2495,五氟化碘,IODINE PENTAFLUORIDE,5.1,6.1 8,Ⅰ,-,0,E0,P200,-,-,-
2496,丙酸酐,PROPIONIC ANHYDRIDE,8,-,Ⅲ,-,5 L,E1,P001 IBC03 LP01,-,T4,TP1
2498,"1,2,3,6-四氢化苯甲醛","1,2,3,6-TETRAHYDRO-BENZALDEHYDE",3,-,Ⅲ,-,5 L,E1,P001 IBC03 LP01,-,T2,TP1
2501,氧化三-(1-氮丙啶基)膦 溶液,TRIS-(1-AZIRIDINYL) PHOSPHINE OXIDE SOLUTION,6.1,-,Ⅱ,-,100 mL,E4,P001 IBC02,-,T7,TP2
2501,氧化三-(1-氮丙啶基)膦 溶液,TRIS-(1-AZIRIDINYL) PHOSPHINE OXIDE SOLUTION,6.1,-,Ⅲ,223,5 L,E1,P001 IBC03 LP01,-,T4,TP1
2502,戊酰氯,VALERYL CHLORIDE,8,3,Ⅱ,-,1 L,E2,P001 IBC02,-,T7,TP2
2503,四氯化锆,ZIRCONIUM TETRACHLORIDE,8,-,Ⅲ,-,5 kg,E1,P002 IBC08 LP02,B3,T1,TP33
2504,四溴乙烷,TETRABROMOETHANE,6.1,-,Ⅲ,-,5 L,E1,P001 IBC03 LP01,-,T4,TP1
2505,氟化铵,AMMONIUM FLUORIDE,6.1,-,Ⅲ,-,5 kg,E1,P002 IBC08 LP02,B3,T1,TP33
2506,硫酸氢铵,AMMONIUM HYDROGEN SULPHATE,8,-,Ⅱ,-,1 kg,E2,P002 IBC08,"B2, B4",T3,TP33
2507,固态氯铂酸,"CHLOROPLATINIC ACID, SOLID",8,-,Ⅲ,-,5 kg,E1,P002 IBC08 LP02,B3,T1,TP33
2508,五氯化钼,MOLYBDENUM PENTACHLORIDE,8,-,Ⅲ,-,5 kg,E1,P002 BC08 LP02,B3,T1,TP33
2509,硫酸氢钾,POTASSIUM HYDROGEN SULPHATE,8,-,Ⅱ,-,1 kg,E2,P002 IBC08,"B2, B4",T3,TP33
2511,2-氯丙酸,2-CHLOROPROPIONIC ACID,8,-,Ⅲ,223,5 L,E1,P001 IBC03 LP01,-,T4,TP2
2512,氨基苯酚(邻、间、对),"AMINOPHENOLS(o-, m⁻, p-)",6.1,-,Ⅲ,279,5 kg,E1,P002 IBC08 LP02,B3,T1,TP33
2513,溴乙酰溴,BROMOACETYL BROMIDE,8,-,Ⅱ,-,1 L,E2,P001 IBC02,-,T8,TP2
2514,溴苯,BROMOBENZENE,3,-,Ⅲ,-,5 L,E1,P001 IBC03 LP01,-,T2,TP1
2515,溴仿,BROMOFORM,6.1,-,Ⅲ,-,5 L,E1,P001 IBC03 LP01,-,T4,TP1
2516,四溴化碳,CARBON TETRABROMIDE,6.1,-,Ⅲ,-,5 kg,E1,P002 IBC08 LP02,B3,T1,TP33
2517,"1-氯-1,1-二氟乙烷(制冷 气体 R142b)","1-CHLORO-1,1-DIFLUOROETHANE (REFRIGERANT GAS R142b)",2.1,-,-,-,0,E0,P200,-,T50,-
2518,1，5，9-环十二碳三烯,"1,5,9-CYCLODODECATRIENE",6.1,-,Ⅲ,-,5 L,E1,P001 IBC03 LP01,-,T4,TP1
2520,环辛二烯,CYCLOOCTADIENES,3,-,Ⅲ,-,5 L,E1,P001 IBC03 LP01,-,T2,TP1
2521,双烯酮，稳定的,"DIKETENE, STABILIZED",6.1,3,Ⅰ,354 386,0,E0,P602,-,T20,TP2 TP13
2522,2-二甲氨基甲基丙烯酸乙 酯，稳定的,"2-DIMETHYLAMINOETHYL METHACRYLATE, STABILIZED",6.1,-,Ⅱ,386,100 mL,E4,P001 IBC02,-,T7,TP2
2524,原甲酸乙酯,ETHYL ORTHOFORMATE,3,-,Ⅲ,-,5 L,E1,P001 IBC03 LP01,-,T2,TP1
2525,草酸乙酯,ETHYL OXALATE,6.1,-,Ⅲ,-,5 L,E1,P001 IBC03 LP01,-,T4,TP1
2526,糠胺,FURFURYLAMINE,3,8,Ⅲ,-,5 L,E1,P001 IBC03,-,T4,TP1
2527,丙烯酸异丁酯，稳定的,"ISOBUTYL ACRYLATE, ST ABILIZED",3,-,Ⅲ,386,5 L,E1,P001 IBC03 LP01,-,T2,TP1
2528,异丁酸异丁酯,ISOBUTYL ISOBUTYRATE,3,-,Ⅲ,-,5 L,E1,P001 IBC03 LP01,-,T2,TP1
2529,异丁酸,ISOBUTYRIC ACID,3,8,Ⅲ,-,5 L,E1,P001 IBC03,-,T4,TP1
2531,甲基丙烯酸，稳定的,"METHACRYLIC ACID, STABILIZED",8,-,Ⅱ,386,1 L,E2,P001 IBC02 LP01,-,T7,TP2 TP18 TP30
2533,三氯乙酸甲酯,METHYL TRICHLOROACETATE,6.1,-,Ⅲ,-,5 L,E1,P001 IBC03 LP01,-,T4,TP1
2534,甲基氯硅烷,METHYLCHLOROSILANE,2.3,2.18,-,-,0,E0,P200,-,-,-
2535,4-甲基吗啉(N-甲基吗啉),4-METHYLMORPHOLINE(N- METHYLMORPHOLINE),3,8,Ⅱ,-,1 L,E2,P001 IBC02,-,T7,TP1
2536,甲基四氢呋喃,METHYLTETRAHYDROFURAN,3,-,Ⅱ,-,1 L,E2,P001 IBC02,-,T4,TP1
2538,硝基萘,NITRONAPHTHALENE,4.1,-,Ⅲ,-,5 kg,E1,P002 IBC08 LP02,B3,T1,TP33
2541,萜品油烯,TERPINOLENE,3,-,Ⅲ,-,5 L,E1,P001 IBC03 LP01,-,T2,TP1
2542,三丁胺,TRIBUTYLAMINE,6.1,-,Ⅱ,-,100 mL,E4,P001 IBC02,-,T7,TP2
2545,给粉，干的,"HAFNIUM POWDER, DRY",4.2,-,Ⅰ,-,0,E0,P404,-,-,-
2545,给粉，干的,"HAFNIUM POWDER, DRY",4.2,-,Ⅱ,-,0,E2,P410 IBC06,B2,T3,TP33
2545,给粉，干的,"HAFNIUM POWDER, DRY",4.2,-,Ⅲ,223,0,E1,P002 IBC08 LP02,B3,T1,TP33
2546,钛粉，干的,"TITANIUM POWDER, DRY",4.2,-,Ⅰ,-,0,E0,P404,-,-,-
2546,钛粉，干的,"TITANIUM POWDER, DRY",4.2,-,Ⅱ,-,0,E2,P410 IBC06,B2,T3,TP33
2546,钛粉，干的,"TITANIUM POWDER, DRY",4.2,-,Ⅲ,223,0,E1,P002 IBC08 LP02,B3,T1,TP33
2547,超氧化钠,SODIUM SUPEROXIDE,5.1,-,Ⅰ,-,0,E0,P503 IBC06,B1,-,-
2548,五氟化氯,CHLORINE PENTAFLUORIDE,2.3,5.1 8,-,-,0,E0,P200,-,-,-
2552,液态水合六氟丙酮,"HEXAFLUOROACETONE HYDRATE, LIQUID",6.1,-,Ⅱ,-,100 mL,E4,P001 IBC02,-,T7,TP2
2554,甲基烯丙基氯,METHYLALLYL CHLORIDE,3,-,Ⅱ,-,1 L,E2,P001 IBC02,-,T4,TP1 TP13
2555,含水硝化纤维素(按质量 含水不低于 25%),"NITROCELLULOSE WITH W ATER (not less than 25% water, by mass)",4.1,-,Ⅱ,28 394,0,E0,P406,-,-,-
2556,含醇硝化纤维素(按质量 含醇不低于 25%，按干重 含氮不超过 12.6%),"NITROCELLULOSE WITH ALCOHOL(not less than 25% alcohol, by mass, and not more than12.6% nitrogen, by dry mass)",4.1,-,Ⅱ,28 394,0,E0,P406,-,-,-
2557,硝化纤维素，按干重含氮 不超过12.6%，混合物含 或不含增塑剂、含或不含 颜料,"NITROCELLULOSE, with not more than 12.6% nitrogen, by dry mass, MIXTURE WITH or WITHOUT PLASTICIZER, WITH or WITHOUT PIGMENT",4.1,-,Ⅱ,241 394,0,E0,P406,-,-,-
2558,表溴醇,EPIBROMOHYDRIN,6.1,3,Ⅰ,-,0,E0,P001,-,T14,TP2 TP13
2560,2-甲基-2-戊醇,2-METHYLPENTAN-2-OL,3,-,Ⅲ,-,5 L,E1,P001 IBC03 LP01,-,T2,TP1
2561,3-甲基-1-丁烯,3-METHYL-1-BUTENE,3,-,Ⅰ,-,0,E3,P001,-,T11,TP2
2564,三氯乙酸溶液,TRICHLOROACETIC ACID SOLUTION,8,-,Ⅱ,-,1 L,E2,P001 IBC02,-,T7,TP2
2564,三氯乙酸溶液,TRICHLOROACETIC ACID SOLUTION,8,-,Ⅲ,223,5 L,E1,P001 IBC03 LP01,-,T4,TP1
2565,二环己胺,DICYCLOHEXYLAMINE,8,-,Ⅲ,-,5 L,E1,P001 IBC03 LP01,-,T4,TP1
2567,五氯苯酚钠,SODIUM PENTACHLORO-PHENATE,6.1,-,Ⅱ,-,500 g,E4,P002 IBC08,"B2, B4",T3,TP33
2570,镉化合物,CADMIUM COMPOUND,6.1,-,Ⅰ,274,0,E5,P002 IBC07,B1,T6,TP33
2570,镉化合物,CADMIUM COMPOUND,6.1,-,Ⅱ,274,500 g,E4,P002 IBC08,"B2, B4",T3,TP33
2570,镉化合物,CADMIUM COMPOUND,6.1,-,Ⅲ,223 274,5 kg,E1,P002 IBC08 LP02,B3,T1,TP33
2571,烷基硫酸,ALKYLSULPHURIC ACIDS,8,-,Ⅱ,274,1 L,E2,P001 IBC02,-,T8,TP2 TP13 TP28
2572,苯肼,PHENYLHYDRAZINE,6.1,-,Ⅱ,-,100 mL,E4,P001 IBC02,-,T7,TP2
2573,氯酸铊,THALLIUM CHLORATE,5.1,6.1,Ⅱ,-,1 kg,E2,P002 IBC06,B2,T3,TP33
2574,磷酸三甲苯酯，含邻位异 构物高于3%,TRICRESYL PHOSPHATE with more than 3% orth o isomer,6.1,-,Ⅱ,-,100 mL,E4,P001 IBC02,-,T7,TP2
2576,熔融三溴氧化磷,"PHOSPHORUS OXYBROMIDE, MOLTEN",8,-,Ⅱ,-,0,E0,无,-,T7,TP3 TP13
2577,苯乙酰氯,PHENYLACETYL CHLORIDE,8,-,Ⅱ,-,1 L,E2,P001 IBC02,-,T7,TP2
2578,三氧化二磷,PHOSPHORUS TRIOXIDE,8,-,Ⅲ,-,5 kg,E1,P002 IBC08 LP02,B3,T1,TP33
2579,哌嗪,PIPERAZINE,8,-,Ⅲ,-,5 kg,E1,P002 IBC08 LP02,B3,T1,TP33
2580,溴化铝溶液,ALUMINIUM BROMIDE SOLUTION,8,-,Ⅲ,223,5 L,E1,P001 IBC03 LP01,-,T4,TP1
2581,氯化铝溶液,ALUMINIUM CHLORIDE SOLUTION,8,-,Ⅲ,223,5 L,E1,P001 IBC03 LP01,-,T4,TP1
2582,氯化铁溶液,FERRIC CHLORIDE SOLUTION,8,-,Ⅲ,223,5 L,E1,P001 IBC03 LP01,-,T4,TP1
2583,固态烷基磺酸或固态芳基 磺酸，含游离硫酸高于5%,"ALK YLSULPHONIC ACIDS, SOLID or ARYLSULPHONIC ACIDS, SOLID with more than 5% free sulphuric acid",8,-,Ⅱ,-,1 kg,E2,P002 IBC08,"B2, B4",T3,TP33
2584,液态烷基磺酸或液态芳基 磺酸，含游离硫酸高于5%,"ALK YSULPHONIC ACIDS, LIQUID or ARYLSULPHONIC ACIDS, LIQUID with more than 5% free sulphuric acid",8,-,Ⅱ,-,1 L,E2,P001 IBC02,-,T8,TP2 TP13
2585,固态烷基磺酸或固态芳基 磺酸，含游离硫酸不超 过5%,"ALKYLSULPHONIC ACIDS, SOLID or ARYLSULPHONIC ACIDS, SOLID with not more than 5% free sulphuric acid",8,-,Ⅲ,-,5 kg,E1,P002 IBC08 LP02,B3,T1,TP33
2586,液态烷基磺酸或液态芳基 磺酸，含游离硫酸不超 过5%,"ALK YLSULPHONIC ACIDS, LIQUID or ARYLSULPHONIC ACIDS, LIQUID with not more than 5% free sulphuric acid",8,-,Ⅲ,-,5 L,E1,P001 IBC03 LP01,-,T4,TP1
2587,苯醌,BENZOQUINONE,6.1,-,Ⅱ,-,500 g,E4,P002 IBC08,"B2, B4",T3,TP33
2588,固态农药，毒性，未另作规 定的,"PESTICIDE, SOLID, TOXIC, N. O. S.",6.1,-,Ⅰ,61 274,0,E5,P002 IBC99,-,T6,TP33
2588,固态农药，毒性，未另作规 定的,"PESTICIDE, SOLID, TOXIC, N. O. S.",6.1,-,Ⅱ,61 274,500 g,E4,P002 IBC08,"B2, B4",T3,TP33
2588,固态农药，毒性，未另作规 定的,"PESTICIDE, SOLID, TOXIC, N. O. S.",6.1,-,Ⅲ,61 223 274,5 kg,E1,P002 IBC08 LP02,B3,T1,TP33
2589,氯乙酸乙烯酯,VINYL CHLOROACETATE,6.1,3,Ⅱ,-,100 mL,E4,P001 IBC02,-,T7,TP2
2590,石棉，温石棉,"ASBESTOS,CHRYSOTILE",9,-,Ⅲ,168,5 kg,E1,P002 IBC08,"PP37 B2, B3",T1,TP33
2591,冷冻液态氙,"XENON, REFRIGERATED LIQUID",2.2,-,Ⅲ,-,120 mL,E1,P203,-,T75,TP5
2599,三氟氯甲烷和三氟甲烷的 共沸混合物，含三氟氯甲 烷约60%(制冷气体 R503),CHLOROTRIFLUOROMETHANE AND TRIFLUOROMETHANE AZEOTROPIC MIXTURE with approximately 60% chlorotrifluoromethane (REFRIGERANT GAS R503),2.2,-,-,-,120 mL,E1,P200,-,-,-
2601,环丁烷,CYCLOBUTANE,2.1,-,-,-,0,E0,P200,-,-,-
2602,二氯二氟甲烷和二氟乙烷 的共沸混合物，含二氯二 氟甲烷约74%(制冷气体 R500),DICHLORODIFLUORO-METHANE AND DIFLUOROETHANE AZE0TROPIC MIXTURE with approximately 74% dichlorodifluoromethane (REFRIGERANT GAS R500),2.2,-,-,-,120 mL,E1,P200,-,T50,-
2603,环庚三烯,CYCLOHEPTATRIENE,3,6.1,Ⅱ,-,1 L,E2,P001 IBC02,-,T7,TP1 TP13
2604,三氟化硼合二乙醚,BORON TRIFLUORIDE DIETHYL ETHERATE,8,3,Ⅰ,-,0,E0,P001,-,T10,TP2
2605,异氰酸甲氧基甲酯,METHOXYMETHYL ISOCYANATE,6.1,3,Ⅰ,354,0,E0,P602,-,T20,TP2 TP13
2606,原硅酸甲酯,METHYL ORTHOSILICATE,6.1,3,Ⅰ,354,0,E0,P602,-,T20,TP2 TP13
2607,二聚丙烯醛，稳定的,"ACROLEIN DIMER, ST ABILIZED",3,-,Ⅲ,386,5 L,E1,P001 IBC03 LP01,-,T2,TP1
2608,硝基丙烷,NITROPROPANES,3,-,Ⅲ,-,5 L,E1,P001 IBC03 LP01,-,T2,TP1
2609,硼酸三烯丙酯,TRIALLYL BORATE,6.1,-,Ⅲ,-,5 L,E1,P001 IBC03 LP01,-,-,-
2610,三烯丙胺,TRIALLYLAMINE,3,8,Ⅲ,-,5 L,E1,P001 IBC03,-,T4,TP1
2611,丙氯醇,PROPYLENE CHLOROHYDRIN,6.1,3,Ⅱ,-,100 mL,E4,P001 IBC02,-,T7,TP2 TP13
2612,甲基丙基醚(甲丙醚),METHYL PROPYL ETHER,3,-,Ⅱ,-,1 L,E2,P001 IBC02,B8,T7,TP2
2614,甲代烯丙醇,METHALLYL ALCOHOL,3,-,Ⅲ,-,5 L,E1,P001 IBC03 LP01,-,T2,TP1
2615,乙基丙基醚(乙丙醚),ETHYL PROPYL ETHER,3,-,Ⅱ,-,1 L,E2,P001 IBC02,-,T4,TP1
2616,硼酸三异丙酯,TRIISOPROPYL BORATE,3,-,Ⅱ,-,1 L,E2,P001 IBC02,-,T4,TP1
2616,硼酸三异丙酯,TRIISOPROPYL BORATE,3,-,Ⅲ,223,5 L,E1,P001 IBC03 LP01,-,T2,TP1
2617,甲基环己醇，易燃,"METHYLCYCLOHEXANOLS, flammable",3,-,Ⅲ,-,5 L,E1,P001 IBC03 LP01,-,T2,TP1
2618,乙烯基甲苯，稳定的,"VINYLTOLUENES, STABILIZED",3,-,Ⅲ,386,5 L,E1,P001 IBC03 LP01,-,T2,TP1
2619,苄基二甲胺,BENZYLDIMETHYLAMINE,8,3,Ⅱ,-,1 L,E2,P001 IBC02,-,T7,TP2
2620,丁酸戊酯,AMYL BUTYRATES,3,-,Ⅲ,-,5 L,E1,P001 IBC03 LP01,-,T2,TP1
2621,乙酰甲基甲醇,ACETYL METHYL CARBINOL,3,-,Ⅲ,-,5 L,E1,P001 IBC03 LP01,-,T2,TP1
2622,缩水甘油醛,GLYCIDALDEH YDE,3,6.1,Ⅱ,-,1 L,E2,P001 IBC02,B8,T7,TP1
2623,固态点火剂，含易燃液体,"FIRELIGHTERS, SOLID with flammable liquid",4.1,-,Ⅲ,-,5 kg,E1,P002 LP02,PP15,-,-
2624,硅化镁,MAGNESIUM SILICIDE,4.3,-,Ⅱ,-,500 g,E2,P410 IBC07,B2,T3,TP33
2626,氯酸水溶液，含氯酸不超 过10%,"CHLORIC ACID, AQUEOUS SOLUTION with not more than 10% chloric acid",5.1,-,Ⅱ,-,1 L,E0,P504 IBC02,-,T4,TP1
2627,无机亚硝酸盐，未另作规 定的,"NITRITES, INORGANIC, N. O. S.",5.1,-,Ⅱ,103 274,1 kg,E2,P002 IBC08,"B2, B4",T3,TP33
2628,氟乙酸钾,POTASSIUM FLUOROACETATE,6.1,-,Ⅰ,-,0,E5,P002 BC07,B1,T6,TP33
2629,氟乙酸钠,SODIUM FLUOROACETATE,6.1,-,Ⅰ,-,0,E5,P002 IBC07,B1,T6,TP33
2630,硒酸盐或亚硒酸盐,SELENATES or SELENITES,6.1,-,Ⅰ,274,0,E5,P002 IBC07,B1,T6,TP33
2642,氟乙酸,FLUOROACETIC ACID,6.1,-,Ⅰ,-,0,E5,P002 IBC07,B1,T6,TP33
2643,溴乙酸甲酯,METHYL BROMOACETATE,6.1,-,Ⅱ,-,100 mL,E4,P001 IBC02,-,T7,TP2
2644,甲基碘,METHYL IODIDE,6.1,-,Ⅰ,354,0,E0,P602,-,T20,TP2 TP13
2645,苯酰甲基溴,PHENACYL BROMIDE,6.1,-,Ⅱ,-,500 g,E4,P002 IBC08,"B2, B4",T3,TP33
2646,六氯环戊二烯,HEXACHLOROCYCLO-PENTADIENE,6.1,-,Ⅰ,354,0,E0,P602,-,T20,TP2 TP13
2647,丙二腈,MALONONITRILE,6.1,-,Ⅱ,-,500 g,E4,P002 IBC08,"B2, B4",T3,TP33
2648,"1,2-二溴-3-丁酮","1,2-DIBROMOBUTAN-3-ONE",6.1,-,Ⅱ,-,100 mL,E4,P001 IBC02,-,-,-
2649,1，3-二氯丙酮,"1,3-DICHLOROACETONE",6.1,-,Ⅱ,-,500 g,E4,P002 IBC08,"B2, B4",T3,TP33
2650,"1,1-二氯-1-硝基乙烷","1,1-DICHLORO-1-NITROETHANE",6.1,-,Ⅱ,-,100 mL,E4,P001 IBC02,-,T7,TP2
2651,4，4'-二氨基二苯基甲烷,"4,4'-DIAMINODIPHENYL-METHANE",6.1,-,Ⅲ,-,5 kg,E1,P002 IBC08 LP02,B3,T1,TP33
2653,苄基碘,BENZYL IODIDE,6.1,-,Ⅱ,-,100 mL,E4,P001 IBC02,-,T7,TP2
2655,氟硅酸钾,POTASSIUM FLUOROSILICATE,6.1,-,Ⅲ,-,5 kg,E1,P002 IBC08 LP02,B3,T1,TP33
2656,喹啉,QUINOLINE,6.1,-,Ⅲ,-,5 L,E1,P001 IBC03 LP01,-,T4,TP1
2657,二硫化硒,SELENIUM DISULPHIDE,6.1,-,Ⅱ,-,500 g,E4,P002 IBC08,"B2, B4",T3,TP33
2659,氯乙酸钠,SODIUM CHLOROACETATE,6.1,-,Ⅲ,-,5 kg,E1,P002 IBC08 LP02,B3,T1,FP33
2660,硝基甲苯胺(单),NITROTOLUIDINES (MONO),6.1,-,Ⅲ,-,5 kg,E1,P002 IBC08 LP02,B3,T1,TP33
2661,六氯丙酮,HEXACHLOROACETONE,6.1,-,Ⅲ,-,5 L,E1,P001 IBC03 LP01,-,T4,TP1
2664,二溴甲烷,DIBROMOMETHANE,6.1,-,Ⅲ,-,5 L,E1,P001 IBC03 LP01,-,T4,TP1
2667,丁基甲苯,BUTYLTOLUENES,6.1,-,Ⅲ,-,5 L,E1,P001 IBC03 LP01,-,T4,TP1
2668,氯乙腈,CHLOROACETONITRILE,6.1,3,Ⅰ,354,0,E0,P602,-,T20,TP2 TP13
2669,氯甲酚溶液,CHLOROCRESOLS SOLUTION,6.1,-,Ⅱ,-,100 mL,E4,P001 IBC02,-,T7,TP2
2669,氯甲酚溶液,CHLOROCRESOLS SOLUTION,6.1,-,Ⅲ,223,5 L,E1,P001 IBC03 LP01,-,T7,TP2
2670,氰脲酰氯,CYANURIC CHLORIDE,8,-,Ⅱ,-,1 kg,E2,P002 IBC08,"B2, B4",T3,TP33
2671,氨基吡啶(邻、间、对),"AMINOPYRIDINES(o-, m-, p-)",6.1,-,Ⅱ,-,500 g,E4,P002 IBC08,"B2, B4",T3,TP33
2672,"氨溶液，水溶液在15 ℃时 的相对密度为0.880~0.975, 含氨量高于 10%，但不高 于 35%","AMMONIA SOLUTION, relative density between 0.880 and 0.957 at 15 ℃ in water, with more than 10% but not more than 35% ammonia",8,-,Ⅲ,-,5 L,E1,P001 IBC03 LP01,B11,T7,TP1
2673,2-氨基-4-氯苯酚,2-AMINO-4-CHLOROPHENOL,6.1,-,Ⅱ,-,500 g,E4,P002 IBC08,"B2, B4",T3,TP33
2674,氟硅酸钠,SODIUM FLUOROSILICATE,6.1,-,Ⅲ,-,5 kg,E1,P002 IBC08 LP02,B3,T1,TP33
2676,锑化氢,STIBINE,2.3,2.1,-,-,0,E0,P200,-,-,-
2677,氢氧化铷溶液,RUBIDIUM HYDROXIDE SOLUTION,8,-,Ⅱ,-,1 L,E2,P001 IBC02,-,T7,TP2
2677,氢氧化铷溶液,RUBIDIUM HYDROXIDE SOLUTION,8,-,Ⅲ,223,5 L,E1,P001 IBC03 LP01,-,T4,TP1
2678,氢氧化铷,RUBIDIUM HYDROXIDE,8,-,Ⅱ,-,1 kg,E2,P002 IBC08,"B2, B4",T3,TP33
2679,氢氧化锂溶液,LITHIUM HYDROXIDE SOLUTION,8,-,Ⅱ,-,1 L,E2,P001 IBC02,-,T7,TP2
2679,氢氧化锂溶液,LITHIUM HYDROXIDE SOLUTION,8,-,Ⅲ,223,5 L,E1,P001 IBC03 LP01,-,T4,TP2
2680,氢氧化锂,LITHIUM HYDROXIDE,8,-,Ⅱ,-,1 kg,E2,P002 IBC08,"B2, B4",T3,TP33
2681,氢氧化铯溶液,CAESIUM HYDROXIDE SOLUTION,8,-,Ⅱ,-,1 L,E2,P001 IBC02,-,T7,TP2
2681,氢氧化铯溶液,CAESIUM HYDROXIDE SOLUTION,8,-,Ⅲ,223,5 L,E1,P001 IBC03 LP01,-,T4,TP1
2682,氢氧化铯,CAESIUM HYDROXIDE,8,-,Ⅱ,-,1 kg,E2,P002 IBC08,"B2, B4",T3,TP33
2683,硫化铵溶液,AMMONIUM SULPHIDE SOLUTION,8,3 6.1,Ⅱ,-,1 L,E2,P001 IBC01,-,T7,TP2 TP13
2684,3-二乙氨基丙胺,3-DIETHYLAMINO-PROPYLAMINE,3,8,Ⅲ,-,5 L,E1,P001 IBC03,-,T4,TP1
2685,N，N-二乙基乙撑二胺,"N,N-DIETHYLETHYLENE-DIAMINE",8,3,Ⅱ,-,1 L,E2,P001 IBC02,-,T7,TP2
2686,2-二乙氨基乙醇,2-DIETHYLAMINOETHANOL,8,3,Ⅱ,-,1 L,E2,P001 IBC02,-,T7,TP2
2687,亚硝酸二环己铵,DICYCLOHEXYLAMMONIUM NITRITE,4.1,-,Ⅲ,-,5 kg,E1,P002 IBC08 LP02,B3,T1,TP33
2688,1-溴-3-氯丙烷,1-BROMO-3-CHLOROPROPANE,6.1,-,Ⅲ,-,5 L,E1,P001 IBC03 LP01,-,T4,TP1
2689,"3-氯-1,2-丙二醇",GLYCEROL alpha-MONOCHLOROHYDRIN,6.1,-,Ⅲ,-,5 L,E1,P001 IBC03 LP01,-,T4,TP1
2690,N-正丁基咪唑,"N,n-BUTYLIMIDAZOLE",6.1,-,Ⅱ,-,100 mL,E4,P001 IBC02,-,T7,TP2
2691,五溴化磷,PHOSPHORUS PENTABROMIDE,8,-,Ⅱ,-,1 kg,E0,P002 IBC08,"B2, B4",T3,TP33
2692,三溴化硼,BORON TRIBROMIDE,8,-,Ⅰ,-,0,E0,P602,-,T20,TP2 TP13
2693,亚硫酸氢盐水溶液，未另 作规定的,"BISULPHITES, AQUEOUS SOLUTION, N. O. S.",8,-,Ⅲ,274,5 L,E1,P001 IBC03 LP01,-,T7,TP1 TP28
2698,四氢化邻苯二甲酸酐，含 马来酐高于 0.05%,TETRAHYDROPHTHALIC ANHYDRIDES with more than 0.05% of maleic anhydride,8,-,Ⅲ,29 169,5 kg,E1,P002 IBC08 LP02,PP14 B3,T1,TP33
2699,三氟乙酸,TRIFLUOROACETIC ACID,8,-,Ⅰ,-,0,E0,P001,-,T10,TP2
2705,1-戊醇,1-PENTOL,8,-,Ⅱ,-,1 L,E2,P001 IBC02,-,T7,TP2
2707,二甲基二噁烷,DIMETHYLDIOXANES,3,-,Ⅱ,-,1 L,E2,P001 IBC02,-,T4,TP1
2707,二甲基二噁烷,DIMETHYLDIOXANES,3,-,Ⅲ,223,5 L,E1,P001 IBC03 LP01,-,T2,TP1
2709,丁基苯,BUTYLBENZENES,3,-,Ⅲ,-,5 L,E1,P001 IBC03 LP01,-,T2,TP1
2710,二丙酮,DIPROPYL KETONE,3,-,Ⅲ,-,5 L,E1,P001 IBC03 LP01,-,T2,TP1
2713,吖啶,ACRIDINE,6.1,-,Ⅲ,-,5 kg,E1,P002 IBC08 LP02,B3,T1,TP33
2714,树脂酸锌,ZINC RESINATE,4.1,-,Ⅲ,-,5 kg,E1,P002 IBC06,-,T1,TP33
2715,树脂酸铝,ALUMINIUM RESINATE,4.1,-,Ⅲ,-,5 kg,E1,P002 BC06,-,T1,TP33
2716,1.4-丁炔二醇,"1,4-BUTYNEDIOL",6.1,-,Ⅲ,-,5 kg,E1,P002 IBC08 LP02,B3,T1,TP33
2717,樟脑，合成的,"CAMPHOR, synthetic",4.1,-,Ⅲ,-,5 kg,E1,P002 IBC08 LP02,B3,T1,TP33
2719,溴酸钡,BARIUM BROMATE,5.1,6.1,Ⅱ,-,1 kg,E2,P002 IBC08,"B2, B4",T3,TP33
2720,硝酸铬,CHROMIUM NITRATE,5.1,-,Ⅲ,-,5 kg,E1,P002 IBC08 LP02,B3,T1,TP33
2721,氯酸铜,COPPER CHLORATE,5.1,-,Ⅱ,-,1 kg,E2,P002 IBC08,"B2, B4",T3,FP33
2722,硝酸锂,LITHIUM NITRATE,5.1,-,Ⅲ,-,5 kg,E1,P002 IBC08 LP02,B3,T1,TP33
2723,氯酸镁,MAGNESIUM CHLORATE,5.1,-,Ⅱ,-,1 kg,E2,P002 IBC08,"B2, B4",T3,FP33
2724,硝酸锰,MANGANESE NITRATE,5.1,-,Ⅲ,-,5 kg,E1,P002 IBC08 LP02,B3,T1,TP33
2725,硝酸镍,NICKEL NITRATE,5.1,-,Ⅲ,-,5 kg,E1,P002 IBC08 LP02,B3,T1,TP33
2726,亚硝酸镍,NICKEL NITRITE,5.1,-,Ⅲ,-,5 kg,E1,P002 IBC08 LP02,B3,T1,TP33
2727,硝酸铊,THALLIUM NITRATE,6.1,5.1,Ⅱ,-,500 g,E4,P002 IBC06,B2,T3,TP33
2728,硝酸锆,ZIRCONIUM NITRATE,5.1,-,Ⅲ,-,5 kg,E1,P002 IBC08 LP02,B3,T1,TP33
2729,六氯苯,HEXACHLOROBENZENE,6.1,-,Ⅲ,-,5 kg,E1,P002 IBC08 LP02,B3,T1,TP33
2730,液态硝基茴香醚,"NITROANISOLES, LIQUID",6.1,-,Ⅲ,-,5 L,E1,P001 IBC03 LP01,-,T4,TP1
2732,液态硝基溴苯,"NITROBROMOBENZENES, LIQUID",6.1,-,Ⅲ,-,5 L,E1,P001 IBC03 LP01,-,T4,TP1
2733,胺，易燃，腐蚀性，未另作 规定的或聚胺，易燃，腐蚀 性，未另作规定的,"AMINES, FLAMMABLE, CORROSIVE, N. O. S. or POLY AMINES, FLAMMABLE, CORROSIVE, N. O. S.",3,8,Ⅰ,274,0,E0,P001,-,T14,TP1 TP27
2733,胺，易燃，腐蚀性，未另作 规定的或聚胺，易燃，腐蚀 性，未另作规定的,"AMINES, FLAMMABLE, CORROSIVE, N. O. S. or POLY AMINES, FLAMMABLE, CORROSIVE, N. O. S.",3,8,Ⅱ,274,1 L,E2,P001 IBC02,-,T11,TP1 TP27
2733,胺，易燃，腐蚀性，未另作 规定的或聚胺，易燃，腐蚀 性，未另作规定的,"AMINES, FLAMMABLE, CORROSIVE, N. O. S. or POLY AMINES, FLAMMABLE, CORROSIVE, N. O. S.",3,8,Ⅲ,223 274,5 L,E1,P001 IBC03,-,T7,TP1 TP28
2734,液态胺，腐蚀性，易燃，未 另作规定的或液态聚胺， 腐蚀性，易燃，未另作规 定的,"AMINES, LIQUID, CORROSIVE, FLAMMABLE, N. O. S. or POLY AMINES, LIQUID, CORROSIVE, FLAMMABLE, N. O. S.",8,3,Ⅰ,274,0,E0,P001,-,T14,TP2 TP27
2734,液态胺，腐蚀性，易燃，未 另作规定的或液态聚胺， 腐蚀性，易燃，未另作规 定的,"AMINES, LIQUID, CORROSIVE, FLAMMABLE, N. O. S. or POLY AMINES, LIQUID, CORROSIVE, FLAMMABLE, N. O. S.",8,3,Ⅱ,274,1 L,E2,P001 IBC02,-,T11,TP2 TP27
2735,液态胺，腐蚀性，未另作规 定的或液态聚胺，腐蚀性， 未另作规定的,"AMINES, LIQUID, CORROSIVE, N. O. S. or POLYAMINES, LIQUID, CORROSIVE, N. O. S",8,-,Ⅰ,274,0,E0,P001,-,T14,TP2 TP27
2735,液态胺，腐蚀性，未另作规 定的或液态聚胺，腐蚀性， 未另作规定的,"AMINES, LIQUID, CORROSIVE, N. O. S. or POLYAMINES, LIQUID, CORROSIVE, N. O. S",8,-,Ⅱ,274,1 L,E2,P001 IBC02,-,T11,TP1 TP27
2735,液态胺，腐蚀性，未另作规 定的或液态聚胺，腐蚀性， 未另作规定的,"AMINES, LIQUID, CORROSIVE, N. O. S. or POLYAMINES, LIQUID, CORROSIVE, N. O. S",8,-,Ⅲ,223 274,5 L,E1,P001 IBC03 LP01,-,T7,TP1 TP28
2738,N-丁基苯胺,N-BUTYLANILINE,6.1,-,Ⅱ,-,100 mL,E4,P001 IBC02,-,T7,TP2
2739,丁酸酐,BUTYRIC ANHYDRIDE,8,-,Ⅲ,-,5 L,E1,P001 IBC03 LP01,-,T4,TP1
2740,氯甲酸正丙酯,n-PROPYL CHLOROFORMATE,6.1,3 8,Ⅰ,-,0,E0,P602,-,T20,TP2 TP13
2741,次氯酸钡，含有效氯高 于22%,BARIUM HYPOCHLORITE with more than 22% available chlorine,5.1,6.1,Ⅱ,-,1 kg,E2,P002 IBC08,"B2, B4",T3,TP33
2742,氯甲酸酯，毒性，腐蚀性， 易燃，未另作规定的,"CHLOROFORMATES, TOXIC, CORROSIVE, FLAMMABLE, N. O. S.",6.1,3 8,Ⅱ,274,100 mL,E4,P001 IBC01,-,-,-
2743,氯甲酸正丁酯,n-BUTYL CHLOROFORMATE,6.1,3 8,Ⅱ,-,100 mL,E0,P001,-,T20,TP2 TP13
2744,氯甲酸环丁酯,CYCLOBUTYL CHLOROFORMATE,6.1,3 8,Ⅱ,-,100 mL,E4,P001 IBC01,-,T7,TP2 TP13
2745,氯甲酸氯甲酯,CHLOROMETHYL CHLOROFORMATE,6.1,8,Ⅱ,-,100 mL,E4,P001 IBC02,-,T7,TP2 TP13
2746,氯甲酸苯酯,PHENYL CHLOROFORMATE,6.1,8,Ⅱ,-,100 mL,E4,P001 IBC02,-,T7,TP2 TP13
2747,氯甲酸叔丁基环己酯,tert-BUTYLCYCLOHEXYL CHLOROFORMATE,6.1,-,Ⅲ,-,5 L,E1,P001 IBC03 LP01,-,T4,TP1
2748,氯甲酸-2-乙基己酯,2-ETHYLHEXYL CHLOROFORMATE,6.1,8,Ⅱ,-,100 mL,E4,P001 IBC02,-,T7,TP2 TP13
2749,四甲基硅烷,TETRAMETHYLSILANE,3,-,Ⅰ,-,0,E0,P001,-,T14,TP2
2750,"1,3-二氯-2-丙醇","1,3-DICHLOROPROPANOL-2",6.1,-,Ⅱ,-,100 mL,E4,P001 IBC02,-,T7,TP2
2751,二乙基硫代磷酰氯,DIETHYLTHIOPHOSPHORYL CHLORIDE,8,-,Ⅱ,-,1 L,E2,P001 IBC02,-,T7,TP2
2752,1，2-环氧-3-乙氧基丙烷,"1,2-EPOXY-3-ETHOXYPROPANE",3,-,Ⅲ,-,5 L,E1,P001 IBC03 LP01,-,T2,TP1
2753,液态 N-乙苄基甲苯胺,"N-ETHYLBENZYLTOLUIDINES, LIQUID",6.1,-,Ⅲ,-,5 L,E1,P001 IBC03 LP01,-,T7,TP1
2754,N-乙基甲苯胺,N-ETHYLTOLUIDINES,6.1,-,Ⅱ,-,100 mL,E4,P001 IBC02,-,T7,TP2
2757,固态氨基甲酸酯农药， 毒性,"CARBAMATE PESTICIDE, SOLID, TOXIC",6.1,-,Ⅰ,61 274,0,E5,P002 IBC07,B1,T6,TP33
2757,固态氨基甲酸酯农药， 毒性,"CARBAMATE PESTICIDE, SOLID, TOXIC",6.1,-,Ⅱ,61 274,500 g,E4,P002 IBC08,"B2, B4",T3,TP33
2757,固态氨基甲酸酯农药， 毒性,"CARBAMATE PESTICIDE, SOLID, TOXIC",6.1,-,Ⅲ,61 223 274,5 kg,E1,P002 IBC08 LP02,B3,T1,TP33
2758,液态氨基甲酸酯农药，易 燃，毒性，闪点低于23℃,"CARBAMATE PESTICIDE, LIQUID, FLAMMABLE, TOXIC, flash point less than 23 ℃",3,6.1,Ⅰ,61 274,0,E0,P001,-,T14,TP2 TP13 TP27
2758,液态氨基甲酸酯农药，易 燃，毒性，闪点低于23℃,"CARBAMATE PESTICIDE, LIQUID, FLAMMABLE, TOXIC, flash point less than 23 ℃",3,6.1,Ⅱ,61 274,1 L,E2,P001 IBC02,-,T11,TP2 TP13 TP27
2759,固态含砷农药，毒性,"ARSENICAL PESTICIDE, SOLID, TOXIC",6.1,-,Ⅰ,61 274,0,E5,P002 IBC07,B1,T6,TP33
2759,固态含砷农药，毒性,"ARSENICAL PESTICIDE, SOLID, TOXIC",6.1,-,Ⅱ,⁶14,500 g,E4,P002 IBC08,"B2, B4",T3,TP33
2759,固态含砷农药，毒性,"ARSENICAL PESTICIDE, SOLID, TOXIC",6.1,-,Ⅲ,61 223 274,5 kg,E1,P002 IBC08 LP02,B3,T1,TP33
2760,液态含砷农药，易燃，毒 性，闪点低于23℃,"ARSENICAL PESTICIDE, LIQUID, FLAMMABLE, TOXIC, flash point less than 23℃",3,6.1,Ⅰ,61 274,0,E0,P001,-,T14,TP2 TP13 TP27
2760,液态含砷农药，易燃，毒 性，闪点低于23℃,"ARSENICAL PESTICIDE, LIQUID, FLAMMABLE, TOXIC, flash point less than 23℃",3,6.1,Ⅱ,61 274,1 L,E2,P001 IBC02,-,T11,TP2 TP13 TP27
2761,固态有机氯农药，毒性,"ORGANOCHLORINE PESTICIDE, SOLID, TOXIC",6.1,-,Ⅰ,61 274,0,E5,P002 IBC07,B1,T6,TP33
2761,固态有机氯农药，毒性,"ORGANOCHLORINE PESTICIDE, SOLID, TOXIC",6.1,-,Ⅱ,61 274,500 g,E4,P002 IBC08,"B2, B4",T3,TP33
2761,固态有机氯农药，毒性,"ORGANOCHLORINE PESTICIDE, SOLID, TOXIC",6.1,-,Ⅲ,61 223 274,5 kg,E1,P002 IBC08 LP02,B3,T1,TP33
2762,液态有机氯农药，易燃，毒 性，闪点低于23℃,"ORGANOCHLORINE PESTICIDE, LIQUID, FLAMMABLE, TOXIC, flash point less than 23℃",3,6.1,Ⅰ,61 274,0,E0,P001,-,T14,TP2 TP13 TP27
2762,液态有机氯农药，易燃，毒 性，闪点低于23℃,"ORGANOCHLORINE PESTICIDE, LIQUID, FLAMMABLE, TOXIC, flash point less than 23℃",3,6.1,Ⅱ,61 274,1 L,E2,P001 IBC02,-,T11,TP2 TP13 TP27
2763,固态三嗪农药，毒性,"TRIAZINE PESTICIDE, SOLID, TOXIC",6.1,-,Ⅰ,61 274,0,E5,P002 IBC07,B1,T6,TP33
2763,固态三嗪农药，毒性,"TRIAZINE PESTICIDE, SOLID, TOXIC",6.1,-,Ⅱ,61 274,500 g,E4,P002 IBC08,"B2, B4",T3,TP33
2763,固态三嗪农药，毒性,"TRIAZINE PESTICIDE, SOLID, TOXIC",6.1,-,Ⅲ,61 223 274,5 kg,E1,P002 IBC08,B3,T1,TP33
2764,液态三嗪农药，易燃，毒 性，闪点低于23℃,"TRIAZINE PESTICIDE, LIQUID, FLAMMABLE, TOXIC, flash point less than 23℃",3,6.1,Ⅰ,61 274,0,E0,P001,-,T14,TP2 TP13 TP27
2764,液态三嗪农药，易燃，毒 性，闪点低于23℃,"TRIAZINE PESTICIDE, LIQUID, FLAMMABLE, TOXIC, flash point less than 23℃",3,6.1,Ⅱ,61 274,1 L,E2,P001 IBC02,-,T11,TP2 TP13 TP27
2771,固态硫代氨基甲酸酯农 药，毒性,"THIOCARBAMATE PESTICIDE, SOLID, TOXIC",6.1,-,Ⅰ,61 274,0,E5,P002 IBC07,B1,T6,TP33
2771,固态硫代氨基甲酸酯农 药，毒性,"THIOCARBAMATE PESTICIDE, SOLID, TOXIC",6.1,-,Ⅱ,61 274,500 g,E4,P002 IBC08,"B2, B4",T3,TP33
2771,固态硫代氨基甲酸酯农 药，毒性,"THIOCARBAMATE PESTICIDE, SOLID, TOXIC",6.1,-,Ⅲ,61 223 274,5 kg,E1,P002 IBC08 LP02,B3,T1,TP33
2772,液态硫代氨基甲酸酯农 药，易燃，毒性，闪点低于 23℃,"THIOCARBAMATE PESTICIDE, LIQUID, FLAMMABLE, TOXIC, flash point less than 23℃",3,6.1,Ⅰ,61 274,0,E0,P001,-,T14,TP2 TP13 TP27
2772,液态硫代氨基甲酸酯农 药，易燃，毒性，闪点低于 23℃,"THIOCARBAMATE PESTICIDE, LIQUID, FLAMMABLE, TOXIC, flash point less than 23℃",3,6.1,Ⅱ,61 274,1 L,E2,P001 IBC02,-,T11,TP2 TP13 TP27
2775,固态铜基农药，毒性,"COPPER BASED PESTICIDE, SOLID, TOXIC",6.1,-,Ⅰ,61 274,0,E5,P002 IBC07,B1,T6,TP33
2775,固态铜基农药，毒性,"COPPER BASED PESTICIDE, SOLID, TOXIC",6.1,-,Ⅱ,61 274,500 g,E4,P002 IBC08,"B2, B4",T3,TP33
2775,固态铜基农药，毒性,"COPPER BASED PESTICIDE, SOLID, TOXIC",6.1,-,Ⅲ,61 223 274,5 kg,E1,P002 IBC08 LP02,B3,T1,TP33
2776,液态铜基农药，易燃，毒 性，闪点低于23℃,"COPPER BASED PESTICIDE, LIQUID, FLAMMABLE, TOXIC, flash point less than 23℃",3,6.1,Ⅰ,61 274,0,E0,P001,-,T14,TP2 TP13 TP27
2776,液态铜基农药，易燃，毒 性，闪点低于23℃,"COPPER BASED PESTICIDE, LIQUID, FLAMMABLE, TOXIC, flash point less than 23℃",3,6.1,Ⅱ,⁶1/274,1 L,E2,P001 IBC02,-,T11,TP2 TP13 TP27
2777,固态汞基农药，毒性,"MERCURY BASED PESTICIDE, SOLID, TOXIC",6.1,-,Ⅰ,61 274,0,E5,P002 IBC07,B1,T6,TP33
2777,固态汞基农药，毒性,"MERCURY BASED PESTICIDE, SOLID, TOXIC",6.1,-,Ⅱ,61 274,500 g,E4,P002 IBC08,"B2, B4",T3,TP33
2777,固态汞基农药，毒性,"MERCURY BASED PESTICIDE, SOLID, TOXIC",6.1,-,Ⅲ,61 223 274,5 kg,E1,P002 IBC08 LP02,B3,T1,TP33
2778,液态汞基农药，易燃，毒 性，闪点低于 23℃,"MERCURY BASED PESTICIDE, LIQUID, FLAMMABLE, TOXIC, flash point less than 23℃",3,6.1,Ⅰ,61 274,0,E0,P001,—,T14,TP2 TP13 TP27
2778,液态汞基农药，易燃，毒 性，闪点低于 23℃,"MERCURY BASED PESTICIDE, LIQUID, FLAMMABLE, TOXIC, flash point less than 23℃",3,6.1,Ⅱ,61 274,1 L,E2,P001 IBC02,—,T11,TP2 TP13 TP27
2779,固态取代硝基苯酚农药， 毒性,"SUBSTITUTED NITROPHENOL PESTICIDE, SOLID, TOXIC",6.1,—,Ⅰ,⁶1/24,0,E5,P002 IBC07,B1,T6,TP33
2779,固态取代硝基苯酚农药， 毒性,"SUBSTITUTED NITROPHENOL PESTICIDE, SOLID, TOXIC",6.1,—,Ⅱ,61 274,500 g,E4,P002 IBC08,"B2, B4",T3,TP33
2779,固态取代硝基苯酚农药， 毒性,"SUBSTITUTED NITROPHENOL PESTICIDE, SOLID, TOXIC",6.1,—,Ⅲ,61 223 274,5 kg,E1,P002 IBC08 LP02,B3,T1,TP33
2780,液态取代硝基苯酚农药， 易燃，毒性，闪点低于 23℃,"SUBSTITUTED NITROPHENOL PESTICIDE, LIQUID, FLAMMABLE, TOXIC, flash point less than 23 ℃",3,6.1,Ⅰ,61 274,0,E0,P001,-,T14,TP2 TP13 TP27
2780,液态取代硝基苯酚农药， 易燃，毒性，闪点低于 23℃,"SUBSTITUTED NITROPHENOL PESTICIDE, LIQUID, FLAMMABLE, TOXIC, flash point less than 23 ℃",3,6.1,Ⅱ,61 274,1 L,E2,P001 IBC02,-,T11,TP2 TP13 TP27
2781,固态联吡啶农药，毒性,"BIPYRIDILIUM PESTICIDE, SOLID, TOXIC",6.1,-,Ⅰ,61 274,0,E5,P002 IBC07,B1,T6,TP33
2781,固态联吡啶农药，毒性,"BIPYRIDILIUM PESTICIDE, SOLID, TOXIC",6.1,-,Ⅱ,61 274,500 g,E4,P002 IBC08,"B2, B4",T3,TP33
2781,固态联吡啶农药，毒性,"BIPYRIDILIUM PESTICIDE, SOLID, TOXIC",6.1,-,Ⅲ,61 223 274,5 kg,E1,P002 IBC08 LP02,B3,T1,TP33
2782,液态联吡啶农药，易燃，毒 性，闪点低于23℃,"BIPYRIDILIUM PESTICIDE, LIQUID, FLAMMABLE, TOXIC, flash point less than 23 ℃",3,6.1,Ⅰ,61 274,0,E0,P001,-,T14,TP2 TP13 TP27
2782,液态联吡啶农药，易燃，毒 性，闪点低于23℃,"BIPYRIDILIUM PESTICIDE, LIQUID, FLAMMABLE, TOXIC, flash point less than 23 ℃",3,6.1,Ⅱ,61 274,1 L,E2,P001 IBC02,-,T11,TP2 TP13 TP27
2783,固态有机磷农药，毒性,"ORGANOPHOSPHORUS PESTICIDE, SOLID, TOXIC",6.1,-,Ⅰ,61 274,0,E5,P002 IBC07,B1,T6,TP33
2783,固态有机磷农药，毒性,"ORGANOPHOSPHORUS PESTICIDE, SOLID, TOXIC",6.1,-,Ⅱ,61 274,500 g,E4,P002 IBC08,"B2, B4",T3,TP33
2783,固态有机磷农药，毒性,"ORGANOPHOSPHORUS PESTICIDE, SOLID, TOXIC",6.1,-,Ⅲ,61 223 274,5 kg,E1,P002 IBC08 LP02,B3,T1,TP33
2784,"液态有机磷农药，易燃，毒 性,闪点低于 23 ℃","ORGANOPHOSPHORUS PESTICIDE, LIQUID, FLAMMABLE, TOXIC, flash point less than 23 ℃",3,6.1,Ⅰ,61 274,0,E0,P001,-,T14,TP2 TP13 TP27
2784,"液态有机磷农药，易燃，毒 性,闪点低于 23 ℃","ORGANOPHOSPHORUS PESTICIDE, LIQUID, FLAMMABLE, TOXIC, flash point less than 23 ℃",3,6.1,Ⅱ,61 274,1 L,E2,P001 IBC02,-,T11,TP2 TP13 TP27
2785,4-硫杂戊醛,4-THIAPENTANAL,6.1,-,Ⅲ,-,5 L,E1,P001 IBC03 LP01,-,T4,TP1
2786,固态有机锡农药，毒性,"ORGANOTIN PESTICIDE, SOLID, TOXIC",6.1,-,Ⅰ,61 274,0,E5,P002 IBC07,B1,T6,TP33
2786,固态有机锡农药，毒性,"ORGANOTIN PESTICIDE, SOLID, TOXIC",6.1,-,Ⅱ,61 274,500 g,E4,P002 IBC08,"B2, B4",T3,TP33
2786,固态有机锡农药，毒性,"ORGANOTIN PESTICIDE, SOLID, TOXIC",6.1,-,Ⅲ,61 223 274,5 kg,E1,P002 IBC08 LP02,B3,T1,TP33
2787,液态有机锡农药，易燃，毒 性，闪点低于23 ℃,"ORGANOTIN PESTICIDE, LIQUID, FLAMMABLE, TOXIC, flash point less than 23 ℃",3,6.1,Ⅰ,61 274,0,E0,P001,-,T14,TP2 TP13 TP27
2787,液态有机锡农药，易燃，毒 性，闪点低于23 ℃,"ORGANOTIN PESTICIDE, LIQUID, FLAMMABLE, TOXIC, flash point less than 23 ℃",3,6.1,Ⅱ,61 274,1 L,E2,P001 IBC02,-,T11,TP2 TP13 TP27
2788,液态有机锡化合物，未另 作规定的,"ORGANOTIN COMPOUND, LIQUID, N. O. S.",6.1,-,Ⅰ,43 274,0,E5,P001,-,T14,TP2 TP13 TP27
2788,液态有机锡化合物，未另 作规定的,"ORGANOTIN COMPOUND, LIQUID, N. O. S.",6.1,-,Ⅱ,43 274,100 mL,E4,P001 IBC02,-,T11,TP2 TP13 TP27
2788,液态有机锡化合物，未另 作规定的,"ORGANOTIN COMPOUND, LIQUID, N. O. S.",6.1,-,Ⅲ,43 223 274,5 L,E1,P001 IBC03 LP01,-,T7,TP2 TP28
2789,冰醋酸或乙酸溶液，按质 量含酸高于 80%,"ACETIC ACID, GLACIAL or ACETIC ACID SOLUTION, more than 80% acid, by mass",8,3,Ⅱ,-,1 L,E2,P001 IBC02,-,T7,TP2
2790,"乙酸溶液，按质量含酸不 低于50%,但不超过80%","ACETIC ACID SOLUTION, not less than 50% but not more than 80% acid, by mass",8,-,Ⅱ,-,1 L,E2,P001 IBC02,-,T7,TP2
2790,"乙酸溶液，按质量含酸不 低于10%,但不超过50%","ACETIC ACID SOLUTION, more than 10% and less than 50% acid, by mass",8,-,Ⅲ,-,5 L,E1,P001 IBC03 LP01,-,T4,TP1
2793,黑色金属的镗屑、刨屑、旋 屑、切屑，易自热,"FERROUS METAL BORINGS, SHAVINGS, TURNINGS or CUTTINGS in a form liable to selfheating",4.2,-,Ⅲ,223,0,E1,P003 IBC08 LP02,"PP20 B3, B6",BK2,-
2794,蓄电电池，湿的，装有酸液,"BATTERIES, WET, FILLED WITH ACID, electric storage",8,-,-,295,1 L,E0,P801,-,-,-
2795,蓄电电池，湿的，装有碱液,"BATTERIES, WET, FILLED WITH ALKALI, electric storage",8,-,-,295 401,1 L,E0,P801,-,-,-
2796,硫酸，含酸不超过51%或 酸性电池液,"SULPHURIC ACID with not more than 51% acid or BATTERYFLUID, ACID",8,-,Ⅱ,-,1 L,E2,P001 IBC02,-,T8,TP2
2797,碱性电池液,"BATTERY FLUID, ALKALI",8,-,Ⅱ,-,1 L,E2,P001 IBC02,-,T7,TP2 TP28
2798,苯基二氯化磷,PHENYLPHOSPHORUS DICHLORIDE,8,-,Ⅱ,-,1 L,E0,P001 IBC02,-,T7,TP2 TP28
2799,苯基硫代磷酰二氯,PHENYLPHOSPHORUS THIODICHLORIDE,8,-,Ⅱ,-,1 L,E0,P001 IBC02,-,T7,TP2
2800,蓄电电池，湿的，不溢出的,"BATTERIES, WET, NON-SPILLABLE, electric storage",8,-,-,238,1 L,E0,P003,PP16,-,-
2801,液态染料，腐蚀性，未另作 规定的或液态染料中间 体，腐蚀性，未另作规定的,"DYE, LIQUID, CORROSIVE, N. O. S. or DYE INTERMEDIATE, LIQUID, CORROSIVE, N. O. S.",8,-,Ⅰ,274,0,E0,P001,-,T14,TP2 TP27
2801,液态染料，腐蚀性，未另作 规定的或液态染料中间 体，腐蚀性，未另作规定的,"DYE, LIQUID, CORROSIVE, N. O. S. or DYE INTERMEDIATE, LIQUID, CORROSIVE, N. O. S.",8,-,Ⅱ,274,1 L,E2,P001 IBC02,-,T11,TP2 TP27
2801,液态染料，腐蚀性，未另作 规定的或液态染料中间 体，腐蚀性，未另作规定的,"DYE, LIQUID, CORROSIVE, N. O. S. or DYE INTERMEDIATE, LIQUID, CORROSIVE, N. O. S.",8,-,Ⅲ,223 274,5 L,E1,P001 IBC03 LP01,-,T7,TP1 TP28
2802,氯化铜,COPPER CHLORIDE,8,-,Ⅲ,-,5 kg,E1,P002 IBC08 LP02,B3,T1,TP33
2803,镓,GALLIUM,8,-,Ⅲ,365,5 kg,E0,P800,PP41,T1,TP33
2805,熔凝固态氢化锂,"LITHIUM HYDRIDE, FUSED SOLID",4.3,-,Ⅱ,-,500 g,E2,P410 IBC04,-,T3,TP33
2806,氮化锂,LITHIUM NITRIDE,4.3,-,Ⅰ,-,0,E0,P403 IBC04,B1,-,-
2807,磁化材料,MAGNETIZED MATERIAL,9,-,-,106,-,E0,-,-,-,-
2809,汞,MERCURY,8,6.1,Ⅲ,365,5 kg,E0,P800,-,-,-
2810,有机毒性液体，未另作规 定的,"TOXIC LIQUID, ORGANIC, N. O. S.",6.1,-,Ⅰ,274 315,0,E5,P001,-,T14,TP2 TP13 TP27
2810,有机毒性液体，未另作规 定的,"TOXIC LIQUID, ORGANIC, N. O. S.",6.1,-,Ⅱ,274,100 mL,E4,P001 IBC02,-,T11,TP2 TP13 TP27
2810,有机毒性液体，未另作规 定的,"TOXIC LIQUID, ORGANIC, N. O. S.",6.1,-,Ⅲ,223 274,5 L,E1,P001 IBC03 LP01,-,T7,TP1 TP28
2811,有机毒性固体，未另作规 定的,"TOXIC SOLID, ORGANIC, N. O. S.",6.1,-,Ⅰ,274,0,E5,P002 IBC99,-,T6,TP33
2811,有机毒性固体，未另作规 定的,"TOXIC SOLID, ORGANIC, N. O. S.",6.1,-,Ⅱ,274,500 g,E4,P002 IBC08,"B2, B4",T3,TP33
2811,有机毒性固体，未另作规 定的,"TOXIC SOLID, ORGANIC, N. O. S.",6.1,-,Ⅲ,223 274,5 kg,E1,P002 IBC08 LP02,B3,T1,TP33
2812,固态铝酸钠,"SODIUM ALUMINATE, SOLID",8,-,Ⅲ,106,5 kg,E1,P002 IBC08 LP02,B3,T1,TP33
2813,遇水反应固体，未另作规 定的,"WATER-REACTIVE SOLID, N. O. S.",4.3,-,Ⅰ,274,0,E0,P403 IBC99,-,T9,TP7 TP33
2813,遇水反应固体，未另作规 定的,"WATER-REACTIVE SOLID, N. O. S.",4.3,-,Ⅱ,274,500 g,E2,P410 IBC07,B2,T3,TP33
2813,遇水反应固体，未另作规 定的,"WATER-REACTIVE SOLID, N. O. S.",4.3,-,Ⅲ,223 274,1 kg,E1,P410 IBC08,B4,T1,TP33
2814,感染性物质，对人感染,"INFECTIOUS SUBSTANCE, AFFECTING HUMANS",6.2,-,-,318 341,0,E0,P620,-,BK1 BK2,-
2815,N-氨乙基哌嗪,N-AMINOETHYLPIPERAZINE,8,6.1,Ⅲ,-,5 L,E1,P001 IBC03 LP01,-,T4,TP1
2817,二氟化氢铵溶液,AMMONIUM HYDROGEN- DIFLUORIDE SOLUTION,8,6.1,Ⅱ,-,1 L,E2,P001 IBC02,-,T8,TP2 TP13
2817,二氟化氢铵溶液,AMMONIUM HYDROGEN- DIFLUORIDE SOLUTION,8,6.1,Ⅲ,223,5 L,E1,P001 IBC03,-,T4,TP1 TP13
2818,多硫化铵溶液,AMMONIUM POLYSULPHIDE SOLUTION,8,6.1,Ⅱ,-,1 L,E2,P001 IBC02,-,T7,TP2 TP13
2818,多硫化铵溶液,AMMONIUM POLYSULPHIDE SOLUTION,8,6.1,Ⅲ,223,5 L,E1,P001 IBC03,-,T4,TP1 TP13
2819,酸式磷酸戊酯,AMYL ACID PHOSPHATE,8,-,Ⅲ,-,5 L,E1,P001 IBC03 LP01,-,T4,TP1
2820,丁酸,BUTYRIC ACID,8,-,Ⅲ,-,5 L,E1,P001 IBC03 LP01,-,T4,TP1
2821,苯酚溶液,PHENOL SOLUTION,6.1,-,Ⅱ,-,100 mL,E4,P001 IBC02,-,T7,TP2
2821,苯酚溶液,PHENOL SOLUTION,6.1,-,Ⅲ,223,5 L,E1,P001 IBC03 LP01,-,T4,TP1
2822,2-氯吡啶,2-CHLOROPYRIDINE,6.1,-,Ⅱ,-,100 mL,E4,P001 IBC02,-,T7,TP2
2823,固态丁烯酸,"CROTONIC ACID, SOLID",8,-,Ⅲ,-,5 kg,E1,P002 IBC08 LP02,B3,T1,TP33
2826,氯硫代甲酸乙酯,ETHYL CHLOROTHIOFORMATE,8,3,Ⅱ,-,0,E0,P001,-,T7,TP2
2829,己酸,CAPROIC ACID,8,-,Ⅲ,-,5 L,E1,P001 IBC03 LP01,-,T4,TP1
2830,锂硅铁,LITHIUM FERROSILICON,4.3,-,Ⅱ,-,500 g,E2,P410 IBC07,B2,T3,TP33
2831,"1.1,1-三氯乙烷","1,1,1-TRICHLOROETHANE",6.1,-,Ⅲ,-,5 L,E1,P001 IBC03 LP01,-,T4,TP1
2834,亚磷酸,PHOSPHOROUS ACID,8,-,Ⅲ,-,5 kg,E1,P002 IBC08 LP02,B3,T1,TP33
2835,氢化铝钠,SODIUM ALUMINIUM HYDRIDE,4.3,-,Ⅱ,-,500 g,E0,P410 IBC04,-,T3,TP33
2837,硫酸氢盐水溶液,"BISULPHATES, AQUEOUS SOLUTION",8,-,Ⅱ,-,1 L,E2,P001 IBC02,-,T7,TP2
2837,硫酸氢盐水溶液,"BISULPHATES, AQUEOUS SOLUTION",8,-,Ⅲ,223,5 L,E1,P001 IBC03 LP01,-,T4,TP1
2838,丁酸乙烯酯，稳定的,"VINYL BUTYRATE, STABILIZED",3,-,Ⅱ,386,1 L,E2,P001 IBC02,-,T4,TP1
2839,丁间醇醛,ALDOL,6.1,-,Ⅱ,-,100 mL,E4,P001 IBC02,-,T7,TP2
2840,丁醛肟,BUTYRALDOXIME,3,-,Ⅲ,-,5 L,E1,P001 IBC03 LP01,-,T2,TP1
2841,二正戊胺,DI-n-AMYLAMINE,3,6.1,Ⅲ,-,5 L,E1,P001 IBC03,-,T4,TP1
2842,硝基乙烷,NITROETHANE,3,-,Ⅲ,-,5 L,E1,P001 IBC03 LP01,-,T2,TP1
2844,钙锰硅合金,CALCIUM MANGANESE SILICON,4.3,-,Ⅲ,-,1 kg,E1,P410 IBC08,B4,T1,TP33
2845,有机发火液体，未另作规 定的,"PYROPHORIC LIQUID, ORGANIC, N. O. S.",4.2,-,Ⅰ,274,0,E0,P400,-,T22,TP2 TP7
2846,有机发火固体，未另作规 定的,"PYROPHORIC SOLID, ORGANIC, N. O. S.",4.2,-,Ⅰ,274,0,E0,P404,-,-,-
2849,3-氯-1-丙醇,3-CHLORO-PROPANOL-1,6.1,-,Ⅲ,-,5 L,E1,P001 IBC03 LP01,-,T4,TP1
2850,四聚丙烯,PROPYLENE TETRAMER,3,-,Ⅲ,-,5 L,E1,P001 IBC03 LP01,-,T2,TP1
2851,二水合三氟化硼,BORON TRIFLUORIDE DIHYDRATE,8,-,Ⅱ,-,1 L,E2,P001 IBC02,-,T7,TP2
2852,二苦硫，湿的，按质量含水 不低于 10%,"DIPICRYL SULPHIDE, WETTED with not less than 10% water, by mass",4.1,-,Ⅰ,28,0,E0,P406,PP24,-,-
2853,氟硅酸镁,MAGNESIUM FLUOROSILICATE,6.1,-,Ⅲ,-,5 kg,E1,P002 IBC08 LP02,B3,T1,FP33
2854,氟硅酸铵,AMMONIUM FLUOROSILICATE,6.1,-,Ⅲ,-,5 kg,E1,P002 IBC08 LP02,B3,T1,TP33
2855,氟硅酸锌,ZINC FLUOROSILICATE,6.1,-,Ⅲ,-,5 kg,E1,P002 IBC08 LP02,B3,T1,TP33
2856,氟硅酸盐，未另作规定的,"FLUOROSILICATES, N. O. S.",6.1,-,Ⅲ,274,5 kg,E1,P002 IBC08 LP02,B3,T1,TP33
2857,制冷机，含非易燃、无毒气 体或氨溶液(UN 2672),"REFRIGERATING MACHINES containing non- flammable, nontoxic, gases or ammonia solutions (UN 2672)",2.2,-,-,119,0,E0,P003,PP32,T1,-
2858,锆金属，干的，成卷线材、 精整金属薄板、带材(厚度 小于254μm，但不小于 18μm),"ZIRCONIUM, DRY, coiled wire, finished metal sheets, strip(thinner than 254 microns but not thinner than 18 microns)",4.1,-,Ⅲ,-,5 kg,E1,P002 LP02,-,-,-
2859,偏钒酸铵,AMMONIUM METAVANADATE,6.1,-,Ⅱ,-,500 g,E4,P002 IBC08,"B2, B4",T3,TP33
2861,多钒酸铵,AMMONIUM POLYVANADATE,6.1,-,Ⅱ,-,500 g,E4,P002 IBC08,"B2, B4",T3,TP33
2862,五氧化二钒，非熔凝状态,"VANADIUM PENTOXIDE, non-fused form",6.1,-,Ⅲ,-,5 kg,E1,P002 IBC08 LP02,B3,T1,TP33
2863,钒酸铵钠,SODIUM AMMONIUM VANADATE,6.1,-,Ⅱ,-,500 g,E4,P002 IBC08,"B2, B4",T3,TP33
2864,偏钒酸钾,POTASSIUM METAVANADATE,6.1,-,Ⅱ,-,500 g,E4,P002 IBC08,"B2, B4",T3,TP33
2865,硫酸羟胺(硫酸胲),HYDROXYLAMINE SULPHATE,8,-,Ⅲ,-,5 kg,E1,P002 IBC08 LP02,B3,T1,TP33
2869,三氯化钛混合物,TITANIUM TRICHLORIDE MIXTURE,8,-,Ⅱ,-,1 kg,E2,P002 IBC08,"B2, B4",T3,TP33
2869,三氯化钛混合物,TITANIUM TRICHLORIDE MIXTURE,8,-,Ⅲ,223,5 kg,E1,P002 IBC08 LP02,B3,T1,TP33
2870,氢硼化铝,ALUMINIUM BOROHYDRIDE,4.2,4.3,Ⅰ,-,0,E0,P400,-,T21,TP7 TP33
2870,在装置中的氢硼化铝,ALUMINIUM BOROHYDRIDE IN DEVICES,4.2,4.3,-,-,0,E0,P002,PP13,-,-
2871,锑粉,ANTIMONY POWDER,6.1,-,Ⅲ,-,5 kg,E1,P002 IBC08 LP02,B3,T1,TP33
2872,二溴氯丙烷,DIBROMOCHLOROPROPANES,6.1,-,Ⅱ,-,100 mL,E4,P001 IBC02,-,T7,TP2
2872,二溴氯丙烷,DIBROMOCHLOROPROPANES,6.1,-,Ⅲ,223,5 L,E1,P001 IBC03 LP01,-,T4,TP1
2873,二丁氨基乙醇,DIBUTYLAMINOETHANOL,6.1,-,Ⅲ,-,5 L,E1,P001 IBC03 LP01,-,T4,TP1
2874,糠醇,FURFURYL ALCOHOL,6.1,-,Ⅲ,-,5 L,E1,P001 IBC03 LP01,-,T4,TP1
2875,六氯酚(毒菌酚),HEXACHLOROPHENE,6.1,-,Ⅲ,-,5 kg,E1,P002 IBC08 LP02,B3,T1,TP33
2876,间苯二酚,RESORCINOL,6.1,-,Ⅲ,-,5 kg,E1,P002 IBC08 LP02,B3,T1,TP33
2878,颗粒状海绵钛或海绵钛 粉末,TITANIUM SPONGE GRANULES or TITANIUM SPONGE POWDERS,4.1,-,Ⅲ,223,5 kg,E1,P002 IBC08 LP02,B3,T1,TP33
2879,二氯氧化硒,SELENIUM OXYCHLORIDE,8,6.1,Ⅰ,-,0,E0,P001,-,T10,TP2 TP13
2880,"水合次氯酸钙或水合次氯 酸钙混合物，含水不低于 5.5%,但不超过16%","CALCIUM HYPOCHLORITE, HYDRATED or CALCIUM HYPOCHLORITE, HYDRATEDMIXTURE, with not less than 5.5% but not more than 16% water",5.1,-,Ⅱ,314 322,1 kg,E2,P002 IBC08,"PP85 B2, B4, B13",-,-
2880,"水合次氯酸钙或水合次氯 酸钙混合物，含水不低于 5.5%,但不超过16%","CALCIUM HYPOCHLORITE, HYDRATED or CALCIUM HYPOCHLORITE, HYDRATEDMIXTURE, with not less than 5.5% but not more than 16% water",5.1,-,Ⅲ,223 314,5 kg,E1,P002 IBC08,"PP85 B4, B13",-,-
2881,金属催化剂，干的,"METAL CATALYST, DRY",4.2,-,Ⅰ,274,0,E0,P404,-,T21,TP7 TP33
2881,金属催化剂，干的,"METAL CATALYST, DRY",4.2,-,Ⅱ,274,0,E0,P410 IBC06,B2,T3,TP33
2881,金属催化剂，干的,"METAL CATALYST, DRY",4.2,-,Ⅲ,223 274,0,E1,P002 IBC08 LP02,B3,T1,TP33
2900,感染性物质，只对动物 感染,"INFECTIOUS SUBSTANCE, AFFECTING ANIMALS only",6.2,-,-,318 341,0,E0,P620,-,BK1 BK2,-
2901,氯化溴,BROMINE CHLORIDE,2.3,5.1 8,-,-,0,E0,P200,-,-,-
2902,液态农药，毒性，未另作规 定的,"PESTICIDE, LIQUID, TOXIC, N. O. S.",6.1,-,Ⅰ,61 274,0,E5,P001,-,T14,TP2 TP13 TP27
2902,液态农药，毒性，未另作规 定的,"PESTICIDE, LIQUID, TOXIC, N. O. S.",6.1,-,Ⅱ,61 274,100 mL,E4,P001 IBC02,-,T11,TP2 TP13 TP27
2902,液态农药，毒性，未另作规 定的,"PESTICIDE, LIQUID, TOXIC, N. O. S.",6.1,-,Ⅲ,61 223 274,5 L,E1,P001 IBC03 LP01,-,T7,TP2 TP28
2903,液态农药，毒性，易燃，未 另作规定的，闪点不低 于23℃,"PESTICIDE, LIQUID, TOXIC, FLAMMABLE, N. O. S., flash point not less than 23 ℃",6.1,3,Ⅰ,61 274,0,E5,P001,-,T14,TP2 TP13 TP27
2903,液态农药，毒性，易燃，未 另作规定的，闪点不低 于23℃,"PESTICIDE, LIQUID, TOXIC, FLAMMABLE, N. O. S., flash point not less than 23 ℃",6.1,3,Ⅱ,61 274,100 mL,E4,P001 IBC02,-,T11,TP2 TP13 TP27
2903,液态农药，毒性，易燃，未 另作规定的，闪点不低 于23℃,"PESTICIDE, LIQUID, TOXIC, FLAMMABLE, N. O. S., flash point not less than 23 ℃",6.1,3,Ⅲ,61 223 274,5 L,E1,P001 IBC03,-,T7,TP2
2904,液态氯苯酚盐或液态苯 酚盐,"CHLOROPHENOLATES, LIQUID or PHENOLATES, LIQUID",8,-,Ⅲ,-,5 L,E1,P001 IBC03 LP01,-,-,-
2905,固态氯苯酚盐或固态苯 酚盐,"CHLOROPHENOLATES, SOLID or PHENOLATES, SOLID",8,-,Ⅲ,-,5 kg,E1,P002 IBC08 LP02,B3,T1,TP33
2907,异山梨醇二硝酸酯混合 物，含乳糖、甘露糖、淀粉 或磷酸氢钙不低于60%,"ISOSORBIDE DINITRATE MIXTURE with not less than 60% lactose, mannose, starch or calcium hydrogen phosphate",4.1,-,Ⅱ,28 127,0,E0,P406 IBC06,"PP26 PP80 B2,B12",-,-
2908,放射性物质，例外包装 件——空包装,"RADIOACTIVE MATERIAL, EXCEPTED PACK AGE-EMPTY PACKAGING",7,-,-,290 368,0,E0,见《规章范本》1.5,,,
2909,放射性物质，例外包装 件--一天然铀、贫化铀或 天然钍制造的物品,"RADIOACTIVE MATERIAL,EXCEPTED PACK AGE-ARTICLESMANUFACTURED FROM NATURAL URANIUM or DEPLETED URANIUM or NATURAL THORIUM",7,-,-,290,0,E0,见《规章范本》1.5,,,
2910,放射性物质，例外包装 件——物质数量有限,"RADIOACTIVE MATERIAL,EXCEPTED PACK AGE-LIMITED QUANTITY OF MATERIAL",7,-,-,290 368,0,E0,见《规章范本》1.5,,,
2911,放射性物质，例外包装 件——仪器或物品,"RADIOACTIVE MATERIAL,EXCEPTED PACK AGE-INSTRUMENTS or ARTICLES",7,-,-,290,0,E0,见《规章范本》1.5,,,
2912,"放射性物质，低比活度 (LSA-Ⅰ),非易裂变或例 外的易裂变","RADIOACTIVE MATERIAL,LOW SPECIFIC ACTIVITY (LSA-I), non-fissile or fissile-excepted",7,-,-,172 317 325,0,E0,-,见《规章范本》2.7 和4.1.9,,
2912,"放射性物质，低比活度 (LSA-Ⅰ),非易裂变或例 外的易裂变","RADIOACTIVE MATERIAL,LOW SPECIFIC ACTIVITY (LSA-I), non-fissile or fissile-excepted",7,-,-,172 317 325,0,E0,-,-,T5,TP4
2913,放射性物质，表面污染物 体(sco-Ⅰ 、 sco-Ⅱ或 sco-Ⅲ)，非易裂变或例外 的易裂变,"RADIOACTIVE MATERIAL, SURF ACE CONTAMINATED OBJECTS(SCO-I, SCO- Ⅱ or SCO-Ⅲ), non-fissile or fissile-excepted",7,-,-,172 317 325,0,E0,-,见《规章范本》2.7 和4.1.9,T5,TP4
2913,放射性物质，表面污染物 体(sco-Ⅰ 、 sco-Ⅱ或 sco-Ⅲ)，非易裂变或例外 的易裂变,"RADIOACTIVE MATERIAL, SURF ACE CONTAMINATED OBJECTS(SCO-I, SCO- Ⅱ or SCO-Ⅲ), non-fissile or fissile-excepted",7,-,-,172 317 325,0,E0,-,-,T5,TP4
2915,放射性物质，A型包装件， 非特殊形式，非易裂变或 例外的易裂变,"RADIOACTIVE MATERIAL,TYPE A PACK AGE, non-special form, non-fissile or fissile-excepted",7,-,-,172 317 325,0,E0,见《规章范本》2.7 和4.1.9,,,
2916,放射性物质，B(U)型包装 件，非易裂变或例外的易 裂变,"RADIOACTIVE MATERIAL,TYPE B(U) PACKAGE, non-fissile or fissile-excepted",7,-,-,172 317 337 325,0,E0,见《规章范本》2.7 和4.1.9,,,
2917,放射性物质，B(M)型包装 件，非易裂变或例外的易 裂变,"RADIOACTIVE MATERIAL, TYPE B(M) PACK AGE, non-fissile or fissile-excepted",7,-,-,172 317 325 337,0,E0,见《规章范本》2.7 和4.1.9,,,
2919,放射性物质，按特殊安排 运输，非易裂变或例外的 易裂变,"RADIOACTIVE MATERIAL, TRANSPORTED UNDER SPECIAL ARRANGEMENT, nonfissile or fissile-excepted",7,-,-,172 317 325,0,E0,见《规章范本》2.7 和4.1.9,,,
2920,腐蚀性液体，易燃，未另作 规定的,"CORROSIVE LIQUID,FLAMMABLE, N. O. S.",8,3,Ⅰ,274,0,E0,P001,-,T14,TP2 TP27
2920,腐蚀性液体，易燃，未另作 规定的,"CORROSIVE LIQUID,FLAMMABLE, N. O. S.",8,3,Ⅱ,274,1 L,E2,P001 IBC02,-,T11,TP2 TP27
2921,腐蚀性固体，易燃，未另作 规定的,"CORROSIVE SOLID,FLAMMABLE, N. O. S.",8,4.1,Ⅰ,274,0,E0,P002 IBC99,-,T6,TP33
2921,腐蚀性固体，易燃，未另作 规定的,"CORROSIVE SOLID,FLAMMABLE, N. O. S.",8,4.1,Ⅱ,274,1 kg,E2,P002 IBC08,"B2, B4",T3,TP33
2922,腐蚀性液体，毒性，未另作 规定的,"CORROSIVE LIQUID, TOXIC, N. O. S.",8,6.1,Ⅰ,274,0,E0,P001,-,T14,TP2 TP13 TP27
2922,腐蚀性液体，毒性，未另作 规定的,"CORROSIVE LIQUID, TOXIC, N. O. S.",8,6.1,Ⅱ,274,1 L,E2,P001 IBC02,-,T7,TP2
2922,腐蚀性液体，毒性，未另作 规定的,"CORROSIVE LIQUID, TOXIC, N. O. S.",8,6.1,Ⅲ,223 274,5 L,E1,P001 IBC03,-,T7,TP1 TP28
2923,腐蚀性固体，毒性，未另作 规定的,"CORROSIVE SOLID, TOXIC, N. O. S.",8,6.1,Ⅰ,274,0,E0,P002 IBC99,-,T6,TP33
2923,腐蚀性固体，毒性，未另作 规定的,"CORROSIVE SOLID, TOXIC, N. O. S.",8,6.1,Ⅱ,274,1 kg,E2,P002 IBC08,"B2, B4",T3,TP33
2923,腐蚀性固体，毒性，未另作 规定的,"CORROSIVE SOLID, TOXIC, N. O. S.",8,6.1,Ⅲ,223 274,5 kg,E1,P002 IBC08,B3,T1,TP33
2924,易燃液体，腐蚀性，未另作 规定的,"FLAMMABLE LIQUID, CORROSIVE, N. O. S.",3,8,Ⅰ,274,0,E0,P001,-,T14,TP2
2924,易燃液体，腐蚀性，未另作 规定的,"FLAMMABLE LIQUID, CORROSIVE, N. O. S.",3,8,Ⅱ,274,1 L,E2,P001 IBC02,-,T11,TP2 TP27
2924,易燃液体，腐蚀性，未另作 规定的,"FLAMMABLE LIQUID, CORROSIVE, N. O. S.",3,8,Ⅲ,223 274,5 L,E1,P001 IBC03,-,T7,TP1 TP28
2925,有机易燃固体，腐蚀性，未 另作规定的,"FLAMMABLE SOLID, CORROSIVE, ORGANIC, N. O. S.",4.1,8,Ⅱ,274,1 kg,E2,P002 IBC06,B2,T3,TP33
2925,有机易燃固体，腐蚀性，未 另作规定的,"FLAMMABLE SOLID, CORROSIVE, ORGANIC, N. O. S.",4.1,8,Ⅲ,223 274,5 kg,E1,P002 IBC06,-,T1,TP33
2926,有机易燃固体，毒性，未另 作规定的,"FLAMMABLE SOLID, TOXIC, ORGANIC, N. O. S.",4.1,6.1,Ⅱ,274,1 kg,E2,P002 IBC06,B2,T3,TP33
2926,有机易燃固体，毒性，未另 作规定的,"FLAMMABLE SOLID, TOXIC, ORGANIC, N. O. S.",4.1,6.1,Ⅲ,223 274,5 kg,E1,P002 IBC06,-,T1,TP33
2927,有机毒性液体，腐蚀性，未 另作规定的,"TOXIC LIQUID, CORROSIVE, ORGANIC, N. O. S.",6.1,8,Ⅰ,274 315,0,E5,P001,-,T14,TP2 TP13 TP27
2927,有机毒性液体，腐蚀性，未 另作规定的,"TOXIC LIQUID, CORROSIVE, ORGANIC, N. O. S.",6.1,8,Ⅱ,274,100 mL,E4,P001 IBC02,-,T11,TP2 TP27
2928,有机毒性固体，腐蚀性，未 另作规定的,"TOXIC SOLID, CORROSIVE, ORGANIC, N. O. S.",6.1,8,Ⅰ,274,0,E5,P002 IBC99,-,T6,TP33
2928,有机毒性固体，腐蚀性，未 另作规定的,"TOXIC SOLID, CORROSIVE, ORGANIC, N. O. S.",6.1,8,Ⅱ,274,500 g,E4,P002 IBC06,B2,T3,TP33
2929,有机毒性液体，易燃，未另 作规定的,"TOXIC LIQUID, FLAMMABLE, ORGANIC, N. O. S.",6.1,3,Ⅰ,274 315,0,E5,P001,-,T14,TP2 TP13 TP27
2929,有机毒性液体，易燃，未另 作规定的,"TOXIC LIQUID, FLAMMABLE, ORGANIC, N. O. S.",6.1,3,Ⅱ,274,100 mL,E4,P001 IBC02,-,T11,TP2 TP13 TP27
2930,有机毒性固体，易燃，未另 作规定的,"TOXIC SOLID, FLAMMABLE, ORGANIC, N. O. S.",6.1,4.1,Ⅰ,274,0,E5,P002 IBC99,-,T6,TP33
2930,有机毒性固体，易燃，未另 作规定的,"TOXIC SOLID, FLAMMABLE, ORGANIC, N. O. S.",6.1,4.1,Ⅱ,274,500 g,E4,P002 IBC08,"B2, B4",T3,TP33
2931,硫酸氧钒,VANADYL SULPHATE,6.1,-,Ⅱ,-,500 g,E4,P002 IBC08,"B2, B4",T3,TP33
2933,2-氯丙酸甲酯,METHYL 2-CHLORO-PROPIONATE,3,-,Ⅲ,-,5 L,E1,P001 IBC03 LP01,-,T2,TP1
2934,2-氯丙酸异丙酯,ISOPROPYL 2-CHLOROPROPIONATE,3,—,Ⅲ,—,5 L,E1,P001 IBC03 LP01,—,T2,TP1
2935,2-氯丙酸乙酯,ETHYL 2-CHLOROPROPIONATE,3,—,Ⅲ,—,5 L,E1,P001 IBC03 LP01,—,T2,TP1
2936,硫代乳酸,THIOLACTIC ACID,6.1,—,Ⅱ,—,100 mL,E4,P001 IBC02,—,T7,TP2
2937,液态α-甲基苄基醇,"alpha-METHYLBENZYL ALCOHOL, LIQUID",6.1,—,Ⅲ,—,5 L,E1,P001 IBC03 LP01,—,T4,TP1
2940,9-磷杂二环壬烷(环辛二烯 膦),9-PHOSPHABICYCLONONANES (CYCLOOCT ADIENE PHOSPHINES),4.2,—,Ⅱ,—,0,E2,P410 IBC06,B2,T3,TP33
2941,氟苯胺,FLUOROANILINES,6.1,—,Ⅲ,—,5 L,E1,P001 IBC03 LP01,—,T4,TP1
2942,2-三氟甲基苯胺,2-TRIFLUOROMETHYLANILINE,6.1,—,Ⅲ,—,5 L,E1,P001 IBC03 LP01,—,—,TP1
2943,四氢化糠胺,TETRAHYDROFURFURYL-AMINE,3,-,Ⅲ,-,5 L,E1,P001 IBC03 LP01,-,T2,TP1
2945,N-甲基丁胺,N-METHYLBUTYLAMINE,3,8,Ⅱ,-,1 L,E2,P001 IBC02,-,T7,TP1
2946,2-氨基-5-二乙氨基戊烷,2-AMINO-5-DIETHYL-AMINOPENTANE,6.1,-,Ⅲ,-,5 L,E1,P001 IBC03 LP01,-,T4,TP1
2947,氯乙酸异丙酯,ISOPROPYL CHLOROACETATE,3,-,Ⅲ,-,5 L,E1,P001 IBC03 LP01,-,T2,TP1
2948,3-三氟甲基苯胺,3-TRIFLUOROMETHYLANILINE,6.1,-,Ⅱ,-,100 mL,E4,P001 IBC02,-,T7,TP2
2949,水合硫氢化钠，含结晶水 不低于25%,"SODIUM HYDROSULPHIDE, HYDRATED with not less than 25 % water of crystallization",8,-,Ⅱ,-,1 kg,E2,P002 IBC08,"B2, B4",T7,TP2
2950,颗粒状镁，涂层的，粒径不 小于149 μm,"MAGNESIUM GRANULES, COATED, particle size not less than 149 microns",4.3,-,Ⅲ,-,1 kg,E1,P410 IBC08,B4,T1 BK2,TP33
2956,"5-叔丁基-2,4,6-三硝基间 二甲苯(二甲苯麝香)","5-tert-BUTYL-2,4,6-TRINITRO-m-XYLENE (MUSK XYLENE)",4.1,-,Ⅲ,132 133,5 kg,E0,P409,-,-,-
2965,三氟化硼合二甲醚,BORON TRIFLUORIDE DIMETHYL ETHERATE,4.3,3 8,Ⅰ,-,0,E0,P401,-,T10,TP2 TP7 TP13
2966,硫甘醇,THIOGLYCOL,6.1,-,Ⅱ,-,100 mL,E4,P001 IBC02,-,T7,TP2
2967,氨基磺酸,SULPHAMIC ACID,8,-,Ⅲ,-,5 kg,E1,P002 IBC08 LP02,B3,T1,TP33
2968,代森锰，稳定的，或代森锰 制剂，稳定的，防自热的,"MANEB, STABILIZED or MANEB PREPARATION, STABILIZED against self-heating",4.3,-,Ⅲ,223,1 kg,E1,P002 IBC08,B4,T1,TP33
2969,蓖麻籽，或蓖麻粉，或蓖麻 油渣，或蓖麻片,CASTOR BEANS or CASTOR MEAL or CASTOR POMACE or CASTOR FLAKE,9,-,Ⅱ,141,5 kg,E2,P002 IBC08,"PP34 B2, B4",T3 BK1 BK2,TP33
2977,放射性物质，六氟化铀，易 裂变,"RADIOACTIVE MATERIAL, URANIUM HEXAFLUORIDE, FISSILE",7,6.1 8,-,-,0,E0,见《规章范本》2.7 和4.1.9,"PP34 B2, B4",T3 BK1 BK2,TP33
2978,放射性物质，六氟化铀，非 易裂变的或例外的易裂 变的,"RADIOACTIVE MATERIAL, URANIUM HEXAFLUORIDE, non-fissile or fissile-excepted",7,6.1 8,-,317,0,E0,见《规章范本》2.7 和4.1.9,"PP34 B2, B4",T3 BK1 BK2,TP33
2983,环氧乙烷和环氧丙烷混合 物，含环氧乙烷不超 过30%,"ETHYLENE OXIDE AND PROPYLENE OXIDE MIXTURE, not more than 30% ethylene oxide",3,6.1,Ⅰ,-,0,E0,P001,-,T14,TP2 TP7 TP13
2984,过氧化氢水溶液，含过氧 化氢不低于8%，但低于 20%(必要时加稳定剂),"HYDROGEN PEROXIDE, AQUEOUS SOLUTION with not less than 8% but less than 20% hydrogen peroxide (stabilized as necessary)",5.1,-,Ⅲ,65,5 L,E1,P504 IBC02,B5,T4,TP1 TP6 TP24
2985,氯硅烷，易燃，腐蚀性，未 另作规定的,"CHLOROSILANES, FLAMMABLE, CORROSIVE, N. O. S.",3,8,Ⅱ,-,0,E0,P010,-,T14,TP2 TP7 TP13 TP27
2986,氯硅烷，腐蚀性，易燃，未 另作规定的,"CHLOROSILANES, CORROSIVE, FLAMMABLE, N. O. S.",8,3,Ⅱ,-,0,E0,P010,-,T14,TP2 TP7 TP13 TP27
2987,氯硅烷，腐蚀性，未另作规 定的,"CHLOROSILANES, CORROSIVE, N. O. S.",8,-,Ⅱ,-,0,E0,P010,-,T14,TP2 TP7 TP13 TP27
2988,氯硅烷，遇水反应，易燃， 腐蚀性，未另作规定的,"CHLOROSILANES, WATER-REACTIVE, FLAMMABLE, CORROSIVE, N. O. S.",4.3,3 8,Ⅰ,-,0,E0,P401,-,T14,TP2 TP7 TP13
2989,亚磷酸二氢铅,"LEAD PHOSPHITE, DIBASIC",4.1,-,Ⅱ,-,1 kg,E2,P002 IBC08,"B2, B4",T3,TP33
2989,亚磷酸二氢铅,"LEAD PHOSPHITE, DIBASIC",4.1,-,Ⅲ,223,5 kg,E1,P002 IBC08 LP02,B3,T1,TP33
2990,救生设备，自动膨胀式,"LIFE-SAVING APPLIANCES, SELF-INFLATING",9,-,-,296,0,E0,P905,-,-,-
2991,液态氨基甲酸酯农药，毒 性，易燃，闪点不低于23℃,"CARBAMATE PESTICIDE, LIQUID, TOXIC, FLAMMABLE, flash point not less than 23 ℃",6.1,3,Ⅰ,61 274,0,E5,P001,-,T14,TP2 TP13 TP27
2991,液态氨基甲酸酯农药，毒 性，易燃，闪点不低于23℃,"CARBAMATE PESTICIDE, LIQUID, TOXIC, FLAMMABLE, flash point not less than 23 ℃",6.1,3,Ⅱ,61 274,100 mL,E4,P001 IBC02,-,T11,TP2 TP13 TP27
2991,液态氨基甲酸酯农药，毒 性，易燃，闪点不低于23℃,"CARBAMATE PESTICIDE, LIQUID, TOXIC, FLAMMABLE, flash point not less than 23 ℃",6.1,3,Ⅲ,61 223 274,5 L,E1,P001 IBC03,-,T7,TP2 TP28
2992,液态氨基甲酸酯农药， 毒性,"CARBAMATE PESTICIDE, LIQUID, TOXIC",6.1,-,Ⅰ,61 274,0,E5,P001,-,T14,TP2 TP13 TP27
2992,液态氨基甲酸酯农药， 毒性,"CARBAMATE PESTICIDE, LIQUID, TOXIC",6.1,-,Ⅱ,61 274,100 mL,E4,P001 IBC02,-,T11,TP2 TP13 TP27
2992,液态氨基甲酸酯农药， 毒性,"CARBAMATE PESTICIDE, LIQUID, TOXIC",6.1,-,Ⅲ,61 223 274,5 L,E1,P001 IBC03 LP01,-,T7,TP2 TP28
2993,液态含砷农药，毒性，易 燃，闪点不低于 23 ℃,"ARSENICAL PESTICIDE, LIQUID, TOXIC, FLAMMABLE, flash point not less than 23 ℃",6.1,3,Ⅰ,61 274,0,E5,P001,-,T14,TP2 TP13 TP27
2993,液态含砷农药，毒性，易 燃，闪点不低于 23 ℃,"ARSENICAL PESTICIDE, LIQUID, TOXIC, FLAMMABLE, flash point not less than 23 ℃",6.1,3,Ⅱ,61 274,100 mL,E4,P001 IBC02,-,T11,TP2 TP13 TP27
2993,液态含砷农药，毒性，易 燃，闪点不低于 23 ℃,"ARSENICAL PESTICIDE, LIQUID, TOXIC, FLAMMABLE, flash point not less than 23 ℃",6.1,3,Ⅲ,61 223 274,5 L,E1,P001 IBC03,-,T7,TP2 TP28
2994,液态含砷农药，毒性,"ARSENIC AL PESTICIDE, LIQUID, TOXIC",6.1,-,Ⅰ,61 274,0,E5,P001,-,T14,TP2 TP13 TP27
2994,液态含砷农药，毒性,"ARSENIC AL PESTICIDE, LIQUID, TOXIC",6.1,-,Ⅱ,61 274,100 mL,E4,P001 IBC02,-,T11,TP2 TP13 TP27
2994,液态含砷农药，毒性,"ARSENIC AL PESTICIDE, LIQUID, TOXIC",6.1,-,Ⅲ,61 223 274,5 L,E1,P001 IBC03 LP01,-,T7,TP2 TP28
2995,液态有机氯农药，毒性，易 燃，闪点不低于 23℃,"ORGANOCHLORINE PESTICIDE, LIQUID, TOXIC, FLAMMABLE, flash point not less than 23 ℃",6.1,3,Ⅰ,61 274,0,E5,P001,-,T14,TP2 TP13 TP27
2995,液态有机氯农药，毒性，易 燃，闪点不低于 23℃,"ORGANOCHLORINE PESTICIDE, LIQUID, TOXIC, FLAMMABLE, flash point not less than 23 ℃",6.1,3,Ⅱ,61 274,100 mL,E4,P001 IBC02,-,T11,TP2 TP13 TP27
2995,液态有机氯农药，毒性，易 燃，闪点不低于 23℃,"ORGANOCHLORINE PESTICIDE, LIQUID, TOXIC, FLAMMABLE, flash point not less than 23 ℃",6.1,3,Ⅲ,61 223 274,5 L,E1,P001 IBC03,-,T7,TP2 TP28
2996,液态有机氯农药，毒性,"ORGANOCHLORINE PESTICIDE, LIQUID, TOXIC",6.1,-,Ⅰ,61 274,0,E5,P001,-,T14,TP2 TP13 TP27
2996,液态有机氯农药，毒性,"ORGANOCHLORINE PESTICIDE, LIQUID, TOXIC",6.1,-,Ⅱ,61 274,100 mL,E4,P001 IBC02,-,T11,TP2 TP13 TP27
2996,液态有机氯农药，毒性,"ORGANOCHLORINE PESTICIDE, LIQUID, TOXIC",6.1,-,Ⅲ,61 223 274,5 L,E1,P001 IBC03 LP01,-,T7,TP2 TP28
2997,液态三嗪农药，毒性，易 燃，闪点不低于 23℃,"TRIAZINE PESTICIDE, LIQUID, TOXIC, FLAMMABLE, flash point not less than 23 ℃",6.1,3,Ⅰ,61 274,0,E5,P001,-,T14,TP2 TP13 TP27
2997,液态三嗪农药，毒性，易 燃，闪点不低于 23℃,"TRIAZINE PESTICIDE, LIQUID, TOXIC, FLAMMABLE, flash point not less than 23 ℃",6.1,3,Ⅱ,61 274,100 mL,E4,P001 IBC02,-,T11,TP2 TP13 TP27
2997,液态三嗪农药，毒性，易 燃，闪点不低于 23℃,"TRIAZINE PESTICIDE, LIQUID, TOXIC, FLAMMABLE, flash point not less than 23 ℃",6.1,3,Ⅲ,61 223 274,5 L,E1,P001 IBC03,-,T7,TP2 TP28
2998,液态三嗪农药，毒性,"TRIAZINE PESTICIDE, LIQUID, TOXIC",6.1,-,Ⅰ,61 274,0,E5,P001,-,T14,TP2 TP13 TP27
2998,液态三嗪农药，毒性,"TRIAZINE PESTICIDE, LIQUID, TOXIC",6.1,-,Ⅱ,61 274,100 mL,E4,P001 IBC02,-,T11,TP2 TP13 TP27
2998,液态三嗪农药，毒性,"TRIAZINE PESTICIDE, LIQUID, TOXIC",6.1,-,Ⅲ,61 223 274,5 L,E1,P001 IBC03 LP01,-,T7,TP2 TP28
3005,液态硫代氨基甲酸酯农 药，毒性，易燃，闪点不低 于23℃,"THIOCARBAMATE PESTICIDE, LIQUID, TOXIC, FLAMMABLE, flash point not less than 23 ℃",6.1,3,Ⅰ,61 274,0,E5,P001,-,T14,TP2 TP13
3005,液态硫代氨基甲酸酯农 药，毒性，易燃，闪点不低 于23℃,"THIOCARBAMATE PESTICIDE, LIQUID, TOXIC, FLAMMABLE, flash point not less than 23 ℃",6.1,3,Ⅱ,61 274,100 mL,E4,P001 IBC02,-,T11,TP2 TP13 TP27
3005,液态硫代氨基甲酸酯农 药，毒性，易燃，闪点不低 于23℃,"THIOCARBAMATE PESTICIDE, LIQUID, TOXIC, FLAMMABLE, flash point not less than 23 ℃",6.1,3,Ⅲ,61 223 274,5 L,E1,P001 IBC03,-,T7,TP2 TP28
3006,液态硫代氨基甲酸酯农 药，毒性,"THIOCARBAMATE PESTICIDE, LIQUID, TOXIC",6.1,-,Ⅰ,61 274,0,E5,P001,-,T14,TP2 TP13
3006,液态硫代氨基甲酸酯农 药，毒性,"THIOCARBAMATE PESTICIDE, LIQUID, TOXIC",6.1,-,Ⅱ,61 274,100 mL,E4,P001 IBC02,-,T11,TP2 TP13 TP27
3006,液态硫代氨基甲酸酯农 药，毒性,"THIOCARBAMATE PESTICIDE, LIQUID, TOXIC",6.1,-,Ⅲ,61 223 274,5 L,E1,P001 IBC03 LP01,-,T7,TP2 TP28
3009,液态铜基农药，毒性，易 燃，闪点不低于 23 ℃,"COPPER BASED PESTICIDE, LIQUID, TOXIC, FLAMMABLE, flash point not less than 23℃",6.1,3,Ⅰ,61 274,0,E5,P001,-,T14,TP2 TP13 TP27
3009,液态铜基农药，毒性，易 燃，闪点不低于 23 ℃,"COPPER BASED PESTICIDE, LIQUID, TOXIC, FLAMMABLE, flash point not less than 23℃",6.1,3,Ⅱ,61 274,100 mL,E4,P001 IBC02,-,T11,TP2 TP13 TP27
3009,液态铜基农药，毒性，易 燃，闪点不低于 23 ℃,"COPPER BASED PESTICIDE, LIQUID, TOXIC, FLAMMABLE, flash point not less than 23℃",6.1,3,Ⅲ,61 223 274,5 L,E1,P001 IBC03,-,T7,TP2 TP28
3010,液态铜基农药，毒性,"COPPER BASED PESTICIDE, LIQUID, TOXIC",6.1,-,Ⅰ,61 274,0,E5,P001,-,T14,TP2 TP13 TP27
3010,液态铜基农药，毒性,"COPPER BASED PESTICIDE, LIQUID, TOXIC",6.1,-,Ⅱ,61 274,100 mL,E4,P001 IBC02,-,T11,TP2 TP13 TP27
3010,液态铜基农药，毒性,"COPPER BASED PESTICIDE, LIQUID, TOXIC",6.1,-,Ⅲ,61 223 274,5 L,E1,P001 IBC03 LP01,-,T7,TP2 TP28
3011,液态汞基农药，毒性，易 燃，闪点不低于 23℃,"MERCURY BASED PESTICIDE, LIQUID, TOXIC, FLAMMABLE, flash point not less than 23 ℃",6.1,3,Ⅰ,61 274,0,E5,P001,-,T14,TP2 TP13 TP27
3011,液态汞基农药，毒性，易 燃，闪点不低于 23℃,"MERCURY BASED PESTICIDE, LIQUID, TOXIC, FLAMMABLE, flash point not less than 23 ℃",6.1,3,Ⅱ,61 274,100 mL,E4,P001 IBC02,-,T11,TP2 TP13 TP27
3011,液态汞基农药，毒性，易 燃，闪点不低于 23℃,"MERCURY BASED PESTICIDE, LIQUID, TOXIC, FLAMMABLE, flash point not less than 23 ℃",6.1,3,Ⅲ,61 223 274,5 L,E1,P001 IBC03,-,T7,TP2 TP28
3012,液态汞基农药，毒性,"MERCURY BASED PESTICIDE, LIQUID, TOXIC",6.1,-,Ⅰ,61 274,0,E5,P001,-,T14,TP2 TP13 TP27
3012,液态汞基农药，毒性,"MERCURY BASED PESTICIDE, LIQUID, TOXIC",6.1,-,Ⅱ,61 274,100 mL,E4,P001 IBC02,-,T11,TP2 TP13 TP27
3012,液态汞基农药，毒性,"MERCURY BASED PESTICIDE, LIQUID, TOXIC",6.1,-,Ⅲ,61 223 274,5 L,E1,P001 IBC03 LP01,-,T7,TP2 TP28
3013,液态取代硝基苯酚农药， 毒性，易燃，闪点不低于 23℃,"SUBSTITUTED NITROPHENOL PESTICIDE, LIQUID, TOXIC, FLAMMABLE, flash point not less than 23℃",6.1,3,Ⅰ,61 274,0,E5,P001,-,T14,TP2 TP13 TP27
3013,液态取代硝基苯酚农药， 毒性，易燃，闪点不低于 23℃,"SUBSTITUTED NITROPHENOL PESTICIDE, LIQUID, TOXIC, FLAMMABLE, flash point not less than 23℃",6.1,3,Ⅱ,61 274,100 mL,E4,P001 IBC02,-,T11,TP2 TP13 TP27
3013,液态取代硝基苯酚农药， 毒性，易燃，闪点不低于 23℃,"SUBSTITUTED NITROPHENOL PESTICIDE, LIQUID, TOXIC, FLAMMABLE, flash point not less than 23℃",6.1,3,Ⅲ,61 223 274,5 L,E1,P001 IBC03,-,T7,TP2 TP28
3014,液态取代硝基苯酚农药， 毒性,"SUBSTITUTED NITROPHENOL PESTICIDE, LIQUID, TOXIC",6.1,-,Ⅰ,61 274,0,E5,P001,-,T14,TP2 TP13 TP27
3014,液态取代硝基苯酚农药， 毒性,"SUBSTITUTED NITROPHENOL PESTICIDE, LIQUID, TOXIC",6.1,-,Ⅱ,61 274,100 mL,E4,P001 IBC02,-,T11,TP2 TP13 TP27
3014,液态取代硝基苯酚农药， 毒性,"SUBSTITUTED NITROPHENOL PESTICIDE, LIQUID, TOXIC",6.1,-,Ⅲ,61 223 274,5 L,E1,P001 IBC03 LP01,-,T7,TP2 TP28
3015,液态联吡啶农药，毒性，易 燃，闪点不低于 23℃,"BIPYRIDILIUM PESTICIDE, LIQUID, TOXIC, FLAMMABLE, flash point not less than 23 ℃",6.1,3,Ⅰ,61 274,0,E5,P001,-,T14,TP2 TP13 TP27
3015,液态联吡啶农药，毒性，易 燃，闪点不低于 23℃,"BIPYRIDILIUM PESTICIDE, LIQUID, TOXIC, FLAMMABLE, flash point not less than 23 ℃",6.1,3,Ⅱ,61 274,100 mL,E4,P001 IBC02,-,T11,TP2 TP13 TP27
3015,液态联吡啶农药，毒性，易 燃，闪点不低于 23℃,"BIPYRIDILIUM PESTICIDE, LIQUID, TOXIC, FLAMMABLE, flash point not less than 23 ℃",6.1,3,Ⅲ,61 223 274,5 L,E1,P001 IBC03,-,T7,TP2 TP28
3016,液态联吡啶农药，毒性,"BIPYRIDILIUM PESTICIDE, LIQUID, TOXIC",6.1,-,Ⅰ,61 274,0,E5,P001,-,T14,TP2 TP13 TP27
3016,液态联吡啶农药，毒性,"BIPYRIDILIUM PESTICIDE, LIQUID, TOXIC",6.1,-,Ⅱ,61 274,100 mL,E4,P001 IBC02,-,T11,TP2 TP13 TP27
3016,液态联吡啶农药，毒性,"BIPYRIDILIUM PESTICIDE, LIQUID, TOXIC",6.1,-,Ⅲ,61 223 274,5 L,E1,P001 IBC03 LP01,-,T7,TP2 TP28
3017,液态有机磷农药，毒性，易 燃，闪点不低于 23 ℃,"ORGANOPHOSPHORUS PESTICIDE, LIQUID, TOXIC, FLAMMABLE, flash point not less than 23 ℃",6.1,3,Ⅰ,61 274,0,E5,P001,-,T14,TP2 TP13 TP27
3017,液态有机磷农药，毒性，易 燃，闪点不低于 23 ℃,"ORGANOPHOSPHORUS PESTICIDE, LIQUID, TOXIC, FLAMMABLE, flash point not less than 23 ℃",6.1,3,Ⅱ,61 274,100 mL,E4,P001 IBC02,-,T11,TP2 TP13 TP27
3017,液态有机磷农药，毒性，易 燃，闪点不低于 23 ℃,"ORGANOPHOSPHORUS PESTICIDE, LIQUID, TOXIC, FLAMMABLE, flash point not less than 23 ℃",6.1,3,Ⅲ,61 223 274,5 L,E1,P001 IBC03,-,T7,TP2 TP28
3018,液态有机磷农药，毒性,"ORGANOPHOSPHORUS PESTICIDE, LIQUID, TOXIC",6.1,-,Ⅰ,61 274,0,E5,P001,-,T14,TP2 TP13 TP27
3018,液态有机磷农药，毒性,"ORGANOPHOSPHORUS PESTICIDE, LIQUID, TOXIC",6.1,-,Ⅱ,61 274,100 mL,E4,P001 IBC02,-,T11,TP2 TP13 TP27
3018,液态有机磷农药，毒性,"ORGANOPHOSPHORUS PESTICIDE, LIQUID, TOXIC",6.1,-,Ⅲ,61 223 274,5 L,E1,P001 IBC03 LP01,-,T7,TP2 TP28
3019,液态有机锡农药，毒性，易 燃，闪点不低于 23 ℃,"ORGANOTIN PESTICIDE, LIQUID, TOXIC, FLAMMABLE, flash point not less than 23 ℃",6.1,3,Ⅰ,61 274,0,E5,P001,-,T14,TP2 TP13 TP27
3019,液态有机锡农药，毒性，易 燃，闪点不低于 23 ℃,"ORGANOTIN PESTICIDE, LIQUID, TOXIC, FLAMMABLE, flash point not less than 23 ℃",6.1,3,Ⅱ,61 274,100 mL,E4,P001 IBC02,-,T11,TP2 TP13 TP27
3019,液态有机锡农药，毒性，易 燃，闪点不低于 23 ℃,"ORGANOTIN PESTICIDE, LIQUID, TOXIC, FLAMMABLE, flash point not less than 23 ℃",6.1,3,Ⅲ,61 223 274,5 L,E1,P001 IBC03,-,T7,TP2 TP28
3020,液态有机锡农药，毒性,"ORGANOTIN PESTICIDE, LIQUID, TOXIC",6.1,-,Ⅰ,61 274,0,E5,P001,-,T14,TP2 TP13 TP27
3020,液态有机锡农药，毒性,"ORGANOTIN PESTICIDE, LIQUID, TOXIC",6.1,-,Ⅱ,61 274,100 mL,E4,P001 IBC02,-,T11,TP2 TP13 TP27
3020,液态有机锡农药，毒性,"ORGANOTIN PESTICIDE, LIQUID, TOXIC",6.1,-,Ⅲ,61 223 274,5 L,E1,P001 IBC03 LP01,-,T7,TP2 TP28
3021,液态农药，易燃，毒性，未 另作规定的，闪点低于 23 ℃,"PESTICIDE, LIQUID,FLAMMABLE, TOXIC, N. O. S., flash point less than 23 ℃",3,6.1,Ⅰ,61 274,0,E0,P001,-,T14,TP2 TP13 TP27
3021,液态农药，易燃，毒性，未 另作规定的，闪点低于 23 ℃,"PESTICIDE, LIQUID,FLAMMABLE, TOXIC, N. O. S., flash point less than 23 ℃",3,6.1,Ⅱ,61 274,1 L,E2,P001 IBC02,-,T11,TP2 TP13 TP27
3022,1，2-环氧丁烷，稳定的,"1,2-BUTYLENE OXIDE, STABILIZED",3,-,Ⅱ,386,1 L,E2,P001 IBC02,-,T4,TP1
3023,2-甲基-2-庚硫醇,2-METHYL-2-HEPTANETHIOL,6.1,3,Ⅰ,354,0,E0,P602,—,T20,TP2 TP13
3024,液态香豆素衍生物农药， 易燃，毒性，闪点低于 23℃,"COUMARIN DERIVATIVE PESTICIDE, LIQUID, FLAMMABLE, TOXIC, flash point less than 23 ℃",3,6.1,Ⅰ,61 274,0,E0,P001,—,T14,TP2 TP13 TP27
3024,液态香豆素衍生物农药， 易燃，毒性，闪点低于 23℃,"COUMARIN DERIVATIVE PESTICIDE, LIQUID, FLAMMABLE, TOXIC, flash point less than 23 ℃",3,6.1,Ⅱ,61 274,1 L,E2,P001 IBC02,—,T11,TP2 TP13 TP27
3025,液态香豆素衍生物农药， 毒性，易燃，闪点不低于 23℃,"COUMARIN DERIVATIVE PESTICIDE, LIQUID, TOXIC, FLAMMABLE, flash point not less than 23 ℃",6.1,3,Ⅰ,61 274,0,E5,P001,—,T14,TP2 TP13 TP27
3025,液态香豆素衍生物农药， 毒性，易燃，闪点不低于 23℃,"COUMARIN DERIVATIVE PESTICIDE, LIQUID, TOXIC, FLAMMABLE, flash point not less than 23 ℃",6.1,3,Ⅱ,61 274,100 mL,E4,P001 IBC02,—,T11,TP2 TP13 TP27
3025,液态香豆素衍生物农药， 毒性，易燃，闪点不低于 23℃,"COUMARIN DERIVATIVE PESTICIDE, LIQUID, TOXIC, FLAMMABLE, flash point not less than 23 ℃",6.1,3,Ⅲ,61 223 274,5 L,E1,P001 IBC03,—,T7,TP1 TP28
3026,液态香豆素衍生物农药， 毒性,"COUMARIN DERIVATIVE PESTICIDE, LIQUID, TOXIC",6.1,-,Ⅰ,61 274,0,E5,P001,-,T14,TP2 TP13 TP27
3026,液态香豆素衍生物农药， 毒性,"COUMARIN DERIVATIVE PESTICIDE, LIQUID, TOXIC",6.1,-,Ⅱ,61 274,100 mL,E4,P001 IBC02,-,T11,TP2 TP27
3026,液态香豆素衍生物农药， 毒性,"COUMARIN DERIVATIVE PESTICIDE, LIQUID, TOXIC",6.1,-,Ⅲ,61 223 274,5 L,E1,P001 IBC03 LP01,-,T7,TP1 TP28
3027,固态香豆素衍生物农药， 毒性,"COUMARIN DERIVATIVE PESTICIDE, SOLID, TOXIC",6.1,-,Ⅰ,61 274,0,E5,P002 IBC07,B1,T6,TP33
3027,固态香豆素衍生物农药， 毒性,"COUMARIN DERIVATIVE PESTICIDE, SOLID, TOXIC",6.1,-,Ⅱ,61 274,500 g,E4,P002 IBC08,"B2, B4",T3,TP33
3027,固态香豆素衍生物农药， 毒性,"COUMARIN DERIVATIVE PESTICIDE, SOLID, TOXIC",6.1,-,Ⅲ,61 223 274,5 kg,E1,P002 IBC08 LP02,B3,T1,TP33
3028,蓄电电池，干的，含有固态 氢氧化钾,"BATTERIES, DRY, CONTAINING POTASSIUM HYDROXIDE SOLID, electric storage",8,-,-,295 304,2 kg,E0,P801,-,-,-
3048,磷化铝农药,ALUMINIUM PHOSPHIDE PESTICIDE,6.1,-,Ⅰ,153,0,E0,P002 IBC07,B1,T6,TP33
3054,环己硫醇,CYCLOHEXYL MERCAPTAN,3,-,Ⅲ,-,5 L,E1,P001 IBC03 LP01,-,T2,TP1
3055,2-(2-氨基乙氧基)乙醇,2-(2-AMINOETHOXY) ETHANOL,8,-,Ⅲ,-,5 L,E1,P001 IBC03 LP01,-,T4,TP1
3056,正庚醛,n-HEPT ALDEH YDE,3,-,Ⅲ,-,5 L,E1,P001 IBC03 LP01,-,T2,TP1
3057,三氟乙酰氯,TRIFLUOROACETYL CHLORIDE,2.3,8,-,-,0,E0,P200,-,T50,TP21
3064,硝化甘油乙醇溶液，含硝 化甘油不低于1%，但不高 于5%,"NITROGLYCERIN, SOLUTION IN ALCOHOL with more than 1% but not more than 5% nitroglycerin",3,-,Ⅱ,28 359,0,E0,P300,-,-,-
3065,酒精饮料，按体积酒精度 大于70%,"ALCOHOLIC BEVERAGES, with more than 70% alcohol by volume",3,-,Ⅱ,146,5 L,E2,P001 IBC02,PP2,T4,TP1
3065,酒精饮料，按体积酒精度 大于24%但小于70%,"ALCOHOLIC BEVERAGES, with more than 24% but not more than 70% alcohol by volume",3,-,Ⅲ,144 145 247,5 L,E1,P001 IBC03,PP2,T2,TP1
3066,涂料(包括色漆、喷漆、搪 瓷、着色剂、虫胶、清漆、抛 光剂、液态填料和液态喷 漆基料)或涂料相关材料 (包括涂料稀释剂或冲淡 剂),"PAINT (including paint, lacquer, enamel, stain, shellac, varnish, polish, liquid filler and liquid lacquer base) or PAINT RELATEDMATERIAL (including paintthinning or reducing compound)",8,-,Ⅱ,163 367,1 L,E2,P001 IBC02,-,T7,TP2 TP28
3066,涂料(包括色漆、喷漆、搪 瓷、着色剂、虫胶、清漆、抛 光剂、液态填料和液态喷 漆基料)或涂料相关材料 (包括涂料稀释剂或冲淡 剂),"PAINT (including paint, lacquer, enamel, stain, shellac, varnish, polish, liquid filler and liquid lacquer base) or PAINT RELATEDMATERIAL (including paintthinning or reducing compound)",8,-,Ⅲ,163 223 367,5 L,E1,P001 IBC03,-,T4,TP1 TP29
3070,环氧乙烷和二氯二氟甲烷 混合物，含环氧乙烷不高 于12.5%,ETHYLENE OXIDE AND DICHLORODIFLUORO-METHANE MIXTURE with not more than 12.5% ethylene oxide,2.2,-,-,392,120 mL,E1,P200,-,T50,-
3071,液态硫醇，毒性，易燃，未 另作规定的或液态硫醇混 合物，毒性，易燃，未另作 规定的,"MERCAPTANS, LIQUID, TOXIC, FLAMMABLE, N. O. S. or MERCAPTAN MIXTURE, LIQUID, TOXIC, FLAMMABLE, N. O. S.",6.1,3,Ⅱ,274,100 mL,E4,P001 IBC02,-,T11,TP2 TP13 TP27
3072,非自动膨胀式救生设备， 装备中含有危险物品,LIFE-SAVING APPLIANCES NOTSELF- INFLATING containing dangerous goods as equipment,9,-,-,296,0,E0,P905,-,-,-
3073,乙烯基吡啶，稳定的,"VINYLPYRIDINES, STABILIZED",6.1,3 8,Ⅱ,386,100 mL,E4,P001 IBC01,-,T7,TP2 TP13
3077,对环境有害的固态物质， 未另作规定的,"ENVIRONMENTALLY HAZARDOUS SUBST ANCE, SOLID, N. O. S.",9,-,Ⅲ,274 331 335 375,5 kg,E1,P002 IBC08 LP02,PP12 B3,T1 BK2 BK3,TP33
3078,铈，切屑或粗粉,"CERIUM, turnings or gritty powder",4.3,-,Ⅱ,-,500 g,E2,P410 IBC07,B2,T3,TP33
3079,甲基丙烯腈，稳定的,"METHACRYLONITRILE, ST ABILIZED",6.1,3,Ⅰ,354 386,0,E0,P602,-,T20,TP2 TP13
3080,异氰酸酯，毒性，易燃，未 另作规定的，或异氰酸酯 溶液，毒性，易燃，未另作 规定的,"ISOCYANATES, TOXIC, FLAMMABLE, N. O. S. or ISOCYANATE SOLUTION, TOXIC, FLAMMABLE, N. O. S.",6.1,3,Ⅱ,274,100 mL,E4,P001 IBC02,-,T11,TP2 TP13 TP27
3082,对环境有害的液态物质， 未另作规定的,"ENVIRONMENTALLY HAZARDOUS SUBSTANCE, LIQUID, N. O. S.",9,-,Ⅲ,274 331 335 375,5 L,E1,P001 IBC03 LP01,PP1,T4,TP1 TP29
3083,氟化高氯酰(高氯酰氟),PERCHLORYL FLUORIDE,2.3,5.1,-,-,0,E0,P200,-,-,-
3084,腐蚀性固体，氧化性，未另 作规定的,"CORROSIVE SOLID, OXIDIZING, N. O. S.",8,5.1,Ⅰ,274,0,E0,P002,-,T6,TP33
3084,腐蚀性固体，氧化性，未另 作规定的,"CORROSIVE SOLID, OXIDIZING, N. O. S.",8,5.1,Ⅱ,274,1 kg,E2,P002 IBC06,B2,T3,TP33
3085,氧化性固体，腐蚀性，未另 作规定的,"OXIDIZING SOLID, CORROSIVE, N. O. S.",5.1,8,Ⅰ,274,0,E0,P503,-,-,-
3085,氧化性固体，腐蚀性，未另 作规定的,"OXIDIZING SOLID, CORROSIVE, N. O. S.",5.1,8,Ⅱ,274,1 kg,E2,P002 IBC06,B2,T3,TP33
3085,氧化性固体，腐蚀性，未另 作规定的,"OXIDIZING SOLID, CORROSIVE, N. O. S.",5.1,8,Ⅲ,223 274,5 kg,E1,P002 IBC08,B3,T1,TP33
3086,毒性固体，氧化性，未另作 规定的,"TOXIC SOLID, OXIDIZING, N. O. S.",6.1,5.1,Ⅰ,274,0,E5,P002,-,T6,TP33
3086,毒性固体，氧化性，未另作 规定的,"TOXIC SOLID, OXIDIZING, N. O. S.",6.1,5.1,Ⅱ,274,500 g,E4,P002 IBC06,B2,T3,TP33
3087,氧化性固体，毒性，未另作 规定的,"OXIDIZING SOLID, TOXIC,N. O. S.",5.1,6.1,Ⅰ,274,0,E0,P503,-,-,-
3087,氧化性固体，毒性，未另作 规定的,"OXIDIZING SOLID, TOXIC,N. O. S.",5.1,6.1,Ⅱ,274,1 kg,E2,P002 IBC06,B2,T3,TP33
3087,氧化性固体，毒性，未另作 规定的,"OXIDIZING SOLID, TOXIC,N. O. S.",5.1,6.1,Ⅲ,223 274,5 kg,E1,P002 IBC08,B3,T1,TP33
3088,有机自热固体，未另作规 定的,"SELF-HEATING SOLID, ORGANIC, N. O. S.",4.2,-,Ⅱ,274,0,E2,P410 IBC06,B2,T3,TP33
3088,有机自热固体，未另作规 定的,"SELF-HEATING SOLID, ORGANIC, N. O. S.",4.2,-,Ⅲ,223 274,0,E1,P002 IBC08 LP02,B3,T1,TP33
3089,金属粉，易燃，未另作规 定的,"METAL POWDER, FLAMMABLE, N. O. S.",4.1,-,Ⅱ,-,1 kg,E2,P002 IBC08,"B2, B4",T3,TP33
3089,金属粉，易燃，未另作规 定的,"METAL POWDER, FLAMMABLE, N. O. S.",4.1,-,Ⅲ,223,5 kg,E1,P002 IBC08,"B2, B4",T1,TP33
3090,锂金属电池(包括锂合金 电池),LITHIUM METAL BATTERIES (including lithium alloy batteries),9,-,-,188 230 310 376 377 384 387,0,E0,P903 P908 P909 P910 P911 LP903 LP904 LP905 LP906,-,T1,-
3091,包含在设备中的锂金属电 池或与设备包装在一起的 锂金属电池(包括锂合金 电池),LITHIUM METAL BATTERIES CONTAINED IN EQUIPMENT or LITHIUM METAL BATTERIES PACKED WITH EQUIPMENT (including lithium alloy batteries),9,-,-,188 230 310 360 376 377 384 387 390,0,E0,P903 P908 P909 P910 P911 LP903 LP904 LP905 LP906,-,-,-
3092,1-甲氧基-2-丙醇,1-METHOXY-2-PROPANOL,3,-,Ⅲ,-,5 L,E1,P001 IBC03 LP01,-,T2,TP1
3093,腐蚀性液体，氧化性，未另 作规定的,"CORROSIVE LIQUID, OXIDIZING, N. O. S.",8,5.1,Ⅰ,274,0,E0,P001,-,-,-
3093,腐蚀性液体，氧化性，未另 作规定的,"CORROSIVE LIQUID, OXIDIZING, N. O. S.",8,5.1,Ⅱ,274,1 L,E2,P001 IBC02,-,-,-
3094,腐蚀性液体，遇水反应，未 另作规定的,"CORROSIVE LIQUID, WATE-RREACTIVE, N. O. S.",8,4.3,Ⅰ,274,0,E0,P001,-,-,-
3094,腐蚀性液体，遇水反应，未 另作规定的,"CORROSIVE LIQUID, WATE-RREACTIVE, N. O. S.",8,4.3,Ⅱ,274,1 L,E2,P001,-,-,-
3095,腐蚀性固体，自热性，未另 作规定的,"CORROSIVE SOLID, SELF-HEATING, N. O. S.",8,4.2,Ⅰ,274,0,E0,P002,-,T6,TP33
3095,腐蚀性固体，自热性，未另 作规定的,"CORROSIVE SOLID, SELF-HEATING, N. O. S.",8,4.2,Ⅱ,274,1 kg,E2,P002 IBC06,B2,T3,TP33
3096,腐蚀性固体，遇水反应，未 另作规定的,"CORROSIVE SOLID, WATER-REACTIVE, N. O. S.",8,4.3,Ⅰ,274,0,E0,P002,-,T6,TP33
3096,腐蚀性固体，遇水反应，未 另作规定的,"CORROSIVE SOLID, WATER-REACTIVE, N. O. S.",8,4.3,Ⅱ,274,1 kg,E2,P002 IBC06,B2,T3,TP33
3097,易燃固体，氧化性，未另作 规定的,"FLAMMABLE SOLID, OXIDIZING, N. O. S.",4.1,5.1,Ⅱ,274,1 kg,E0,P099,-,-,-
3097,易燃固体，氧化性，未另作 规定的,"FLAMMABLE SOLID, OXIDIZING, N. O. S.",4.1,5.1,Ⅲ,223 274,5 kg,E0,P099,-,T1,TP33
3098,氧化性液体，腐蚀性，未另 作规定的,"OXIDIZING LIQUID, CORROSIVE, N. O. S.",5.1,8,Ⅰ,274,0,E0,P502,-,-,-
3098,氧化性液体，腐蚀性，未另 作规定的,"OXIDIZING LIQUID, CORROSIVE, N. O. S.",5.1,8,Ⅱ,274,1 L,E2,P504 IBC01,-,-,-
3098,氧化性液体，腐蚀性，未另 作规定的,"OXIDIZING LIQUID, CORROSIVE, N. O. S.",5.1,8,Ⅲ,223 274,5 L,E1,P504 IBC02,-,-,-
3099,氧化性液体，毒性，未另作 规定的,"OXIDIZING LIQUID, TOXIC, N. O. S.",5.1,6.1,Ⅰ,274,0,E0,P502,-,-,-
3099,氧化性液体，毒性，未另作 规定的,"OXIDIZING LIQUID, TOXIC, N. O. S.",5.1,6.1,Ⅱ,274,1 L,E2,P504 IBC01,-,-,-
3099,氧化性液体，毒性，未另作 规定的,"OXIDIZING LIQUID, TOXIC, N. O. S.",5.1,6.1,Ⅲ,223 274,5 L,E1,P504 IBC02,-,-,-
3100,氧化性固体，自热性，未另 作规定的,"OXIDIZING SOLID, SELF-HEATING, N. O. S.",5.1,4.2,Ⅰ,274,0,E0,P099,-,-,-
3100,氧化性固体，自热性，未另 作规定的,"OXIDIZING SOLID, SELF-HEATING, N. O. S.",5.1,4.2,Ⅱ,274,0,E0,P099,-,-,-
3101,液态 B型有机过氧化物,"ORGANIC PEROXIDE TYPE B, LIQUID",5.2,-,-,122 181 195 274,25 mL,E0,P520,-,-,-
3102,固态 B型有机过氧化物,"ORGANIC PEROXIDE TYPE B, SOLID",5.2,-,-,122 181 195 274,100 g,E0,P520,-,-,-
3103,液态C型有机过氧化物,"ORGANIC PEROXIDE TYPE C, LIQUID",5.2,-,-,122 195 274,25 mL,E0,P520,-,-,-
3104,固态C型有机过氧化物,"ORGANIC PEROXIDE TYPE C, SOLID",5.2,-,-,122 195 274,100 g,E0,P520,-,-,-
3105,液态 D型有机过氧化物,"ORGANIC PEROXIDE TYPE D, LIQUID",5.2,-,-,122 274,125 mL,E0,P520,-,-,-
3106,固态 D型有机过氧化物,"ORGANIC PEROXIDE TYPE D, SOLID",5.2,-,-,122 274,500 g,E0,P520,-,-,-
3107,液态E型有机过氧化物,"ORGANIC PEROXIDE TYPE E, LIQUID",5.2,-,-,122 274,125 mL,E0,P520,-,-,-
3108,固态 E型有机过氧化物,"ORGANIC PEROXIDE TYPE E, SOLID",5.2,-,-,122 274,500 g,E0,P520,,,
3109,液态 F型有机过氧化物,"ORGANIC PEROXIDE TYPE F, LIQUID",5.2,-,-,122 274,125 mL,E0,P520 IBC520,-,T23,-
3110,固态 F型有机过氧化物,"ORGANIC PEROXIDE TYPE F, SOLID",5.2,-,-,122 274,500 g,E0,P520 BC520,-,T23,TP33
3111,液态 B型有机过氧化物， 控制温度的,"ORGANIC PEROXIDE TYPE B,LIQUID, TEMPERATURE CONTROLLED",5.2,-,-,122 181 195 274,0,E0,P520,-,-,-
3112,固态 B型有机过氧化物， 控制温度的,"ORGANIC PEROXIDE TYPE B,SOLID, TEMPERATURE CONTROLLED",5.2,-,-,122 181 195 274,0,E0,P520,-,-,-
3113,液态C型有机过氧化物， 控制温度的,"ORGANIC PEROXIDE TYPE C,LIQUID, TEMPERATURE CONTROLLED",5.2,-,-,122 195 274,0,E0,P520,-,-,-
3114,固态C型有机过氧化物， 控制温度的,"ORGANIC PEROXIDE TYPE C,SOLID, TEMPERATURE CONTROLLED",5.2,-,-,122 195 274,0,E0,P520,-,-,-
3115,液态 D型有机过氧化物， 控制温度的,"ORGANIC PEROXIDE TYPE D,LIQUID, TEMPERATURE CONTROLLED",5.2,-,-,122 274,0,E0,P520,-,-,-
3116,固态 D型有机过氧化物， 控制温度的,"ORGANIC PEROXIDE TYPE D,SOLID, TEMPERATURE CONTROLLED",5.2,-,-,122 274,0,E0,P520,-,-,-
3117,液态 E型有机过氧化物， 控制温度的,"ORGANIC PEROXIDE TYPE E,LIQUID, TEMPERATURE CONTROLLED",5.2,-,-,122 274,0,E0,P520,-,-,-
3118,固态E型有机过氧化物， 控制温度的,"ORGANIC PEROXIDE TYPE E,SOLID, TEMPERATURE CONTROLLED",5.2,-,-,122 274,0,E0,P520,-,-,-
3119,液态 F型有机过氧化物， 控制温度的,"ORGANIC PEROXIDE TYPE F,LIQUID, TEMPERATURE CONTROLLED",5.2,-,-,122 274,0,E0,P520 IBC520,-,T23,-
3120,固态 F型有机过氧化物， 控制温度的,"ORGANIC PEROXIDE TYPE F,SOLID, TEMPERATURE CONTROLLED",5.2,-,-,122 274,0,E0,P520 IBC520,-,T23,TP33
3121,氧化性固体，遇水反应，未 另作规定的,"OXIDIZING SOLID, WATER-REACTIVE, N. O. S.",5.1,4.3,Ⅰ,274,0,E0,P099,-,-,-
3121,氧化性固体，遇水反应，未 另作规定的,"OXIDIZING SOLID, WATER-REACTIVE, N. O. S.",5.1,4.3,Ⅱ,274,1 kg,E0,P099,-,-,-
3122,毒性液体，氧化性，未另作 规定的,"TOXIC LIQUID, OXIDIZING, N. O. S.",6.1,5.1,Ⅰ,274 315,0,E0,P001,-,-,-
3122,毒性液体，氧化性，未另作 规定的,"TOXIC LIQUID, OXIDIZING, N. O. S.",6.1,5.1,Ⅱ,274,100 mL,E4,P001 IBC02,-,-,-
3123,毒性液体，遇水反应，未另 作规定的,"TOXIC LIQUID, WATER-REACTIVE, N. O. S.",6.1,4.3,Ⅰ,274 315,0,E0,P099,-,-,-
3123,毒性液体，遇水反应，未另 作规定的,"TOXIC LIQUID, WATER-REACTIVE, N. O. S.",6.1,4.3,Ⅱ,274,100 mL,E4,P001 IBC02,-,-,-
3124,毒性固体，自热性，未另作 规定的,"TOXIC SOLID, SELF-HEATING, N. O. S.",6.1,4.2,Ⅰ,274,0,E5,P002,-,T6,TP33
3124,毒性固体，自热性，未另作 规定的,"TOXIC SOLID, SELF-HEATING, N. O. S.",6.1,4.2,Ⅱ,274,0,E4,P002 IBC06,B2,T3,TP33
3125,毒性固体，遇水反应，未另 作规定的,"TOXIC SOLID, WATER-REACTIVE, N. O. S.",6.1,4.3,Ⅰ,274,0,E5,P099,-,T6,TP33
3125,毒性固体，遇水反应，未另 作规定的,"TOXIC SOLID, WATER-REACTIVE, N. O. S.",6.1,4.3,Ⅱ,274,500 g,E4,P002 IBC06,B2,T3,TP33
3126,有机自热固体，腐蚀性，未 另作规定的,"SELF-HEATING SOLID, CORROSIVE, ORGANIC, N. O. S.",4.2,8,Ⅱ,274,0,E2,P410 IBC05,B2,T3,TP33
3126,有机自热固体，腐蚀性，未 另作规定的,"SELF-HEATING SOLID, CORROSIVE, ORGANIC, N. O. S.",4.2,8,Ⅲ,223 274,0,E1,P002 IBC08,B3,T1,TP33
3127,自热固体，氧化性，未另作 规定的,"SELF-HEATING SOLID, OXIDIZING, N. O. S.",4.2,5.1,Ⅱ,274,0,E0,P099,-,T3,TP33
3127,自热固体，氧化性，未另作 规定的,"SELF-HEATING SOLID, OXIDIZING, N. O. S.",4.2,5.1,Ⅲ,223 274,0,E0,P099,-,T1,TP33
3128,有机自热固体，毒性，未另 作规定的,"SELF-HEATING SOLID, TOXIC, ORGANIC, N. O. S.",4.2,6.1,Ⅱ,274,0,E2,P410 IBC05,B2,T3,TP33
3128,有机自热固体，毒性，未另 作规定的,"SELF-HEATING SOLID, TOXIC, ORGANIC, N. O. S.",4.2,6.1,Ⅲ,223 274,0,E1,P002 IBC08,B3,T1,TP33
3129,遇水反应液体，腐蚀性，未 另作规定的,"WATER-REACTIVE LIQUID, CORROSIVE, N. O. S.",4.3,8,Ⅰ,274,0,E0,P402,-,T14,TP2 TP7 TP13
3129,遇水反应液体，腐蚀性，未 另作规定的,"WATER-REACTIVE LIQUID, CORROSIVE, N. O. S.",4.3,8,Ⅱ,274,500 mL,E0,P402 IBC01,-,T11,TP2 TP7
3129,遇水反应液体，腐蚀性，未 另作规定的,"WATER-REACTIVE LIQUID, CORROSIVE, N. O. S.",4.3,8,Ⅲ,223 274,1 L,E1,P001 IBC02,-,T7,TP2 TP7
3130,遇水反应液体，毒性，未另 作规定的,"WATER-REACTIVE LIQUID, TOXIC, N. O. S.",4.3,6.1,Ⅰ,274,0,E0,P402,-,-,-
3130,遇水反应液体，毒性，未另 作规定的,"WATER-REACTIVE LIQUID, TOXIC, N. O. S.",4.3,6.1,Ⅱ,274,500 mL,E0,P402 IBC01,-,-,-
3130,遇水反应液体，毒性，未另 作规定的,"WATER-REACTIVE LIQUID, TOXIC, N. O. S.",4.3,6.1,Ⅲ,223 274,1 L,E1,P001 IBC02,-,-,-
3131,遇水反应固体，腐蚀性，未 另作规定的,"WATER-REACTIVE SOLID, CORROSIVE, N. O. S.",4.3,8,Ⅰ,274,0,E0,P403,-,T9,TP7 TP33
3131,遇水反应固体，腐蚀性，未 另作规定的,"WATER-REACTIVE SOLID, CORROSIVE, N. O. S.",4.3,8,Ⅱ,274,500 g,E2,P410 IBC06,B2,T3,TP33
3131,遇水反应固体，腐蚀性，未 另作规定的,"WATER-REACTIVE SOLID, CORROSIVE, N. O. S.",4.3,8,Ⅲ,223 274,1 kg,E1,P410 IBC08,B4,T1,TP33
3132,遇水反应固体，易燃，未另 作规定的,"WATER-REACTIVE SOLID, FLAMMABLE, N. O. S.",4.3,4.1,Ⅰ,274,0,E0,P403 IBC99,B4,-,-
3132,遇水反应固体，易燃，未另 作规定的,"WATER-REACTIVE SOLID, FLAMMABLE, N. O. S.",4.3,4.1,Ⅱ,274,500 g,E2,P410 IBC04,-,T3,TP33
3132,遇水反应固体，易燃，未另 作规定的,"WATER-REACTIVE SOLID, FLAMMABLE, N. O. S.",4.3,4.1,Ⅲ,223 274,1 kg,E1,P410 IBC06,-,T1,TP33
3133,遇水反应固体，氧化性，未 另作规定的,"WATER-REACTIVE SOLID, OXIDIZING, N. O. S.",4.3,5.1,Ⅱ,274,500 g,E0,P099,-,-,-
3133,遇水反应固体，氧化性，未 另作规定的,"WATER-REACTIVE SOLID, OXIDIZING, N. O. S.",4.3,5.1,Ⅲ,223 274,1 kg,E0,P099,-,-,-
3134,遇水反应固体，毒性，未另 作规定的,"WATER-REACTIVE SOLID, TOXIC, N. O. S.",4.3,6.1,Ⅰ,274,0,E0,P403,-,-,-
3134,遇水反应固体，毒性，未另 作规定的,"WATER-REACTIVE SOLID, TOXIC, N. O. S.",4.3,6.1,Ⅱ,274,500 g,E2,P410 IBC05,B2,T3,TP33
3134,遇水反应固体，毒性，未另 作规定的,"WATER-REACTIVE SOLID, TOXIC, N. O. S.",4.3,6.1,Ⅲ,223 274,1 kg,E1,P410 IBC08,B4,T1,TP33
3135,遇水反应固体，自热性，未 另作规定的,"WATER-REACTIVE SOLID, SELF-HEATING, N. O. S.",4.3,4.2,Ⅰ,274,0,E0,P403,-,-,-
3135,遇水反应固体，自热性，未 另作规定的,"WATER-REACTIVE SOLID, SELF-HEATING, N. O. S.",4.3,4.2,Ⅱ,274,0,E2,P410 IBC05,B2,T3,TP33
3135,遇水反应固体，自热性，未 另作规定的,"WATER-REACTIVE SOLID, SELF-HEATING, N. O. S.",4.3,4.2,Ⅲ,223 274,0,E1,P410 IBC08,B4,T1,TP33
3136,冷冻液态三氟甲烷,"TRIFLUOROMETHANE, REFRIGERATED LIQUID",2.2,-,-,-,120 mL,E1,P203,-,T75,TP5
3137,氧化性固体，易燃，未另作 规定的,"OXIDIZING SOLID, FLAMMABLE, N. O. S.",5.1,4.1,Ⅰ,274,0,E0,P099,-,-,-
3138,"冷冻液态乙烯、乙炔和丙 烯混合物，含乙烯至少 71.5%,乙炔不高于 22.5%,丙烯不高于6%","ETHYLENE, ACETYLENE AND PROPYLENE MIXTURE, REFRIGERATED LIQUID containing at least 71.5% ethylene with not more than 22.5% acetylene and not more than 6% propylene",2.1,-,-,-,0,E0,P203,-,T75,TP5
3139,氧化性液体，未另作规 定的,"OXIDIZING LIQUID, N. O. S.",5.1,-,Ⅰ,274,0,E0,P502,-,-,-
3139,氧化性液体，未另作规 定的,"OXIDIZING LIQUID, N. O. S.",5.1,-,Ⅱ,274,1 L,E2,P504 IBC02,-,-,-
3139,氧化性液体，未另作规 定的,"OXIDIZING LIQUID, N. O. S.",5.1,-,Ⅲ,223 274,5 L,E1,P504 IBC02,-,-,-
3140,液态生物碱，未另作规定 的或液态生物碱盐，未另 作规定的,"ALK ALOIDS, LIQUID, N. O. S. or ALKALOID SALTS, LIQUID, N. O. S.",6.1,-,Ⅰ,43 274,0,E5,P001,-,-,-
3140,液态生物碱，未另作规定 的或液态生物碱盐，未另 作规定的,"ALK ALOIDS, LIQUID, N. O. S. or ALKALOID SALTS, LIQUID, N. O. S.",6.1,-,Ⅱ,43 274,100 mL,E4,P001 IBC02,-,-,-
3140,液态生物碱，未另作规定 的或液态生物碱盐，未另 作规定的,"ALK ALOIDS, LIQUID, N. O. S. or ALKALOID SALTS, LIQUID, N. O. S.",6.1,-,Ⅲ,43 223 274,5 L,E1,P001 IBC03 LP01,-,-,-
3141,液态无机锑化合物，未另 作规定的,"ANTIMONY COMPOUND, INORGANIC, LIQUID, N. O. S.",6.1,-,Ⅲ,45 274,5 L,E1,P001 IBC03 LP01,-,-,-
3142,液态消毒剂，毒性，未另作 规定的,"DISINFECTANT, LIQUID, TOXIC, N. O. S.",6.1,-,Ⅰ,274,0,E5,P001,-,-,-
3142,液态消毒剂，毒性，未另作 规定的,"DISINFECTANT, LIQUID, TOXIC, N. O. S.",6.1,-,Ⅱ,274,100 mL,E4,P001 BC02,-,-,-
3142,液态消毒剂，毒性，未另作 规定的,"DISINFECTANT, LIQUID, TOXIC, N. O. S.",6.1,-,Ⅲ,223 274,5 L,E1,P001 IBC03 LP01,-,-,-
3143,固态染料，毒性，未另作规 定的或固态染料中间体， 毒性，未另作规定的,"DYE, SOLID, TOXIC, N. O. S. or DYE INTERMEDIATE, SOLID, TOXIC, N. O. S.",6.1,-,Ⅰ,274,0,E5,P002 IBC07,B1,T6,TP33
3143,固态染料，毒性，未另作规 定的或固态染料中间体， 毒性，未另作规定的,"DYE, SOLID, TOXIC, N. O. S. or DYE INTERMEDIATE, SOLID, TOXIC, N. O. S.",6.1,-,Ⅱ,274,500 g,E4,P002 IBC08,"B2, B4",T3,TP33
3143,固态染料，毒性，未另作规 定的或固态染料中间体， 毒性，未另作规定的,"DYE, SOLID, TOXIC, N. O. S. or DYE INTERMEDIATE, SOLID, TOXIC, N. O. S.",6.1,-,Ⅲ,223 274,5 kg,E1,P002 IBC08 LP02,B3,T1,TP33
3144,液态烟碱化合物，未另作 规定的或液态烟碱制剂， 未另作规定的,"NICOTINE COMPOUND, LIQUID, N. O. S. or NICOTINE PREPARATION, LIQUID, N. O. S.",6.1,-,Ⅰ,43 274,0,E5,P001,-,-,-
3144,液态烟碱化合物，未另作 规定的或液态烟碱制剂， 未另作规定的,"NICOTINE COMPOUND, LIQUID, N. O. S. or NICOTINE PREPARATION, LIQUID, N. O. S.",6.1,-,Ⅱ,43 274,100 mL,E4,P001 IBC02,-,-,-
3144,液态烟碱化合物，未另作 规定的或液态烟碱制剂， 未另作规定的,"NICOTINE COMPOUND, LIQUID, N. O. S. or NICOTINE PREPARATION, LIQUID, N. O. S.",6.1,-,Ⅲ,43 223 274,5 L,E1,P001 IBC03 LP01,-,-,-
3145,液态烷基苯酚，未另作规 定的(包括C₂~C₁₂的同系 物),"ALK YLPHENOLS, LIQUID, N. O. S. (including C₂-C₁₂ homologues)",8,-,Ⅰ,-,0,E0,P001,-,T14,TP2
3145,液态烷基苯酚，未另作规 定的(包括C₂~C₁₂的同系 物),"ALK YLPHENOLS, LIQUID, N. O. S. (including C₂-C₁₂ homologues)",8,-,Ⅱ,-,1 L,E2,P001 IBC02,-,T11,TP2 TP27
3145,液态烷基苯酚，未另作规 定的(包括C₂~C₁₂的同系 物),"ALK YLPHENOLS, LIQUID, N. O. S. (including C₂-C₁₂ homologues)",8,-,Ⅲ,223,5 L,E1,P001 IBC03 LP01,-,T7,TP1 TP28
3146,固态有机锡化合物，未另 作规定的,"ORGANOTIN COMPOUND, SOLID, N. O. S.",6.1,-,Ⅰ,43 274,0,E5,P002 IBC07,B1,T6,TP33
3146,固态有机锡化合物，未另 作规定的,"ORGANOTIN COMPOUND, SOLID, N. O. S.",6.1,-,Ⅱ,43 274,500 g,E4,P002 IBC08,"B2, B4",T3,TP33
3146,固态有机锡化合物，未另 作规定的,"ORGANOTIN COMPOUND, SOLID, N. O. S.",6.1,-,Ⅲ,43 223 274,5 kg,E1,P002 IBC08 LP02,B3,T1,TP33
3147,固态染料，腐蚀性，未另作 规定的或固态染料中间 体，腐蚀性，未另作规定的,"DYE, SOLID, CORROSIVE, N. O. S. or DYE INTERMEDIATE, SOLID, CORROSIVE, N. O. S.",8,-,Ⅰ,274,0,E0,P002 IBC07,B1,T6,TP33
3147,固态染料，腐蚀性，未另作 规定的或固态染料中间 体，腐蚀性，未另作规定的,"DYE, SOLID, CORROSIVE, N. O. S. or DYE INTERMEDIATE, SOLID, CORROSIVE, N. O. S.",8,-,Ⅱ,274,1 kg,E2,P002 IBC08,"B2, B4",T3,TP33
3147,固态染料，腐蚀性，未另作 规定的或固态染料中间 体，腐蚀性，未另作规定的,"DYE, SOLID, CORROSIVE, N. O. S. or DYE INTERMEDIATE, SOLID, CORROSIVE, N. O. S.",8,-,Ⅲ,223 274,5 kg,E1,P002 IBC08 LP02,B3,T1,TP33
3148,遇水反应液体，未另作规 定的,"WATER-REACTIVE LIQUID, N. O. S.",4.3,-,Ⅰ,274,0,E0,P402,-,T13,TP2 TP7 TP38
3148,遇水反应液体，未另作规 定的,"WATER-REACTIVE LIQUID, N. O. S.",4.3,-,Ⅱ,274,500 mL,E2,P402 IBC01,-,T7,TP2 TP7
3148,遇水反应液体，未另作规 定的,"WATER-REACTIVE LIQUID, N. O. S.",4.3,-,Ⅲ,223 274,1 L,E1,P001 IBC02,-,T7,TP2 TP7
3149,过氧化氢和过氧乙酸混合 物，含酸(类)、水和不超过 5%的过氧乙酸，稳定的,"HYDROGEN PEROXIDE AND PEROXY ACETIC ACID MIXTURE with acid (s), water and not more than 5% peroxyacetic acid, STABILIZED",5.1,8,Ⅱ,196,1 L,E2,P504 IBC02,PP10 B5,T7,TP2 TP6 TP24
3150,以烃类气体作能源的小型 装置或小型装置的烃类气 体充气罐，带有释放装置,"DEVICES, SMALL, HYDROCARBON GAS POWERED or HYDROCARBONGAS REFILLS FOR SMALL DEVICES with release device",2.1,-,-,-,0,E0,P003,-,-,-
3151,液态多卤二联苯类，或液 态单甲基卤二苯基甲烷 类，或液态多卤三联苯类,"POLYHALOGENATED BIPHENYLS, LIQUID or HALOGENATED MONOMETHYLDIPHENYL-METHANES, LIQUID or POLYHALOGENATED TERPHENYLS, LIQUID",9,-,Ⅱ,203 305,1 L,E2,P906 IBC02,-,-,-
3152,固态多卤二联苯类，或固 态单甲基卤二苯基甲烷 类，或固态多卤三联苯类,"POLYHALOGENATED BIPHENYLS, SOLID or HALOGENATED MONOMETHYLDIPHENYL-METHANES, SOLID or POLYHALOGENATED TERPHENYLS, SOLID",9,-,Ⅱ,203 305,1 kg,E2,P906 IBC08,"B2, B4",T3,TP33
3153,全氟(甲基乙烯基醚),PERFLUORO (METHYL VINYL ETHER),2.1,-,-,-,0,E0,P200,-,T50,-
3154,全氟(乙基乙烯基醚),PERFLUORO (ETHYL VINYL ETHER),2.1,-,-,-,0,E0,P200,-,-,-
3155,五氯酚,PENTACHLOROPHENOL,6.1,-,Ⅱ,43,500 g,E4,P002 IBC08,"B2, B4",T3,TP33
3156,压缩气体，氧化性，未另作 规定的,"COMPRESSED GAS, OXIDIZING, N. O. S.",2.2,5.1,-,274,0,E0,P200,-,-,-
3157,液化气体，氧化性，未另作 规定的,"LIQUEFIED GAS, OXIDIZING, N. O. S.",2.2,5.1,-,274,0,E0,P200,-,-,-
3158,冷冻液态气体，未另作规 定的,"GAS, REFRIGERATED LIQUID, N. O. S.",2.2,-,-,274,120 mL,E1,P203,-,T75,TP5
3159,"1.1,1,2-四氟乙烷(制冷气 体 R134a)","1,1,1,2-TETRAFLUOROETHANE (REFRIGERANT GAS R134a)",2.2,-,-,-,120 mL,E1,P200,-,T50,-
3160,液化气体，毒性，易燃，未 另作规定的,"LIQUEFIED GAS, TOXIC, FLAMMABLE, N. O. S.",2.3,2.1,-,274,0,E0,P200,-,-,-
3161,液化气体，易燃，未另作规 定的,"LIQUEFIED GAS, FLAMMABLE, N. O. S.",2.1,-,-,274,0,E0,P200,-,T50,-
3162,液化气体，毒性，未另作规 定的,"LIQUEFIED GAS, TOXIC, N. O. S.",2.3,-,-,274,0,E0,P200,-,-,-
3163,液化气体，未另作规定的,"LIQUEFIED GAS, N. O. S.",2.2,-,-,274 392,120 mL,E1,P200,-,T50,-
3164,气压或液压物品(含有非 易燃气体),"ARTICLES, PRESSURIZED, PNEUMATIC or H YDRAULIC(containing non-flammable gas)",2.2,-,-,283 371,120 mL,E0,P003,-,-,-
3165,飞行器液压动力装置燃料 箱(装有无水肼和甲肼混 合液)(M86号燃料),AIRCRAFT HYDRAULIC POWER UNIT FUEL TANK (containing a mixture of anhydrous hydrazine and methylhydrazine) (M86 fuel),3,6.1 8,-,-,0,E0,P301,-,-,-
3166,易燃气体动力车辆，或易 燃液体动力车辆，或易燃 气体燃料电池动力车辆， 或易燃液体燃料电池动力 车辆,"VEHICLE, FLAMMABLE GAS POWERED or VEHICLE, FLAMMABLE LIQUID POWERED or VEHICLE, FUEL CELL, FLAMMABLE GAS POWERED or VEHICLE, FUEL CELL, FLAMMABLE LIQUID POWERED",9,-,-,123 356 388,0,E0,无,-,-,-
3167,未压缩气体样品，易燃，未 另作规定的，非冷冻液体,"GAS SAMPLE, NON-PRESSURIZED, FLAMMABLE, N. O. S., not refrigerated liquid",2.1,-,-,209,0,E0,P201,-,-,-
3168,未压缩气体样品，毒性，易 燃，未另作规定的，非冷冻 液体,"GAS SAMPLE, NON-PRESSURIZED, TOXIC, FLAMMABLE, N. O. S., not refrigerated liquid",2.3,2.1,-,209,0,E0,P201,-,-,-
3169,未压缩气体样品，毒性，未 另作规定的，非冷冻液体,"GAS SAMPLE, NON-PRESSURIZED, TOXIC, N. O. S., not refrigerated liquid",2.3,-,-,209,0,E0,P201,-,-,-
3170,铝熔炼副产品或铝再熔副 产品,ALUMINIUM SMELTING BY-PRODUCTS or ALUMINIUM REMELTING BY-PRODUCTS,4.3,-,Ⅱ,244,500 g,E2,P410 IBC07,B2,T3 BK2,TP33
3170,铝熔炼副产品或铝再熔副 产品,ALUMINIUM SMELTING BY-PRODUCTS or ALUMINIUM REMELTING BY-PRODUCTS,4.3,-,Ⅲ,223 244,1 kg,E1,P002 IBC08,B4,T1 BK2,TP33
3171,电池供电车辆或电池供电 设备,BATTERY-POWERED VEHICLE or BATTERY-POWERED EQUIPMENT,9,-,-,123 388,0,E0,无,-,-,-
3172,液态毒素，从生物体提取 的，未另作规定的,"TOXINS, EXTRACTED FROM LIVING SOURCES, LIQUID, N. O. S.",6.1,-,Ⅰ,210 274,0,E5,P001,-,-,-
3172,液态毒素，从生物体提取 的，未另作规定的,"TOXINS, EXTRACTED FROM LIVING SOURCES, LIQUID, N. O. S.",6.1,-,Ⅱ,210 274,100 mL,E4,P001 IBC02,-,-,-
3172,液态毒素，从生物体提取 的，未另作规定的,"TOXINS, EXTRACTED FROM LIVING SOURCES, LIQUID, N. O. S.",6.1,-,Ⅲ,210 223 274,5 L,E1,P001 IBC03 LP01,-,-,-
3174,二硫化钛,TITANIUM DISULPHIDE,4.2,—,Ⅲ,—,0,E1,P002 IBC08 LP02,B3,T1,TP33
3175,含易燃液体的固体，未另 作规定的,"SOLIDS CONTAINING FLAMMABLE LIQUID, N. O. S.",4.1,—,Ⅱ,216 274,1 kg,E2,P002 IBC06,PP9 B2,T3 BK1 BK2,TP33
3176,有机熔融易燃固体，未另 作规定的,"FLAMMABLE SOLID, ORGANIC, MOLTEN, N. O. S.",4.1,—,Ⅱ,274,0,E0,—,—,T3,TP3 TP26
3176,有机熔融易燃固体，未另 作规定的,"FLAMMABLE SOLID, ORGANIC, MOLTEN, N. O. S.",4.1,—,Ⅲ,223 274,0,E0,IBC01,—,T1,TP3 TP26
3178,无机易燃固体，未另作规 定的,"FLAMMABLE SOLID, INORG ANIC, N. O. S.",4.1,—,Ⅱ,274,1 kg,E2,P002 IBC08,"B2, B4",T3,TP33
3178,无机易燃固体，未另作规 定的,"FLAMMABLE SOLID, INORG ANIC, N. O. S.",4.1,—,Ⅲ,223 274,5 kg,E1,P002 IBC08 LP02,B3,T1,TP33
3179,无机易燃固体，毒性，未另 作规定的,"FLAMMABLE SOLID, TOXIC, INORGANIC, N. O. S.",4.1,6.1,Ⅱ,274,1 kg,E2,P002 IBC06,B2,T3,TP33
3179,无机易燃固体，毒性，未另 作规定的,"FLAMMABLE SOLID, TOXIC, INORGANIC, N. O. S.",4.1,6.1,Ⅲ,223 274,5 kg,E1,P002 IBC06,—,T1,TP33
3180,无机易燃固体，腐蚀性，未 另作规定的,"FLAMMABLE SOLID, CORROSIVE, INORGANIC, N. O. S.",4.1,8,Ⅱ,274,1 kg,E2,P002 IBC06,B2,T3,TP33
3180,无机易燃固体，腐蚀性，未 另作规定的,"FLAMMABLE SOLID, CORROSIVE, INORGANIC, N. O. S.",4.1,8,Ⅲ,223 274,5 kg,E1,P002 IBC06,-,T1,TP33
3181,有机化合物的金属盐，易 燃，未另作规定的,"METAL SALTS OF ORGANIC COMPOUNDS, FLAMMABLE, N. O. S.",4.1,-,Ⅱ,274,1 kg,E2,P002 IBC08,"B2, B4",T3,TP33
3181,有机化合物的金属盐，易 燃，未另作规定的,"METAL SALTS OF ORGANIC COMPOUNDS, FLAMMABLE, N. O. S.",4.1,-,Ⅲ,223 274,5 kg,E1,P002 IBC08 LP02,B3,T1,TP33
3182,金属氢化物，易燃，未另作 规定的,"METAL HYDRIDES, FLAMMABLE, N. O. S.",4.1,-,Ⅱ,274,1 kg,E2,P410 IBC04,PP40,T3,TP33
3182,金属氢化物，易燃，未另作 规定的,"METAL HYDRIDES, FLAMMABLE, N. O. S.",4.1,-,Ⅲ,223 274,5 kg,E1,P002 IBC04,-,T1,TP33
3183,有机自热液体，未另作规 定的,"SELF-HEATING LIQUID, ORGANIC, N. O. S.",4.2,-,Ⅱ,274,0,E2,P001 IBC02,-,-,-
3183,有机自热液体，未另作规 定的,"SELF-HEATING LIQUID, ORGANIC, N. O. S.",4.2,-,Ⅲ,223 274,0,E1,P001 IBC02,-,-,-
3184,有机自热的液体，毒性，未 另作规定的,"SELF-HEATING LIQUID, TOXIC, ORGANIC, N. O. S.",4.2,6.1,Ⅱ,274,0,E2,P402 IBC02,-,-,-
3184,有机自热的液体，毒性，未 另作规定的,"SELF-HEATING LIQUID, TOXIC, ORGANIC, N. O. S.",4.2,6.1,Ⅲ,223 274,0,E1,P001 IBC02,-,-,-
3185,有机自热液体，腐蚀性，未 另作规定的,"SELF-HEATING LIQUID, CORROSIVE, ORGANIC, N. O. S.",4.2,8,Ⅱ,274,0,E2,P402 IBC02,-,-,-
3185,有机自热液体，腐蚀性，未 另作规定的,"SELF-HEATING LIQUID, CORROSIVE, ORGANIC, N. O. S.",4.2,8,Ⅲ,223 274,0,E1,P001 IBC02,-,-,-
3186,无机自热液体，未另作规 定的,"SELF-HEATING LIQUID, INORGANIC, N. O. S.",4.2,-,Ⅱ,274,0,E2,P001 IBC02,-,-,-
3186,无机自热液体，未另作规 定的,"SELF-HEATING LIQUID, INORGANIC, N. O. S.",4.2,-,Ⅲ,223 274,0,E1,P001 IBC02,-,-,-
3187,无机自热液体，毒性，未另 作规定的,"SELF-HEATING LIQUID, TOXIC, INORGANIC, N. O. S.",4.2,6.1,Ⅱ,274,0,E2,P402 IBC02,-,-,-
3187,无机自热液体，毒性，未另 作规定的,"SELF-HEATING LIQUID, TOXIC, INORGANIC, N. O. S.",4.2,6.1,Ⅲ,223 274,0,E1,P001 IBC02,-,-,-
3188,无机自热液体，腐蚀性，未 另作规定的,"SELF-HEATING LIQUID, CORROSIVE, INORGANIC, N. O. S.",4.2,8,Ⅱ,274,0,E2,P402 IBC02,-,-,-
3188,无机自热液体，腐蚀性，未 另作规定的,"SELF-HEATING LIQUID, CORROSIVE, INORGANIC, N. O. S.",4.2,8,Ⅲ,223 274,0,E1,P001 IBC02,-,-,-
3189,自热金属粉，未另作规 定的,"METAL POWDER, SELF-HEATING, N. O. S.",4.2,-,Ⅱ,274,0,E2,P410 IBC06,B2,T3,TP33
3189,自热金属粉，未另作规 定的,"METAL POWDER, SELF-HEATING, N. O. S.",4.2,-,Ⅲ,223 274,0,E1,P002 IBC08 LP02,B3,T1,TP33
3190,无机自热固体，未另作规 定的,"SELF-HEATING SOLID, INORGANIC, N. O. S.",4.2,-,Ⅱ,274,0,E2,P410 IBC06,B2,T3,TP33
3190,无机自热固体，未另作规 定的,"SELF-HEATING SOLID, INORGANIC, N. O. S.",4.2,-,Ⅲ,223 274,0,E1,P002 IBC08 LP02,B3,T1,TP33
3191,无机自热固体，毒性，未另 作规定的,"SELF-HEATING SOLID, TOXIC, INORGANIC, N. O. S.",4.2,6.1,Ⅱ,274,0,E2,P410 IBC05,B2,T3,TP33
3191,无机自热固体，毒性，未另 作规定的,"SELF-HEATING SOLID, TOXIC, INORGANIC, N. O. S.",4.2,6.1,Ⅲ,223 274,0,E1,P002 IBC08,B3,T1,TP33
3192,无机自热固体，腐蚀性，未 另作规定的,"SELF-HEATING SOLID, CORROSIVE, INORGANIC, N. O. S.",4.2,8,Ⅱ,274,0,E2,P410 IBC05,B2,T3,TP33
3192,无机自热固体，腐蚀性，未 另作规定的,"SELF-HEATING SOLID, CORROSIVE, INORGANIC, N. O. S.",4.2,8,Ⅲ,223 274,0,E1,P002 IBC08,B3,T1,TP33
3194,无机发火液体，未另作规 定的,"PYROPHORIC LIQUID, INORGANIC, N. O. S.",4.2,-,Ⅰ,274,0,E0,P400,-,-,-
3200,无机发火固体，未另作规 定的,"PYROPHORIC SOLID, INORGANIC, N. O. S.",4.2,-,Ⅰ,274,0,E0,P404,-,T21,TP7 TP33
3205,碱土金属醇化物，未另作 规定的,"ALK ALINE EARTH METAL ALCOHOLATES, N. O. S.",4.2,-,Ⅱ,183 274,0,E2,P410 IBC06,B2,T3,TP33
3205,碱土金属醇化物，未另作 规定的,"ALK ALINE EARTH METAL ALCOHOLATES, N. O. S.",4.2,-,Ⅲ,183 223 274,0,E1,P002 IBC08 LP02,B3,T1,TP33
3206,碱金属醇化物，自热性，腐 蚀性，未另作规定的,"ALK ALI METAL ALCOHOLATES, SELF- HEATING, CORROSIVE, N. O. S.",4.2,8,Ⅱ,182 274,0,E2,P410 IBC05,B2,T3,TP33
3206,碱金属醇化物，自热性，腐 蚀性，未另作规定的,"ALK ALI METAL ALCOHOLATES, SELF- HEATING, CORROSIVE, N. O. S.",4.2,8,Ⅲ,182 223 274,0,E1,P002 IBC08,B3,T1,TP33
3208,金属物质，遇水反应，未另 作规定的,"METALLIC SUBSTANCE, WATER- REACTIVE, N. O. S.",4.3,-,Ⅰ,274,0,E0,P403 IBC99,-,-,-
3208,金属物质，遇水反应，未另 作规定的,"METALLIC SUBSTANCE, WATER- REACTIVE, N. O. S.",4.3,-,Ⅱ,274,500 g,E2,P410 IBC07,B2,T3,TP33
3208,金属物质，遇水反应，未另 作规定的,"METALLIC SUBSTANCE, WATER- REACTIVE, N. O. S.",4.3,-,Ⅲ,223 274,1 kg,E1,P410 IBC08,B4,T1,TP33
3209,金属物质，遇水反应，自热 性，未另作规定的,"METALLIC SUBSTANCE, WATER- REACTIVE, SELFHEATING, N. O. S.",4.3,4.2,Ⅰ,274,0,E0,P403,-,-,-
3209,金属物质，遇水反应，自热 性，未另作规定的,"METALLIC SUBSTANCE, WATER- REACTIVE, SELFHEATING, N. O. S.",4.3,4.2,Ⅱ,274,0,E2,P410 IBC05,B2,T3,TP33
3209,金属物质，遇水反应，自热 性，未另作规定的,"METALLIC SUBSTANCE, WATER- REACTIVE, SELFHEATING, N. O. S.",4.3,4.2,Ⅲ,223 274,0,E1,P410 IBC08,B4,T1,TP33
3210,无机氯酸盐水溶液，未另 作规定的,"CHLORATES, INORGANIC, AQUEOUS SOLUTION, N. O. S.",5.1,-,Ⅱ,274 351,1 L,E2,P504 IBC02,-,T4,TP1
3210,无机氯酸盐水溶液，未另 作规定的,"CHLORATES, INORGANIC, AQUEOUS SOLUTION, N. O. S.",5.1,-,Ⅲ,223 274 351,5 L,E1,P504 IBC02,-,T4,TP1
3211,无机高氯酸盐水溶液，未 另作规定的,"PERCHLORATES, INORGANIC, AQUEOUS SOLUTION, N. O. S.",5.1,-,Ⅱ,-,1 L,E2,P504 IBC02,-,T4,TP1
3211,无机高氯酸盐水溶液，未 另作规定的,"PERCHLORATES, INORGANIC, AQUEOUS SOLUTION, N. O. S.",5.1,-,Ⅲ,223,5 L,E1,P504 IBC02,-,T4,TP1
3212,无机次氯酸盐，未另作规 定的,"HYPOCHLORITES, INORGANIC, N. O. S.",5.1,-,Ⅱ,274 349,1 kg,E2,P002 IBC08,"B2, B4",T3,TP33
3213,无机溴酸盐水溶液，未另 作规定的,"BROMATES, INORGANIC, AQUEOUS SOLUTION, N. O. S.",5.1,-,Ⅱ,274 350,1 L,E2,P504 IBC02,-,T4,TP1
3213,无机溴酸盐水溶液，未另 作规定的,"BROMATES, INORGANIC, AQUEOUS SOLUTION, N. O. S.",5.1,-,Ⅲ,223 274 350,5 L,E1,P504 IBC02,-,T4,TP1
3214,无机高锰酸盐水溶液，未 另作规定的,"PERMANGANATES, INORGANIC, AQUEOUS SOLUTION, N. O. S.",5.1,-,Ⅱ,206 274 353,1 L,E2,P504 IBC02,-,T4,TP1
3215,无机过硫酸盐，未另作规 定的,"PERSULPHATES, INORGANIC, N. O. S.",5.1,-,Ⅲ,-,5 kg,E1,P002 IBC08 LP02,B3,T1,TP33
3216,无机过硫酸盐水溶液，未 另作规定的,"PERSULPHATES, INORGANIC, AQUEOUS SOLUTION, N. O. S.",5.1,-,Ⅲ,-,5 L,E1,P504 IBC02,-,T4,TP1 TP29
3218,无机硝酸盐水溶液，未另 作规定的,"NITRATES, INORG ANIC, AQUEOUS SOLUTION, N. O. S.",5.1,-,Ⅱ,270,1 L,E2,P504 IBC02,-,T4,TP1
3218,无机硝酸盐水溶液，未另 作规定的,"NITRATES, INORG ANIC, AQUEOUS SOLUTION, N. O. S.",5.1,-,Ⅲ,223 270,5 L,E1,P504 IBC02,-,T4,TP1
3219,无机亚硝酸盐水溶液，未 另作规定的,"NITRITES, INORGANIC, AQUEOUS SOLUTION, N. O. S.",5.1,-,Ⅱ,103 274,1 L,E2,P504 IBC01,-,T4,TP1
3219,无机亚硝酸盐水溶液，未 另作规定的,"NITRITES, INORGANIC, AQUEOUS SOLUTION, N. O. S.",5.1,-,Ⅲ,103 223 274,5 L,E1,P504 IBC02,-,T4,TP1
3220,五氟乙烷(制冷气体 R125),PENTAFLUOROETHANE(REFRIGERANT GAS R125),2.2,-,-,-,120 mL,E1,P200,-,T50,-
3221,B型自反应液体,SELF-REACTIVE LIQUID TYPE B,4.1,-,-,181 274,25 mL,E0,P520,PP21,-,-
3222,B型自反应固体,SELF-REACTIVE SOLID TYPE B,4.1,-,-,181 274,100 g,E0,P520,PP21,-,-
3223,C 型自反应液体,SELF-REACTIVE LIQUID TYPE C,4.1,-,-,274,25 mL,E0,P520,PP21 PP94 PP95,-,-
3224,C型自反应固体,SELF-REACTIVE SOLID TYPE C,4.1,-,-,274,100 g,E0,P520,PP21 PP94 PP95,-,-
3225,D型自反应液体,SELF-REACTIVE LIQUID TYPE D,4.1,-,-,274,125 mL,E0,P520,-,-,-
3226,D型自反应固体,SELF-REACTIVE SOLID TYPE D,4.1,-,-,274,500 g,E0,P520,-,-,-
3227,E 型自反应液体,SELF-REACTIVE LIQUID TYPE E,4.1,-,-,274,125 mL,E0,P520,-,-,-
3228,E型自反应固体,SELF-REACTIVE SOLID TYPE E,4.1,-,-,274,500 g,E0,P520,-,-,-
3229,F型自反应液体,SELF-REACTIVE LIQUID TYPE F,4.1,-,-,274,125 mL,E0,P520 IBC99,-,T23,-
3230,F型自反应固体,SELF-REACTIVE SOLID TYPE F,4.1,-,-,274,500 g,E0,P520 IBC99,-,T23,-
3231,B 型自反应液体，控制温 度的,"SELF-REACTIVE LIQUID TYPE B, TEMPERATURE CONTROLLED",4.1,-,-,181 194 274,0,E0,P520,PP21,-,-
3232,B 型自反应固体，控制温 度的,"SELF-REACTIVE SOLID TYPE B, TEMPERATURE CONTROLLED",4.1,-,-,181 194 274,0,E0,P520,PP21,-,-
3233,C型自反应液体，控制温 度的,"SELF-REACTIVE LIQUID TYPE C, TEMPERATURE CONTROLLED",4.1,-,-,194 274,0,E0,P520,PP21,-,-
3234,C型自反应固体，控制温 度的,"SELF-REACTIVE SOLID TYPE C, TEMPERATURE CONTROLLED",4.1,-,-,194 274,0,E0,P520,PP21,-,-
3235,D型自反应液体，控制温 度的,"SELF-REACTIVE LIQUID TYPE D, TEMPERATURE CONTROLLED",4.1,-,-,194 274,0,E0,P520,-,-,-
3236,D型自反应固体，控制温 度的,"SELF-REACTIVE SOLID TYPE D, TEMPERATURE CONTROLLED",4.1,-,-,194 274,0,E0,P520,-,-,-
3237,E型自反应液体，控制温 度的,"SELF-REACTIVE LIQUID TYPE E, TEMPERATURE CONTROLLED",4.1,-,-,194 274,0,E0,P520,-,-,-
3238,E型自反应固体，控制温 度的,"SELF-REACTIVE SOLID TYPE E, TEMPERATURE CONTROLLED",4.1,-,-,194 274,0,E0,P520,-,-,-
3239,F型自反应液体，控制温 度的,"SELF-REACTIVE LIQUID TYPE F, TEMPERATURE CONTROLLED",4.1,-,-,194 274,0,E0,P520,-,T23,-
3240,F型自反应固体，控制温 度的,"SELF-REACTIVE SOLID TYPE F, TEMPERATURE CONTROLLED",4.1,-,-,194 274,0,E0,P520,-,T23,-
3241,"2-溴-2-硝基丙烷-1,3-二醇","2-BROMO-2-NITROPROPANE-1,3-DIOL",4.1,-,Ⅲ,246,5 kg,E1,P520 IBC08,PP22 B3,-,-
3242,偶氮二甲酰胺,AZODICARBONAMIDE,4.1,-,Ⅱ,215,1 kg,E0,P409,-,T3,TP33
3243,含有毒性液体的固体，未 另作规定的,"SOLIDS CONTAINING TOXIC LIQUID, N. O. S.",6.1,-,Ⅱ,217 274,500 g,E4,P002 IBC02,PP9,T2 BK1 BK2,TP33
3244,含腐蚀性液体的固体，未 另作规定的,"SOLIDS CONTAINING CORROSIVE LIQUID, N. O. S.",8,-,Ⅱ,218 274,1 kg,E2,P002 IBC05,PP9,T3 BK1 BK2,TP33
3245,转基因微生物或转基因生 物体,GENETICALLY MODIFIED MICROORG ANISMS or GENETICALLY MODIFIED ORGANISMS,9,-,-,219,0,E0,P904 IBC99,-,-,-
3246,甲磺酰氯,METHANESULPHONYL CHLORIDE,6.1,8,Ⅰ,354,0,E0,P602,-,T20,TP2 TP13
3247,无水过硼酸钠,"SODIUM PEROXOBORATE, ANHYDROUS",5.1,-,Ⅱ,-,1 kg,E2,P002 IBC08,"B2, B4",T3,TP33
3248,液态药物，易燃，毒性，未 另作规定的,"MEDICINE, LIQUID, FLAMMABLE, TOXIC, N. O. S.",3,6.1,Ⅱ,220 221,1 L,E2,P001,-,-,-
3248,液态药物，易燃，毒性，未 另作规定的,"MEDICINE, LIQUID, FLAMMABLE, TOXIC, N. O. S.",3,6.1,Ⅲ,220 221 223,5 L,E1,P001,-,-,-
3249,固态药物，毒性，未另作规 定的,"MEDICINE, SOLID, TOXIC, N. O. S.",6.1,-,Ⅱ,221,500 g,E4,P002,-,T3,TP33
3249,固态药物，毒性，未另作规 定的,"MEDICINE, SOLID, TOXIC, N. O. S.",6.1,-,Ⅲ,221 223,5 kg,E1,P002,-,T1,TP33
3250,熔融氯乙酸,"CHLOROACETIC ACID, MOLTEN",6.1,8,Ⅱ,-,0,E0,无,-,T7,TP3 TP28
3251,异山梨醇-5-单硝酸酯,ISOSORBIDE-5-MONONITRATE,4.1,-,Ⅲ,132 226,5 kg,E0,P409,-,-,-
3252,二氟甲烷(制冷气体 R32),DIFLUOROMETHANE (REFRIGERANT GAS R32),2.1,-,-,-,0,E0,P200,-,T50,-
3253,三氧硅酸二钠,DISODIUM TRIOXOSILICATE,8,-,Ⅲ,-,5 kg,E1,P002 IBC08 LP02,B3,T1,TP33
3254,三丁基磷烷,TRIBUTYLPHOSPHANE,4.2,-,Ⅰ,-,0,E0,P400,-,T21,TP2 TP7
3255,次氯酸叔丁酯,tert-BUTYL HYPOCHLORITE,4.2,8,Ⅰ,-,0,E0,P099,-,-,-
3256,高温液体，易燃，未另作规 定的，闪点高于 60℃，温 度等于或高于其闪点,"ELEVATED TEMPERATURE LIQUID, FLAMMABLE, N. O. S. with flash point above 60.5℃ , at or above its flash point",3,-,Ⅲ,274,0,E0,P099 IBC01,-,T3,TP3 TP29
3257,高温液体，未另作规定的， 温度等于或高于100℃、 低于其闪点(包括熔融金 属、熔融盐等),"ELEVATED TEMPERATURE LIQUID, N. O. S., at or above 100 ℃ and below its flash point (includingmolten metals, molten salts, etc.)",9,—,Ⅲ,232 274,0,E0,P099 IBC01,—,T3,TP3 TP29
3258,高温固体，未另作规定的， 温度等于或高于240℃,"ELEVATED TEMPERATURE SOLID, N. O. S., at or above 240 ℃",9,—,Ⅲ,232 274,0,E0,P099,—,—,—
3259,固态胺，腐蚀性，未另作规 定的或固态聚胺，腐蚀性， 未另作规定的,"AMINES, SOLID, CORROSIVE, N. O. S. or POLYAMINES, SOLID, CORROSIVE, N. O. S.",8,—,Ⅰ,274,0,E0,P002 IBC07,B1,T6,TP33
3259,固态胺，腐蚀性，未另作规 定的或固态聚胺，腐蚀性， 未另作规定的,"AMINES, SOLID, CORROSIVE, N. O. S. or POLYAMINES, SOLID, CORROSIVE, N. O. S.",8,—,Ⅱ,274,1 kg,E2,P002 IBC08,"B2, B4",T3,TP33
3259,固态胺，腐蚀性，未另作规 定的或固态聚胺，腐蚀性， 未另作规定的,"AMINES, SOLID, CORROSIVE, N. O. S. or POLYAMINES, SOLID, CORROSIVE, N. O. S.",8,—,Ⅲ,223 274,5 kg,E1,P002 IBC08 LP02,B3,T1,TP33
3260,无机酸性腐蚀性固体，未 另作规定的,"CORROSIVE SOLID, ACIDIC, INORG ANIC, N. O. S.",8,—,Ⅰ,274,0,E0,P002 IBC07,B1,T6,TP33
3260,无机酸性腐蚀性固体，未 另作规定的,"CORROSIVE SOLID, ACIDIC, INORG ANIC, N. O. S.",8,—,Ⅱ,274,1 kg,E2,P002 IBC08,"B2, B4",T3,TP33
3260,无机酸性腐蚀性固体，未 另作规定的,"CORROSIVE SOLID, ACIDIC, INORG ANIC, N. O. S.",8,—,Ⅲ,223 274,5 kg,E1,P002 IBC08 LP02,B3,T1,TP33
3261,有机酸性腐蚀性固体，未 另作规定的,"CORROSIVE SOLID, ACIDIC, ORGANIC, N. O. S.",8,—,Ⅰ,274,0,E0,P002 IBC07,B1,T6,TP33
3261,有机酸性腐蚀性固体，未 另作规定的,"CORROSIVE SOLID, ACIDIC, ORGANIC, N. O. S.",8,—,Ⅱ,274,1 kg,E2,P002 IBC08,"B2, B4",T3,TP33
3261,有机酸性腐蚀性固体，未 另作规定的,"CORROSIVE SOLID, ACIDIC, ORGANIC, N. O. S.",8,—,Ⅲ,223 274,5 kg,E1,P002 IBC08 LP02,B3,T1,TP33
3262,无机碱性腐蚀性固体，未 另作规定的,"CORROSIVE SOLID, BASIC, INORGANIC, N. O. S.",8,-,Ⅰ,274,0,E0,P002 IBC07,B1,T6,TP33
3262,无机碱性腐蚀性固体，未 另作规定的,"CORROSIVE SOLID, BASIC, INORGANIC, N. O. S.",8,-,Ⅱ,274,1 kg,E2,P002 IBC08,"B2, B4",T3,TP33
3262,无机碱性腐蚀性固体，未 另作规定的,"CORROSIVE SOLID, BASIC, INORGANIC, N. O. S.",8,-,Ⅲ,223 274,5 kg,E1,P002 IBC08 LP02,B3,T1,TP33
3263,有机碱性腐蚀性固体，未 另作规定的,"CORROSIVE SOLID, BASIC, ORG ANIC, N. O. S.",8,-,Ⅰ,274,0,E0,P002 IBC07,B1,T6,TP33
3263,有机碱性腐蚀性固体，未 另作规定的,"CORROSIVE SOLID, BASIC, ORG ANIC, N. O. S.",8,-,Ⅱ,274,1 kg,E2,P002 IBC08,"B2, B4",T3,TP33
3263,有机碱性腐蚀性固体，未 另作规定的,"CORROSIVE SOLID, BASIC, ORG ANIC, N. O. S.",8,-,Ⅲ,223 274,5 kg,E1,P002 IBC08 LP02,B3,T1,TP33
3264,无机酸性腐蚀性液体，未 另作规定的,"CORROSIVE LIQUID, ACIDIC, INORGANIC, N. O. S.",8,-,Ⅰ,274,0,E0,P001,-,T14,TP2 TP27
3264,无机酸性腐蚀性液体，未 另作规定的,"CORROSIVE LIQUID, ACIDIC, INORGANIC, N. O. S.",8,-,Ⅱ,274,1 L,E2,P001 IBC02,-,T11,TP2 TP27
3264,无机酸性腐蚀性液体，未 另作规定的,"CORROSIVE LIQUID, ACIDIC, INORGANIC, N. O. S.",8,-,Ⅲ,223 274,5 L,E1,P001 IBC03 LP01,-,T7,TP1 TP28
3265,有机酸性腐蚀性液体，未 另作规定的,"CORROSIVE LIQUID, ACIDIC, ORGANIC, N. O. S.",8,-,Ⅰ,274,0,E0,P001,-,T14,TP2 TP27
3265,有机酸性腐蚀性液体，未 另作规定的,"CORROSIVE LIQUID, ACIDIC, ORGANIC, N. O. S.",8,-,Ⅱ,274,1 L,E2,P001 IBC02,-,T11,TP2 TP27
3265,有机酸性腐蚀性液体，未 另作规定的,"CORROSIVE LIQUID, ACIDIC, ORGANIC, N. O. S.",8,-,Ⅲ,223 274,5 L,E1,P001 IBC03 LP01,-,T7,TP1 TP28
3266,无机碱性腐蚀性液体，未 另作规定的,"CORROSIVE LIQUID, BASIC, INORGANIC, N. O. S.",8,-,Ⅰ,274,0,E0,P001,,T14,TP2 TP27
3266,无机碱性腐蚀性液体，未 另作规定的,"CORROSIVE LIQUID, BASIC, INORGANIC, N. O. S.",8,-,Ⅱ,274,1 L,E2,P001 IBC02,-,T11,TP2 TP27
3266,无机碱性腐蚀性液体，未 另作规定的,"CORROSIVE LIQUID, BASIC, INORGANIC, N. O. S.",8,-,Ⅲ,223 274,5 L,E1,P001 IBC03 LP01,-,T7,TP1 TP28
3267,有机碱性腐蚀性液体，未 另作规定的,"CORROSIVE LIQUID, BASIC, ORGANIC, N. O. S.",8,-,Ⅰ,274,0,E0,P001,-,T14,TP2 TP27
3267,有机碱性腐蚀性液体，未 另作规定的,"CORROSIVE LIQUID, BASIC, ORGANIC, N. O. S.",8,-,Ⅱ,274,1 L,E2,P001 IBC02,-,T11,TP2 TP27
3267,有机碱性腐蚀性液体，未 另作规定的,"CORROSIVE LIQUID, BASIC, ORGANIC, N. O. S.",8,-,Ⅲ,223 274,5 L,E1,P001 IBC03 LP01,-,T7,TP1 TP28
3268,安全装置，电启动,"SAFETY DEVICES, electrically initiated",9,-,-,280 289,0,E0,P902 LP902,-,-,-
3269,聚酯树脂箱，液体基材,"POLYESTER RESIN KIT, liquid base material",3,-,Ⅱ,236 340,5 L,见特殊规定 340,P302,-,-,-
3269,聚酯树脂箱，液体基材,"POLYESTER RESIN KIT, liquid base material",3,-,Ⅲ,236 340,5 L,见特殊规定 340,P302,-,-,-
3270,硝化纤维素滤膜，按干重 含氮不超过 12.6%,"NITROCELLULOSE MEMBRANEFILTERS, with not more than 12.6% nitrogen, by dry mass",4.1,-,Ⅱ,237 286 403,1 kg,E2,P411,-,-,-
3271,醚类，未另作规定的,"ETHERS, N. O. S.",3,-,Ⅱ,274,1 L,E2,P001 IBC02,-,T7,TP1 TP8 TP28
3271,醚类，未另作规定的,"ETHERS, N. O. S.",3,-,Ⅲ,223 274,5 L,E1,P001 IBC03 LP01,-,T4,TP1 TP29
3272,酯类，未另作规定的,"ESTERS, N. O. S.",3,-,Ⅱ,274,1 L,E2,P001 IBC02,-,T7,TP1 TP8 TP28
3272,酯类，未另作规定的,"ESTERS, N. O. S.",3,-,Ⅲ,223 274,5 L,E1,P001 IBC03 LP01,-,T4,TP1 TP29
3273,腈类，易燃，毒性，未另作 规定的,"NITRILES, FLAMMABLE, TOXIC, N. O. S.",3,6.1,Ⅰ,274,0,E0,P001,-,T14,TP2 TP13 TP27
3273,腈类，易燃，毒性，未另作 规定的,"NITRILES, FLAMMABLE, TOXIC, N. O. S.",3,6.1,Ⅱ,274,1 L,E2,P001 IBC02,-,T11,TP2 TP13 TP27
3274,醇化物溶液，未另作规定 的，在醇溶液中,"ALCOHOLATES SOLUTION, N. O. S., in alcohol",3,8,Ⅱ,274,1 L,E2,P001 IBC02,-,-,-
3275,腈类，毒性，易燃，未另作 规定的,"NITRILES, TOXIC, FLAMMABLE, N. O. S.",6.1,3,Ⅰ,274 315,0,E5,P001,-,T14,TP2 TP13 TP27
3275,腈类，毒性，易燃，未另作 规定的,"NITRILES, TOXIC, FLAMMABLE, N. O. S.",6.1,3,Ⅱ,274,100 mL,E4,P001 IBC02,-,T11,TP2 TP13 TP27
3276,液态腈类，毒性，未另作规 定的,"NITRILES, TOXIC, LIQUID, N. O. S.",6.1,-,Ⅰ,274 315,0,E5,P001,-,T14,TP2 TP13 TP27
3276,液态腈类，毒性，未另作规 定的,"NITRILES, TOXIC, LIQUID, N. O. S.",6.1,-,Ⅱ,274,100 mL,E4,P001 IBC02,-,T11,TP2 TP27
3276,液态腈类，毒性，未另作规 定的,"NITRILES, TOXIC, LIQUID, N. O. S.",6.1,-,Ⅲ,223 274,5 L,E1,P001 IBC03 LP01,-,T7,TP1 TP28
3277,氯甲酸酯，毒性，腐蚀性， 未另作规定的,"CHLOROFORMATES, TOXIC, CORROSIVE, N. O. S.",6.1,8,Ⅱ,274,100 mL,E4,P001 IBC02,-,T8,TP2 TP13 TP28
3278,液态有机磷化合物，毒性， 未另作规定的,"ORGANOPHOSPHORUS COMPOUND, TOXIC, LIQUID,N. O. S.",6.1,-,Ⅰ,43 274 315,0,E5,P001,-,T14,TP2 TP13 TP27
3278,液态有机磷化合物，毒性， 未另作规定的,"ORGANOPHOSPHORUS COMPOUND, TOXIC, LIQUID,N. O. S.",6.1,-,Ⅱ,43 274,100 mL,E4,P001 IBC02,-,T11,TP2 TP27
3278,液态有机磷化合物，毒性， 未另作规定的,"ORGANOPHOSPHORUS COMPOUND, TOXIC, LIQUID,N. O. S.",6.1,-,Ⅲ,43 223 274,5 L,E1,P001 IBC03 LP01,-,T7,TP1 TP28
3279,有机磷化合物，毒性，易 燃，未另作规定的,"ORGANOPHOSPHORUS COMPOUND, TOXIC,FLAMMABLE, N. O. S.",6.1,3,Ⅰ,43 274 315,0,E5,P001,-,T14,TP2 TP13 TP27
3279,有机磷化合物，毒性，易 燃，未另作规定的,"ORGANOPHOSPHORUS COMPOUND, TOXIC,FLAMMABLE, N. O. S.",6.1,3,Ⅱ,43 274,100 mL,E4,P001,-,T11,TP2 TP13 TP27
3280,液态有机砷化合物，未另 作规定的,"ORGANOARSENIC COMPOUND, LIQUID, N. O. S.",6.1,-,Ⅰ,274 315,0,E5,P001,-,T14,TP2 TP13 TP27
3280,液态有机砷化合物，未另 作规定的,"ORGANOARSENIC COMPOUND, LIQUID, N. O. S.",6.1,-,Ⅱ,274,100 mL,E4,P001 IBC02,-,T11,TP2 TP27
3280,液态有机砷化合物，未另 作规定的,"ORGANOARSENIC COMPOUND, LIQUID, N. O. S.",6.1,-,Ⅲ,223 274,5 L,E1,P001 IBC03 LP01,-,T7,TP1 TP28
3281,液态羰基金属，未另作规 定的,"METAL CARBONYLS, LIQUID, N. O. S.",6.1,-,Ⅰ,274 315,0,E5,P601,-,T14,TP2 TP13 TP27
3281,液态羰基金属，未另作规 定的,"METAL CARBONYLS, LIQUID, N. O. S.",6.1,-,Ⅱ,274,100 mL,E4,P001 IBC02,E1,T11,TP2 TP27
3281,液态羰基金属，未另作规 定的,"METAL CARBONYLS, LIQUID, N. O. S.",6.1,-,Ⅲ,223 274,5 L,E1,P001 IBC03 LP01,-,T7,TP1 TP28
3282,液态有机金属化合物，毒 性，未另作规定的,"ORGANOMETALLIC COMPOUND, TOXIC, LIQUID,N. O. S.",6.1,-,Ⅰ,274,0,E5,P001,-,T14,TP2 TP13 TP27
3282,液态有机金属化合物，毒 性，未另作规定的,"ORGANOMETALLIC COMPOUND, TOXIC, LIQUID,N. O. S.",6.1,-,Ⅱ,274,100 mL,E4,P001 IBC02,-,T11,TP2 TP27
3282,液态有机金属化合物，毒 性，未另作规定的,"ORGANOMETALLIC COMPOUND, TOXIC, LIQUID,N. O. S.",6.1,-,Ⅲ,223 274,5 L,E1,P001 IBC03 LP01,-,T7,TP1 TP28
3283,固态硒化合物，未另作规 定的,"SELENIUM COMPOUND, SOLID, N. O. S.",6.1,-,Ⅰ,274,0,E5,P002 IBC07,B1,T6,TP33
3283,固态硒化合物，未另作规 定的,"SELENIUM COMPOUND, SOLID, N. O. S.",6.1,-,Ⅱ,274,500 g,E4,P002 IBC08,"B2, B4",T3,TP33
3283,固态硒化合物，未另作规 定的,"SELENIUM COMPOUND, SOLID, N. O. S.",6.1,-,Ⅲ,223 274,5 kg,E1,P002 IBC08 LP02,B3,T1,TP33
3284,碲化合物，未另作规定的,"TELLURIUM COMPOUND, N. O. S.",6.1,-,Ⅰ,274,0,E5,P002 IBC07,B1,T6,TP33
3284,碲化合物，未另作规定的,"TELLURIUM COMPOUND, N. O. S.",6.1,-,Ⅱ,274,500 g,E4,P002 IBC08,"B2, B4",T3,TP33
3284,碲化合物，未另作规定的,"TELLURIUM COMPOUND, N. O. S.",6.1,-,Ⅲ,223 274,5 kg,E1,P002 IBC08 LP02,B3,T1,TP33
3285,钒化合物，未另作规定的,"VANADIUM COMPOUND, N. O. S.",6.1,-,Ⅰ,274,0,E5,P002 IBC07,B1,T6,TP33
3285,钒化合物，未另作规定的,"VANADIUM COMPOUND, N. O. S.",6.1,-,Ⅱ,274,500 g,E4,P002 IBC08,"B2, B4",T3,TP33
3285,钒化合物，未另作规定的,"VANADIUM COMPOUND, N. O. S.",6.1,-,Ⅲ,223 274,5 kg,E1,P002 IBC08 LP02,B3,T1,TP33
3286,易燃液体，毒性，腐蚀性， 未另作规定的,"FLAMMABLE LIQUID, TOXIC, CORROSIVE, N. O. S.",3,6.1 8,Ⅰ,274,0,E0,P001,-,T14,TP2 TP13 TP27
3286,易燃液体，毒性，腐蚀性， 未另作规定的,"FLAMMABLE LIQUID, TOXIC, CORROSIVE, N. O. S.",3,6.1 8,Ⅱ,274,1 L,E2,P001 IBC99,-,T11,TP2 TP13 TP27
3287,无机毒性液体，未另作规 定的,"TOXIC LIQUID, INORGANIC, N. O. S.",6.1,-,Ⅰ,274 315,0,E5,P001,-,T14,TP2 TP13 TP27
3287,无机毒性液体，未另作规 定的,"TOXIC LIQUID, INORGANIC, N. O. S.",6.1,-,Ⅱ,274,100 mL,E4,P001 IBC02,-,T11,TP2 TP27
3287,无机毒性液体，未另作规 定的,"TOXIC LIQUID, INORGANIC, N. O. S.",6.1,-,Ⅲ,223 274,5 L,E1,P001 IBC03 LP01,-,T7,TP1 P28
3288,无机毒性固体，未另作规 定的,"TOXIC SOLID, INORGANIC, N. O. S.",6.1,-,Ⅰ,274,0,E5,P002 IBC99,-,T6,TP33
3288,无机毒性固体，未另作规 定的,"TOXIC SOLID, INORGANIC, N. O. S.",6.1,-,Ⅱ,274,500 g,E4,P002 IBC08,"B2, B4",T3,TP33
3288,无机毒性固体，未另作规 定的,"TOXIC SOLID, INORGANIC, N. O. S.",6.1,-,Ⅲ,223 274,5 kg,E1,P002 IBC08 LP02,B3,T1,TP33
3289,无机毒性液体，腐蚀性，未 另作规定的,"TOXIC LIQUID, CORROSIVE, INORGANIC, N. O. S.",6.1,8,Ⅰ,315 274,0,E5,P001,-,T14,TP2 TP13 TP27
3289,无机毒性液体，腐蚀性，未 另作规定的,"TOXIC LIQUID, CORROSIVE, INORGANIC, N. O. S.",6.1,8,Ⅱ,274,100 mL,E4,P001 IBC02,-,T11,TP2 TP27
3290,无机毒性固体，腐蚀性，未 另作规定的,"TOXIC SOLID, CORROSIVE, INORGANIC, N. O. S.",6.1,8,Ⅰ,274,0,E5,P002 IBC99,-,T6,TP33
3290,无机毒性固体，腐蚀性，未 另作规定的,"TOXIC SOLID, CORROSIVE, INORGANIC, N. O. S.",6.1,8,Ⅱ,274,500 g,E4,P002 IBC06,B2,T3,TP33
3292,含有钠金属或钠合金的电 池组或含有钠金属或钠合 金的电池芯,"BATTERIES, CONTAINING METALLIC SODIUM OR SODIUM ALLOY, or CELLS, CONTAINING METALLIC SODIUM OR SODIUM ALLOY",4.3,-,-,239 401,0,E0,P408,-,-,-
3293,肼水溶液，按质量含肼不 高于37%,"HYDRAZINE, AQUEOUS SOLUTION with not more than 37% hydrazine, by mass",6.1,-,Ⅲ,223,5 L,E1,P001 IBC03 LP01,-,T4,TP1
3294,氰化氢的醇溶液，含氰化 氢不高于 45%,"HYDROGEN CYANIDE, SOLUTION IN ALCOHOL with not more than 45% hydrogen cyanide",6.1,3,Ⅰ,-,0,E0,P601,-,T14,TP2 TP13
3295,液态烃类，未另作规定的,"HYDROCARBONS, LIQUID, N. O. S.",3,-,Ⅰ,-,500 mL,E3,P001,-,T11,TP1 TP8 TP28
3295,液态烃类，未另作规定的,"HYDROCARBONS, LIQUID, N. O. S.",3,-,Ⅱ,-,1 L,E2,P001 IBC02,-,T7,TP1 TP8 TP28
3295,液态烃类，未另作规定的,"HYDROCARBONS, LIQUID, N. O. S.",3,-,Ⅲ,223,5 L,E1,P001 IBC03 LP01,-,T4,TP1 TP29
3296,七氟丙烷(制冷气体 R227),HEPTAFLUOROPROPANE(REFRIGERANT GAS R227),2.2,-,-,-,120 mL,E1,P200,-,T50,-
3297,环氧乙烷和四氟氯乙烷混 合物，含环氧乙烷不高于 8.8%,ETHYLENE OXIDE AND CHLOROTETRAFLUORO-ETHANE MIXTURE with not more than 8.8% ethylen e oxide,2.2,-,-,392,120 mL,E1,P200,-,T50,-
3298,环氧乙烷和五氟乙烷混合 物，含环氧乙烷不高于 7.9%,ETH YLENE OXIDE AND PENTAFLUOROETHANE MIXTURE with not more than 7.9% ethylene oxide,2.2,-,-,392,120 mL,E1,P200,-,T50,-
3299,环氧乙烷和四氟乙烷混合 物，含环氧乙烷不高于 5.6%,ETHYLENE OXIDE AND TETRAFLUOROETHANE MIXTURE with not more than 5.6% ethylene oxide,2.2,-,-,392,120 mL,E1,P200,-,T50,-
3300,环氧乙烷和二氧化碳混合 物，含环氧乙烷高于87%,ETHYLENE OXIDE AND CARBON DIOXIDE MIXTURE with more than 87% ethylene oxide,2.3,2.1,-,-,0,E0,P200,-,-,-
3301,腐蚀性液体，自热性，未另 作规定的,"CORROSIVE LIQUID, SELF-HEATING, N. O. S.",8,4.2,Ⅰ,274,0,E0,P001,-,-,-
3301,腐蚀性液体，自热性，未另 作规定的,"CORROSIVE LIQUID, SELF-HEATING, N. O. S.",8,4.2,Ⅱ,274,0,E2,P001,-,-,-
3302,2-丙烯酸二甲氨基乙酯，稳 定的,"2-DIMETHYLAMINOETHYL ACRYLATE, STABILIZED",6.1,-,Ⅱ,386,100 mL,E4,P001 IBC02,-,T7,TP2
3303,压缩气体，毒性，氧化性， 未另作规定的,"COMPRESSED GAS, TOXIC, OXIDIZING, N. O. S.",2.3,5.1,-,274,0,E0,P200,-,-,-
3304,压缩气体，毒性，腐蚀性， 未另作规定的,"COMPRESSED GAS, TOXIC, CORROSIVE, N. O. S.",2.3,8,-,274,0,E0,P200,-,-,-
3305,压缩气体，毒性，易燃，腐 蚀性，未另作规定的,"COMPRESSED GAS, TOXIC, FLAMMABLE, CORROSIVE, N. O. S.",2.3,2.1 8,-,274,0,E0,P200,-,-,-
3306,压缩气体，毒性，氧化性， 腐蚀性，未另作规定的,"COMPRESSED GAS, TOXIC, OXIDIZING, CORROSIVE, N. O. S.",2.3,5.1 8,-,274,0,E0,P200,-,-,-
3307,液化气体，毒性，氧化性， 未另作规定的,"LIQUEFIED GAS, TOXIC, OXIDIZING, N. O. S.",2.3,5.1,-,274,0,E0,P200,-,-,-
3308,液化气体，毒性，腐蚀性， 未另作规定的,"LIQUEFIED GAS, TOXIC, CORROSIVE, N. O. S.",2.3,8,-,274,0,E0,P200,-,-,-
3309,液化气体，毒性，易燃，腐 蚀性，未另作规定的,"LIQUEFIED GAS, TOXIC, FLAMMABLE, CORROSIVE, N. O. S.",2.3,2.1 8,-,274,0,E0,P200,-,-,-
3310,液化气体，毒性，氧化性， 腐蚀性，未另作规定的,"LIQUEFIED GAS, TOXIC, OXIDIZING, CORROSIVE, N. O. S.",2.3,5.1 8,-,274,0,E0,P200,-,-,-
3311,冷冻液态气体，氧化性，未 另作规定的,"GAS, REFRIGERATED LIQUID, OXIDIZING, N. O. S.",2.2,5.1,-,274,0,E0,P203,-,T75,TP5 TP22
3312,冷冻液态气体，易燃，未另 作规定的,"GAS, REFRIGERATED LIQUID, FLAMMABLE, N. O. S.",2.1,-,-,274,0,E0,P203,-,T75,TP5
3313,有机颜料，自热性,"ORGANIC PIGMENTS, SELF-HEATING",4.2,-,Ⅱ,-,0,E2,P002 IBC08,"B2, B4",T3,TP33
3313,有机颜料，自热性,"ORGANIC PIGMENTS, SELF-HEATING",4.2,-,Ⅲ,223,0,E1,P002 IBC08 LP02,B3,T1,TP33
3314,塑料成型化合物，呈现揉 塑团、薄片或挤压出的绳 索状，会放出易燃蒸气,"PLASTICS MOULDING COMPOUND in dough, sheet or extruded rope form evolving flammable vapour",9,-,Ⅲ,207,5 kg,E1,P002 IBC08,"PP14 B3, B6",-,-
3315,化学样品，毒性,"CHEMICAL SAMPLE, TOXIC",6.1,-,Ⅰ,250,0,E0,P099,-,-,-
3316,化学品箱或急救箱,CHEMICAL KIT or FIRST AID KIT,9,-,-,251 340,见特殊规定 251,见特殊规定 340,P901,-,-,-
3317,"2-氨基-4,6-二硝基酚,湿 的，按质量含水不低 于20%","2-AMINO-4,6-DINITROPHENOL, WETTED with not less than 20% water, by mass",4.1,-,Ⅰ,28,0,E0,P406,PP26,-,-
3318,氨溶液，水溶液在15℃时 相对密度小于0.880，含氨 量高于50%,"AMMONIA SOLUTION, relativedensity less than 0.880 at 15 ℃ inwater, with more than 50% ammonia",2.3,8,-,23,0,E0,P200,-,T50,-
3319,固态硝化甘油混合物，退 敏的，未另作规定的，按质 量含硝化甘油高于2%，但 不高于10%,"NITROGLYCERIN MIXTURE, DESENSITIZED, SOLID, N. O. S. with more than 2% but not more than 10% nitroglycerin, by mass",4.1,-,Ⅱ,28 272 274,0,E0,P099,-,-,-
3320,硼氢化钠和氢氧化钠溶 液，按质量含硼氢化钠不 高于12%，含氢氧化钠不 高于40%,"SODIUM BOROHYDRIDE AND SODIUM H YDROXIDE SOLUTION, with not more than 12% sodium borohydride and not more than 40% sodium hydroxide by mass",8,-,Ⅱ,-,1 L,E2,P001 IBC02,-,T7,TP2
3320,硼氢化钠和氢氧化钠溶 液，按质量含硼氢化钠不 高于12%，含氢氧化钠不 高于40%,"SODIUM BOROHYDRIDE AND SODIUM H YDROXIDE SOLUTION, with not more than 12% sodium borohydride and not more than 40% sodium hydroxide by mass",8,-,Ⅲ,223,5 L,E1,P001 IBC03 LP01,-,T4,TP2
3321,"放射性物质，低比活度 (LSA-Ⅱ),非易裂变或例 外的易裂变","RADIOACTIVE MATERIAL, LOW SPECIFIC ACTIVITY (LSA-Ⅱ), non fissile or fissile-excepted",7,-,-,172 317 325 336,0,E0,-,见《规章范本》2.7 和 4.1.9,,
3321,"放射性物质，低比活度 (LSA-Ⅱ),非易裂变或例 外的易裂变","RADIOACTIVE MATERIAL, LOW SPECIFIC ACTIVITY (LSA-Ⅱ), non fissile or fissile-excepted",7,-,-,172 317 325 336,0,E0,-,-,T5,TP4
3322,"放射性物质，低比活度 (LSA-Ⅲ),非易裂变或例 外的易裂变","RADIOACTIVE MATERIAL, LOW SPECIFIC ACTIVITY (LSA-Ⅲ), non fissile or fissile-excepted",7,-,-,172 317 325 336,0,E0,-,见《规章范本》2.7 和 4.1.9,T5,TP4
3322,"放射性物质，低比活度 (LSA-Ⅲ),非易裂变或例 外的易裂变","RADIOACTIVE MATERIAL, LOW SPECIFIC ACTIVITY (LSA-Ⅲ), non fissile or fissile-excepted",7,-,-,172 317 325 336,0,E0,-,-,T5,TP4
3323,放射性物质，C型包装件， 非易裂变或例外的易裂变,"RADIOACTIVE MATERIAL,TYPE C PACK AGE, non fissile or fissile-excepted",7,-,-,172 317 325,0,E0,见《规章范本》2.7 和4.1.9,-,T5,TP4
3324,"放射性物质，低比活度 (LSA-Ⅱ),易裂变","RADIOACTIVE MATERIAL, LOW SPECIFIC ACTIVITY(LSA-Ⅱ), FISSILE",7,-,-,172 326 336,0,E0,见《规章范本》2.7 和4.1.9,-,T5,TP4
3325,"放射性物质，低比活度 (LSA-Ⅲ),易裂变","RADIOACTIVE MATERIAL, LOW SPECIFIC ACTIVITY,(LSA-Ⅲ), FISSILE",7,-,-,172 326 336,0,E0,见《规章范本》2.7 和4.1.9,-,T5,TP4
3326,"放射性物质，表面污染物 体(SCO-I 或SCO-Ⅱ),易 裂变","RADIOACTIVE MATERIAL, SURF ACE CONTAMINATED OBJECTS (SCO-I or SCO- Ⅱ), FISSILE",7,-,-,172 336,0,E0,见《规章范本》2.7 和4.1.9,-,T5,TP4
3327,放射性物质，A型包装件， 易裂变，非特殊形式,"RADIOACTIVE MATERIAL, TYPE A PACKAGE, FISSILE, non-Special form",7,-,-,172 326,0,E0,见《规章范本》2.7 和4.1.9,,,
3328,放射性物质，B(U)型包装 件，易裂变,"RADIOACTIVE MATERIAL, TYPE B(U) PACKAGE, FISSILE",7,-,-,172 326 337,0,E0,见《规章范本》2.7 和4.1.9,,,
3329,放射性物质，B(M)型包装 件，易裂变,"RADIOACTIVE MATERIAL, TYPE B(M) PACK AGE, FISSILE",7,-,-,172 326 337,0,E0,见《规章范本》2.7 和4.1.9,,,
3330,放射性物质，C型包装件， 易裂变,"RADIOACTIVE MATERIAL, TYPE C PACKAGE, FISSILE",7,-,-,172 326,0,E0,见《规章范本》2.7 和4.1.9,,,
3331,放射性物质，按特殊安排 运输，易裂变,"RADIOACTIVE MATERIAL, TRANSPORTED UNDER SPECIAL ARRANGEMENT, FISSILE",7,-,-,172 326,0,E0,见《规章范本》2.7 和4.1.9,,,
3332,放射性物质，A型包装件， 特殊形式，非易裂变或例 外的易裂变,"RADIOACTIVE MATERIAL, TYPE A PACK AGE, SPECIALFORM, non fissile or fissile-excepted",7,-,-,172 317,0,E0,见《规章范本》2.7 和 4.1.9,,,
3333,放射性物质，A型包装件， 特殊形式，易裂变,"RADIOACTIVE MATERIAL, TYPE A PACK AGE, SPECIAL FORM, FISSILE",7,-,-,172,0,E0,见《规章范本》2.7 和4.1.9,,,
3334,空运受管制的液体，未另 作规定的,"AVIATION REGULATED LIQUID, N. O. S.",9,-,-,106 274 276,0,E1,见《规章范本》2.7 和4.1.9,--,,-
3335,空运受管制的固体，未另 作规定的,"AVIATION REGULATED SOLID, N. O. S.",9,-,-,106 274 276,0,E1,,-,-,-
3336,液态硫醇，易燃，未另作规 定的或液态硫醇混合物， 易燃，未另作规定的,"MERCAPTANS, LIQUID, FLAMMABLE, N. O. S. or MERCAPTAN MIXTURE, LIQUID, FLAMMABLE, N. O. S.",3,-,Ⅰ,274,0,E0,P001,-,T11,TP2
3336,液态硫醇，易燃，未另作规 定的或液态硫醇混合物， 易燃，未另作规定的,"MERCAPTANS, LIQUID, FLAMMABLE, N. O. S. or MERCAPTAN MIXTURE, LIQUID, FLAMMABLE, N. O. S.",3,-,Ⅱ,274,1 L,E2,P001 IBC02,-,T7,TP1 TP8 TP28
3336,液态硫醇，易燃，未另作规 定的或液态硫醇混合物， 易燃，未另作规定的,"MERCAPTANS, LIQUID, FLAMMABLE, N. O. S. or MERCAPTAN MIXTURE, LIQUID, FLAMMABLE, N. O. S.",3,-,Ⅲ,223 274,5 L,E1,P001 IBC03 LP01,-,T4,TP1 TP29
3337,制冷气体 R404A,REFRIGERANT GAS R404A,2.2,-,-,-,120 mL,E1,P200,-,T50,-
3338,制冷气体 R407A,REFRIGERANT GAS R407A,2.2,-,-,-,120 mL,E1,P200,-,T50,-
3339,制冷气体 R407B,REFRIGERANT GAS R407B,2.2,-,-,-,120 mL,E1,P200,-,T50,-
3340,制冷气体 R407C,REFRIGERANT GAS R407C,2.2,-,-,-,120 mL,E1,P200,-,T50,-
3341,二氧化硫脲,THIOUREA DIOXIDE,4.2,-,Ⅱ,-,0,E2,P002 IBC06,B2,T3,TP33
3341,二氧化硫脲,THIOUREA DIOXIDE,4.2,-,Ⅲ,223,0,E1,P002 IBC08 LP02,B3,T1,TP33
3342,黄原酸盐,XANTHATES,4.2,-,Ⅱ,-,0,E2,P002 IBC06,B2,T3,TP33
3342,黄原酸盐,XANTHATES,4.2,-,Ⅲ,223,0,E1,P002 IBC08 LP02,B3,T1,TP33
3343,液态硝化甘油混合物，减 敏的，易燃，未另作规定 的，按质量含硝化甘油不 超过30%,"NITROGLYCERIN MIXTURE, DESENSITIZED, LIQUID, FLAMMABLE, N. O. S. with not more than 30% nitroglycerin, by mass",3,-,-,28 274 278,0,E0,P099,-,-,-
3344,固态季戊四醇四硝酸酯 (季戊四醇四硝酸酯；季戊 炸药；太安)，减敏的，未另 作规定的，按质量含季戊 四硝酸酯不低于10%，但 不高于20%,"PENTAERYTHRITE TETRANITRATE (PENTAERYTHRITOL TETRANITRATE; PETN) MIXTURE, DESENSITIZED, SOLID, N. O. S. with more than 10% but not more than 20% PETN, by mass",4.1,-,Ⅱ,28 272 274,0,E0,P406,PP26 PP80,-,-
3345,固态苯氧基乙酸衍生物农 药，毒性,"PHENOXYACETIC ACID DERIVATIVE PESTICIDE, SOLID, TOXIC",6.1,-,Ⅰ,61 274,0,E5,P002 IBC07,B1,T6,TP33
3345,固态苯氧基乙酸衍生物农 药，毒性,"PHENOXYACETIC ACID DERIVATIVE PESTICIDE, SOLID, TOXIC",6.1,-,Ⅱ,⁶14,500 g,E4,P002 IBC08,"B2, B4",T3,TP33
3345,固态苯氧基乙酸衍生物农 药，毒性,"PHENOXYACETIC ACID DERIVATIVE PESTICIDE, SOLID, TOXIC",6.1,-,Ⅲ,61 223 274,5 kg,E1,P002 IBC08 LP02,B3,T1,TP33
3346,液态苯氧基乙酸衍生物农 药，易燃，毒性，闪点低于 23 ℃,"PHENOXYACETIC ACID DERIVATIVE PESTICIDE, LIQUID, FLAMMABLE, TOXIC, flash point less than 23 ℃",3,6.1,Ⅰ,61 274,0,E0,P001,-,T14,TP2 TP13 TP27
3346,液态苯氧基乙酸衍生物农 药，易燃，毒性，闪点低于 23 ℃,"PHENOXYACETIC ACID DERIVATIVE PESTICIDE, LIQUID, FLAMMABLE, TOXIC, flash point less than 23 ℃",3,6.1,Ⅱ,61 274,1 L,E2,P001 IBC02,-,T11,TP2 TP13 TP27
3347,液态苯氧基乙酸衍生物农 药，毒性，易燃，闪点不低 于23℃,"PHENOXYACETIC ACID DERIVATIVE PESTICIDE, LIQUID, TOXIC, FLAMMABLE, flash point not less than 23℃",6.1,3,Ⅰ,61 274,0,E5,P001,—,T14,TP2 TP13 TP27
3347,液态苯氧基乙酸衍生物农 药，毒性，易燃，闪点不低 于23℃,"PHENOXYACETIC ACID DERIVATIVE PESTICIDE, LIQUID, TOXIC, FLAMMABLE, flash point not less than 23℃",6.1,3,Ⅱ,61 274,100 mL,E4,P001 IBC02,—,T11,TP2 TP13 TP27
3347,液态苯氧基乙酸衍生物农 药，毒性，易燃，闪点不低 于23℃,"PHENOXYACETIC ACID DERIVATIVE PESTICIDE, LIQUID, TOXIC, FLAMMABLE, flash point not less than 23℃",6.1,3,Ⅲ,61 223 274,5 L,E1,P001 IBC03,—,T7,TP2 TP28
3348,液态苯氧基乙酸衍生物农 药，毒性,"PHENOXYACETIC ACID DERIVATIVE PESTICIDE, LIQUID, TOXIC",6.1,—,Ⅰ,⁶14,0,E5,P001,—,T14,TP2 TP13 TP27
3348,液态苯氧基乙酸衍生物农 药，毒性,"PHENOXYACETIC ACID DERIVATIVE PESTICIDE, LIQUID, TOXIC",6.1,—,Ⅱ,61 274,100 mL,E4,P001 IBC02,—,T11,TP2 TP27
3348,液态苯氧基乙酸衍生物农 药，毒性,"PHENOXYACETIC ACID DERIVATIVE PESTICIDE, LIQUID, TOXIC",6.1,—,Ⅲ,61 223 274,5 L,E1,P001 IBC03 LP01,—,T7,TP2 TP28
3349,固态拟除虫菊酯农药， 毒性,"PYRETHROID PESTICIDE,SOLID, TOXIC",6.1,—,Ⅰ,61 274,0,E5,P002 IBC07,B1,T6,TP33
3349,固态拟除虫菊酯农药， 毒性,"PYRETHROID PESTICIDE,SOLID, TOXIC",6.1,—,Ⅱ,61/24,500 g,E4,P002 IBC08,"B2, B4",T3,TP33
3349,固态拟除虫菊酯农药， 毒性,"PYRETHROID PESTICIDE,SOLID, TOXIC",6.1,—,Ⅲ,61 223 274,5 kg,E1,P002 IBC08 LP02,B3,T1,TP33
3350,液态拟除虫菊酯农药，易 燃，毒性，闪点低于23℃,"PYRETHROID PESTICIDE,LIQUID, FLAMMABLE, TOXIC, flash point less than 23℃",3,6.1,Ⅰ,61 274,0,E0,P001,—,T14,TP2 TP13 TP27
3350,液态拟除虫菊酯农药，易 燃，毒性，闪点低于23℃,"PYRETHROID PESTICIDE,LIQUID, FLAMMABLE, TOXIC, flash point less than 23℃",3,6.1,Ⅱ,61 274,1 L,E2,P001 IBC02,—,T11,TP2 TP13 TP27
3351,液态拟除虫菊酯农药，毒 性，易燃，闪点不低于23℃,"PYRETHROID PESTICIDE,LIQUID, TOXIC, FLAMMABLE, flash point not less than 23 ℃",6.1,3,Ⅰ,61 274,0,E5,P001,-,T14,TP2 TP13 TP27
3351,液态拟除虫菊酯农药，毒 性，易燃，闪点不低于23℃,"PYRETHROID PESTICIDE,LIQUID, TOXIC, FLAMMABLE, flash point not less than 23 ℃",6.1,3,Ⅱ,61 274,100 mL,E4,P001 IBC02,-,T11,TP2 TP13 TP27
3351,液态拟除虫菊酯农药，毒 性，易燃，闪点不低于23℃,"PYRETHROID PESTICIDE,LIQUID, TOXIC, FLAMMABLE, flash point not less than 23 ℃",6.1,3,Ⅲ,61 223 274,5 L,E1,P001 IBC03,-,T7,TP2 TP28
3352,液态拟除虫菊酯农药， 毒性,"PYRETHROID PESTICIDE, LIQUID, TOXIC",6.1,-,Ⅰ,61 274,0,E5,P001,-,T14,TP2 TP13 TP27
3352,液态拟除虫菊酯农药， 毒性,"PYRETHROID PESTICIDE, LIQUID, TOXIC",6.1,-,Ⅱ,61 274,100 mL,E4,P001 IBC02,-,T11,TP2 TP27
3352,液态拟除虫菊酯农药， 毒性,"PYRETHROID PESTICIDE, LIQUID, TOXIC",6.1,-,Ⅲ,61 223 274,5 L,E1,P001 IBC03 LP01,-,T7,TP2 TP28
3354,气体杀虫剂，易燃，未另作 规定的,"INSECTICIDE GAS, FLAMMABLE, N. O. S.",2.1,-,-,274,0,E0,P200,-,-,-
3355,气体杀虫剂，毒性，易燃， 未另作规定的,"INSECTICIDE GAS, TOXIC, FLAMMABLE, N. O. S.",2.3,2.1,-,274,0,E0,P200,-,-,-
3356,化学氧气发生器,"OXYGEN GENERATOR, CHEMICAL",5.1,-,-,284,0,E0,P500,-,-,-
3357,液态硝化甘油混合物，减 敏的，未另作规定的，按质 量含硝化甘油不高于 30%,"NITROGLYCERIN MIXTURE, DESENSITIZED, LIQUID, N. O. S. with not more than 30% nitroglycerin, by mass",3,-,Ⅱ,28 274 288,0,E0,P099,-,-,-
3358,制冷机，装有易燃无毒液 化气体,"REFRIGERATING MACHINES containing flammable, non-toxic, liquefied gas",2.1,-,-,291,0,E0,P003,PP32,-,-
3359,熏蒸过的货物运输装置,FUMIGATED CARGO TRANSPORT UNIT,9,-,-,302,0,E0,无,-,-,-
3360,植物纤维，干的,"FIBRES, VEGETABLE, DRY",4.1,-,-,29 123 299,0,E0,P003,PP19,-,-
3361,氯硅烷，毒性，腐蚀性，未 另作规定的,"CHLOROSILANES, TOXIC, CORROSIVE, N. O. S.",6.1,8,Ⅱ,274,0,E0,P010,-,T14,TP2 TP7 TP13 TP27
3362,氯硅烷，毒性，腐蚀性，易 燃，未另作规定的,"CHLOROSILANES, TOXIC, CORROSIVE, FLAMMABLE, N. O. S.",6.1,3 8,Ⅱ,274,0,E0,P010,-,T14,TP2 TP7 TP13 TP27
3363,物品中的危险货物，或机 器中的危险货物，或仪器 中的危险货物,DANGEROUS GOODS IN ARTICLES or DANGEROUS GOODS IN MACHINERY or DANGEROUS GOODS IN APPARATUS,9,-,-,301,0,E0,P907,-,-,-
3364,三硝基苯酚(苦味酸)，湿 的，按质量含水不低 于10%,"TRINITROPHENOL (PICRIC ACID), WETTED, with not less than 10% water by mass",4.1,-,Ⅰ,28,0,E0,P406,PP24,-,-
3365,三硝基氯苯(苦基氯)，湿 的，按质量含水不低 于10%,"TRINITROCHLORO-BENZENE(PICRYL CHLORIDE),WETTED, with not less than 10% water by mass",4.1,-,Ⅰ,28,0,E0,P406,PP24,-,-
3366,三硝基甲苯(梯恩梯)，湿 的，按质量含水不低 于10%,"TRINITROTOLUENE(TNT),WETTED, with not less than 10% water by mass",4.1,-,Ⅰ,28,0,E0,P406,PP24,-,-
3367,三硝基苯，湿的，按质量含 水不低于10%,"TRINITROBENZENE, WETTED, with not less than 10% water by mass",4.1,-,Ⅰ,28,0,E0,P406,PP24,-,-
3368,三硝基苯甲酸，湿的，按质 量含水不低于10%,"TRINITROBENZOIC ACID, WETTED, with not less than 10% water by mass",4.1,-,Ⅰ,28,0,E0,P406,PP24,-,-
3369,二硝基邻甲苯酚钠，湿的， 按质量含水不低于10%,"SODIUM DINITRO-o-CRESOLATE, WETTED, with not less than 10% water by mass",4.1,-,Ⅰ,28,0,E0,P406,PP24,-,-
3370,硝酸脲，湿的，按质量含水 不低于10%,"UREA NITRATE, WETTED, with not less than 10% water by mass",4.1,-,Ⅰ,28,0,E0,P406,PP78,-,-
3371,2-甲基丁醛,2-METHYLBUTANAL,3,-,Ⅱ,-,1 L,E2,P001 IBC02,-,T4,TP1
3373,B 类生物物质,"BIOLOGICAL SUBSTANCE, CATEGORY B",6.2,-,-,319 341,0,E0,P650,-,T1 BK1 BK2,TP1
3374,乙炔，无溶剂,"ACETYLENE, SOLVENT FREE",2.1,-,-,-,0,E0,P200,-,-,-
3375,硝酸铵乳胶，或悬浮体，或 凝胶，爆破炸药的中间体,"AMMONIUM NITRATE EMULSION or SUSPENSION or GEL, intermediate for blasting explosives",5.1,-,Ⅱ,309,0,E2,P505 IBC02,B16,T1,TP1 TP9 TP17 TP32
3376,4-硝基苯肼，按质量含水不 低于30%,"4-NITROPHENYL-HYDRAZINE, with not less than 30% water, by mass",4.1,-,Ⅰ,28,0,E0,P406,PP26,-,-
3377,过硼酸钠一水合物,SODIUM PERBORATE MONOHYDRATE,5.1,-,Ⅲ,-,5 kg,E1,P002 IBC08 LP02,B3,T1 BK1 BK2 BK3,TP33
3378,过氧碳酸钠,SODIUM CARBONATE PEROXYHYDRATE,5.1,-,Ⅱ,-,1 kg,E2,P002 IBC08,"B2, B4",T3 BK1 BK2,TP33
3378,过氧碳酸钠,SODIUM CARBONATE PEROXYHYDRATE,5.1,-,Ⅲ,-,5 kg,E1,P002 IBC08 LP02,B3,T1 BK1 BK2 BK3,TP33
3379,液态退敏爆炸物，未另作 规定的,"DESENSITIZED EXPLOSIVE, LIQUID, N. O. S.",3,-,Ⅰ,274 311,0,E0,P099,-,-,-
3380,固态退敏爆炸物，未另作 规定的,"DESENSITIZED EXPLOSIVE, SOLID, N. O. S.",4.1,-,Ⅰ,274 311 394,0,E0,P099,-,-,-
3381,"吸入毒性液体，未另作规 定的，LC₅₀低于或等于 200 mL/m³, 且饱和蒸汽 浓度高于或等于500 LC₅₀","TOXIC BY INHALATION LIQUID, N. O. S. with an LCsolower than or equal to 200 mL/m³ and saturated vapour concentration greater than or equal to 500 LC₅₀",6.1,-,Ⅰ,274,0,E0,P601,-,T22,TP2 TP13
3382,"吸入毒性液体，未另作规 定的，LC₃₀低于或等于 1000 mL/m³,且饱和蒸汽 浓度高于或等于10 LC₅₀","TOXIC BY INHALATION LIQUID, N. O. S. with an LC₅₀ lower than or equal to 1 000 mL/m³ and saturated vapour concentration greater than or equal to 10 LCso",6.1,-,Ⅰ,274,0,E0,P602,-,T20,TP2 TP13
3383,"吸入毒性液体，易燃，未另 作规定的，LCs₀低于或等 于200 mL/m³,且饱和蒸 汽浓度高于或等于 500 LCso","TOXIC BY INHALATION LIQUID, FLAMMABLE, N. O. S. with an LCso lower than or equal to 200 mL/m³ and saturated vapour concentration greater than or equal to 500 LCso",6.1,3,Ⅰ,274,0,E0,P601,-,T22,TP2 TP13
3384,"吸入毒性液体，易燃，未另 作规定的，LC₅₀低于或等 于1000 mL/m³,且饱和 蒸汽浓度高于或等于 10 LC₅₀","TOXIC BY INHALATION LIQUID, FLAMMABLE, N. O. S. with an LCso lower than or equal to 1 000 mL/m³ and saturated vapour concentration greater than or equal to 10 LCso",6.1,3,Ⅰ,274,0,E0,P602,-,T20,TP2 TP13
3385,"吸入毒性液体，遇水反应， 未另作规定的，LC₃₀低于 或等于200 mL/m³,且饱 和蒸汽浓度高于或等于 500 LCso","TOXIC BY INHALATION LIQUID, WATER- REACTIVE, N. O. S. with an LC₅₀ lower than or equal to 200 mL/m³ and saturated vapour concentration greater than or equal to 500 LC₅₀",6.1,4.3,Ⅰ,274,0,E5,P601,-,T22,TP2 TP13
3386,"吸入毒性液体，遇水反应， 未另作规定的，LC₅₀低于 或等于1000 mL/m³,且 饱和蒸汽浓度高于或等于 10 LC₅₀","TOXIC BY INHALATION LIQUID, W ATER- REACTIVE, N. O. S. with an LC₅。 lower than or equal to 1 000 mL/m³ and saturated vapour concentration greater than or equal to 10 LC50",6.1,4.3,Ⅰ,274,0,E0,P602,-,T20,TP2 TP13
3387,"吸入毒性液体，氧化性，未 另作规定的，LC₅₀低于或 等于 200 mL/m³,且饱和 蒸汽浓度高于或等于 500 LC₃₀","TOXIC BY INHALATION LIQUID, OXIDIZING, N. O. S. with an LC₅。 lower than or equal to 200 mL/m³ and saturated vapour concentration greater than or equal to 500 LCso",6.1,5.1,Ⅰ,274,0,E0,P601,-,T22,TP2 TP13
3388,"吸入毒性液体，氧化性，未 另作规定的，LC₅₀低于或 等于1000 mL/m³,且饱 和蒸汽浓度高于或等于 10 LC₅₀","TOXIC BY INHALATION LIQUID, OXIDIZING, N. O. S. with an LC₅₀ lower than or equal to 1 000 mL/m³ and saturated vapour concentration greater than or equal to 10 LCso",6.1,5.1,Ⅰ,274,0,E0,P602,-,T20,TP2 TP13
3389,"吸入毒性液体，腐蚀性，未 另作规定的，LC₅₀低于或 等于200 mL/m³,且饱和 蒸汽浓度高于或等于 500 LC₅₀","TOXIC BY INHALATION LIQUID, CORROSIVE, N. O. S. with an LCs。 lower than or equal to 200 mL/m³ and saturated vapour concentration greater than or equal to 500 LCso",6.1,8,Ⅰ,274,0,E0,P601,-,T22,TP2 TP13
3390,"吸入毒性液体，腐蚀性，未 另作规定的，LC₅₀低于或 等于1000 mL/m³,且饱 和蒸汽浓度高于或等于 10 LC₅₀","TOXIC BY INHALATION LIQUID, CORROSIVE, N. O. S. with an LCso lower than or equal to 1 000 mL/m³ and saturated vapour concentration greater than or equal to 10 LC50",6.1,8,Ⅰ,274,0,E0,P602,-,T20,TP2 TP13
3391,固态有机金属物质，发火,"ORGANOMETALLIC SUBSTANCE, SOLID,PYROPHORIC",4.2,—,Ⅰ,274,0,E0,P404,PP86,T21,TP7 TP33 TP36
3392,液态有机金属物质，发火,"ORGANOMETALLIC SUBSTANCE, LIQUID,PYROPHORIC",4.2,-,Ⅰ,274,0,E0,P400,PP86,T21,TP2 TP7 TP36
3393,固态有机金属物质，发火， 遇水反应,"ORGANOMETALLIC SUBSTANCE, SOLID, PYROPHORIC, W ATER-REACTIVE",4.2,4.3,Ⅰ,274,0,E0,P404,PP86,T21,TP7 TP33 TP36 TP41
3394,液态有机金属物质，发火， 遇水反应,"ORGANOMETALLIC SUBSTANCE, LIQUID, PYROPHORIC, W ATER-REACTIVE",4.2,4.3,Ⅰ,274,0,E0,P400,PP86,T21,TP2 TP7 TP36 TP41
3395,固态有机金属物质，遇水 反应,"ORGANOMETALLIC SUBSTANCE, SOLID, WATER-REACTIVE",4.3,-,Ⅰ,274,0,E0,P403,-,T9,TP7 TP33 TP36 TP41
3395,固态有机金属物质，遇水 反应,"ORGANOMETALLIC SUBSTANCE, SOLID, WATER-REACTIVE",4.3,-,Ⅱ,274,500 g,E2,P410 IBC04,-,T3,TP33 TP36 TP41
3395,固态有机金属物质，遇水 反应,"ORGANOMETALLIC SUBSTANCE, SOLID, WATER-REACTIVE",4.3,-,Ⅲ,223 274,1 kg,E1,P410 IBC06,-,T1,TP33 TP36 TP41
3396,固态有机金属物质，遇水 反应，易燃,"ORGANOMETALLIC SUBSTANCE, SOLID, WATER-REACTIVE, FLAMMABLE",4.3,4.1,Ⅰ,274,0,E0,P403,-,T9,TP7 TP33 TP36 TP41
3396,固态有机金属物质，遇水 反应，易燃,"ORGANOMETALLIC SUBSTANCE, SOLID, WATER-REACTIVE, FLAMMABLE",4.3,4.1,Ⅱ,274,500 g,E2,P410 IBC04,-,T3,TP33 TP36 TP41
3396,固态有机金属物质，遇水 反应，易燃,"ORGANOMETALLIC SUBSTANCE, SOLID, WATER-REACTIVE, FLAMMABLE",4.3,4.1,Ⅲ,223 274,1 kg,E1,P410 IBC06,-,T1,TP33 TP36 TP41
3397,固态有机金属物质，遇水 反应，自热性,"ORGANOMETALLIC SUBSTANCE, SOLID, WATER-REACTIVE, SELF-HEATING",4.3,4.2,Ⅰ,274,0,E0,P403,-,T9,TP7 TP33 TP36 TP41
3397,固态有机金属物质，遇水 反应，自热性,"ORGANOMETALLIC SUBSTANCE, SOLID, WATER-REACTIVE, SELF-HEATING",4.3,4.2,Ⅱ,274,500 g,E2,P410 IBC04,-,T3,TP33 TP36 TP41
3397,固态有机金属物质，遇水 反应，自热性,"ORGANOMETALLIC SUBSTANCE, SOLID, WATER-REACTIVE, SELF-HEATING",4.3,4.2,Ⅲ,223 274,1 kg,E1,P410 IBC06,-,T1,TP33 TP36 TP41
3398,液态有机金属物质，遇水 反应,"ORGANOMETALLIC SUBSTANCE, LIQUID, WATER-REACTIVE",4.3,-,Ⅰ,274,0,E0,P402,-,T13,TP2 TP7 TP36 TP41
3398,液态有机金属物质，遇水 反应,"ORGANOMETALLIC SUBSTANCE, LIQUID, WATER-REACTIVE",4.3,-,Ⅱ,274,500 mL,E2,P001 IBC01,-,T7,TP2 TP7 TP36 TP41
3398,液态有机金属物质，遇水 反应,"ORGANOMETALLIC SUBSTANCE, LIQUID, WATER-REACTIVE",4.3,-,Ⅲ,223 274,1 L,E1,P001 IBC02,-,T7,TP2 TP7 TP36 TP41
3399,液态有机金属物质，遇水 反应，易燃,"ORGANOMETALLIC SUBSTANCE, LIQUID, WATER-REACTIVE, FLAMMABLE",4.3,3,Ⅰ,274,0,E0,P402,-,T13,TP2 TP7 TP36 TP41
3399,液态有机金属物质，遇水 反应，易燃,"ORGANOMETALLIC SUBSTANCE, LIQUID, WATER-REACTIVE, FLAMMABLE",4.3,3,Ⅱ,274,500 mL,E2,P001 IBC01,-,T7,TP2 TP7 TP36 TP41
3399,液态有机金属物质，遇水 反应，易燃,"ORGANOMETALLIC SUBSTANCE, LIQUID, WATER-REACTIVE, FLAMMABLE",4.3,3,Ⅲ,223 274,1 L,E1,P001 IBC02,-,T7,TP2 TP7 TP36 TP41
3400,固态有机金属物质，自 热性,"ORGANOMETALLIC SUBSTANCE, SOLID, SELF-HEATING",4.2,-,Ⅱ,274,500 g,E2,P410 IBC06,-,T3,TP33 TP36
3400,固态有机金属物质，自 热性,"ORGANOMETALLIC SUBSTANCE, SOLID, SELF-HEATING",4.2,-,Ⅲ,223 274,1 kg,E1,P002 IBC08,-,T1,TP33 TP36
3401,固态碱金属汞齐,"ALKALI METAL AMALGAM, SOLID",4.3,-,Ⅰ,182,0,E0,P403,-,T9,TP7 TP33
3402,固态碱土金属汞齐,"ALKALINE EARTH METAL AMALGAM,SOLID",4.3,-,Ⅰ,183,0,E0,P403,-,T9,TP7 TP33
3403,固态钾金属合金,"POTASSIUM METAL ALLOYS, SOLID",4.3,-,Ⅰ,-,0,E0,P403,-,T9,TP7 TP33
3404,固态钾钠合金,"POTASSIUM SODIUM ALLOYS, SOLID",4.3,-,Ⅰ,-,0,E0,P403,-,T9,TP7 TP33
3405,氯酸钡溶液,BARIUM CHLORATE SOLUTION,5.1,6.1,Ⅱ,-,1 L,E2,P504 IBC02,-,T4,TP1
3405,氯酸钡溶液,BARIUM CHLORATE SOLUTION,5.1,6.1,Ⅲ,223,5 L,E1,P001 IBC02,-,T4,TP1
3406,高氯酸钡溶液,BARIUM PERCHLORATE SOLUTION,5.1,6.1,Ⅱ,-,1 L,E2,P504 IBC02,-,T4,TP1
3406,高氯酸钡溶液,BARIUM PERCHLORATE SOLUTION,5.1,6.1,Ⅲ,223,5 L,E1,P001 IBC02,-,T4,TP1
3407,氯酸盐和氯化镁混合物 溶液,CHLORATE AND MAGNESIUMCHLORIDE MIXTURESOLUTION,5.1,-,Ⅱ,-,1 L,E2,P504 IBC02,-,T4,TP1
3407,氯酸盐和氯化镁混合物 溶液,CHLORATE AND MAGNESIUMCHLORIDE MIXTURESOLUTION,5.1,-,Ⅲ,223,5 L,E1,P504 IBC02,-,T4,TP1
3408,高氯酸铅溶液,LEAD PERCHLORATE SOLUTION,5.1,6.1,Ⅱ,-,1 L,E2,P504 IBC02,-,T4,TP1
3408,高氯酸铅溶液,LEAD PERCHLORATE SOLUTION,5.1,6.1,Ⅲ,223,5 L,E1,P001 IBC02,-,T4,TP1
3409,液态硝基氯苯,"CHLORONITROBENZENES, LIQUID",6.1,-,Ⅱ,279,100 mL,E4,P001 IBC02,-,T7,TP2
3410,4-氯邻甲苯胺盐酸盐溶液,4-CHLORO-o-TOLUIDINE HYDROCHLORIDE SOLUTION,6.1,-,Ⅲ,223,5 L,E1,P001 IBC03,-,T4,TP1
3411,β-萘胺溶液,beta-NAPHTH YLAMINE SOLUTION,6.1,-,Ⅱ,-,100 mL,E4,P001 IBC02,-,T7,TP2
3411,β-萘胺溶液,beta-NAPHTH YLAMINE SOLUTION,6.1,-,Ⅲ,223,5 L,E1,P001 IBC02,-,T7,TP2
3412,"甲酸，按质量含酸不低于 10%,但不高于 85%",FORMIC ACID with not less than 10% but not more than 85% acid by mass,8,-,Ⅱ,-,1 L,E2,P001 IBC02,-,T7,TP2
3412,"甲酸，按质量含酸不低于 5%,但低于10%",FORMIC ACID with not less than 5% but less than 10% acid by mass,8,-,Ⅲ,-,5 L,E1,P001 IBC03 LP01,-,T4,TP1
3413,氰化钾溶液,POTASSIUM CYANIDE SOLUTION,6.1,-,Ⅰ,-,0,E5,P001,-,T14,TP2 TP13
3413,氰化钾溶液,POTASSIUM CYANIDE SOLUTION,6.1,-,Ⅱ,-,100 mL,E4,P001 IBC02,-,T11,TP2 TP13 TP27
3413,氰化钾溶液,POTASSIUM CYANIDE SOLUTION,6.1,-,Ⅲ,223,5 L,E1,P001 IBC03 LP01,-,T7,TP2 TP13 TP28
3414,氰化钠溶液,SODIUM CYANIDE SOLUTION,6.1,-,Ⅰ,-,0,E5,P001,-,T14,TP2 TP13
3414,氰化钠溶液,SODIUM CYANIDE SOLUTION,6.1,-,Ⅱ,-,100 mL,E4,P001 IBC02,-,T11,TP2 TP13 TP27
3414,氰化钠溶液,SODIUM CYANIDE SOLUTION,6.1,-,Ⅲ,223,5 L,E1,P001 IBC03 LP01,-,T7,TP2 TP13 TP28
3415,氟化钠溶液,SODIUM FLUORIDE SOLUTION,6.1,-,Ⅲ,223,5 L,E1,P001 IBC03 LP01,-,T4,TP1
3416,液态氯乙酰苯,"CHLOROACETOPHENONE, LIQUID",6.1,-,Ⅱ,-,0,E0,P001 IBC02,-,T7,TP2 TP13
3417,固态甲苄基溴,"XYLYL BROMIDE, SOLID",6.1,-,Ⅱ,-,0,E4,P002 IBC08,"B2, B4",T3,FP33
3418,2，4-甲苯二胺溶液,"2,4-TOLUYLENEDIAMINE SOLUTION",6.1,-,Ⅲ,223,5 L,E1,P001 IBC03 LP01,-,T4,TP1
3419,固态三氟化硼合乙酸,"BORON TRIFLUORIDE ACETIC ACID COMPLEX,SOLID",8,-,Ⅱ,-,1 kg,E2,P002 IBC08,"B2, B4",T3,TP33
3420,固态三氟化硼合丙酸,"BORON TRIFLUORIDE PROPIONIC ACID COMPLEX, SOLID",8,-,Ⅱ,-,1 kg,E2,P002 IBC08,"B2, B4",T3,TP33
3421,二氟化氢钾溶液,POTASSIUM HYDROGEN DIFLUORIDE SOLUTION,8,6.1,Ⅱ,-,1 L,E2,P001 IBC02,-,T7,TP2
3421,二氟化氢钾溶液,POTASSIUM HYDROGEN DIFLUORIDE SOLUTION,8,6.1,Ⅲ,223,5 L,E1,P001 IBC03,-,T4,TP1
3422,氟化钾溶液,POTASSIUM FLUORIDE SOLUTION,6.1,-,Ⅲ,223,5 L,E1,P001 IBC03 LP01,-,T4,TP1
3423,固态氢氧化四甲铵,"TETRAMETHYLAMMONIUM HYDROXIDE, SOLID",6.1,8,Ⅰ,279 409,0,E5,P002 IBC99,-,T6,TP33
3424,二硝基邻甲酚铵溶液,"AMMONIUM DINITRO-o-CRESOLATE, SOLUTION",6.1,-,Ⅱ,-,100 mL,E4,P001 IBC02,-,T7,TP2
3424,二硝基邻甲酚铵溶液,"AMMONIUM DINITRO-o-CRESOLATE, SOLUTION",6.1,-,Ⅲ,223,5 L,E1,P001 IBC02,-,T7,TP2
3425,固态溴乙酸,"BROMOACETIC ACID, SOLID",8,-,Ⅱ,-,1 kg,E2,P002 IBC08,"B2, B4",T3,TP33
3426,丙烯酰胺溶液,ACRYLAMIDE SOLUTION,6.1,-,Ⅲ,223,5 L,E1,P001 IBC03 LP01,-,T4,TP1
3427,固态氯苯甲基氯,"CHLOROBENZYL CHLORIDES, SOLID",6.1,-,Ⅲ,-,5 kg,E1,P002 IBC08 LP02,B3,T1,TP33
3428,固态异氰酸3-氯-4-甲基 苯酯,"3-CHLORO-4-METHYLPHENYLISOCYANATE, SOLID",6.1,-,Ⅱ,-,500 g,E4,P002 IBC08,"B2, B4",T3,TP33
3429,液态甲基氯苯胺,"CHLOROTOLUIDINES, LIQUID",6.1,-,Ⅲ,-,5 L,E1,P001 IBC03 LP01,-,T4,TP1
3430,液态二甲苯酚,"XYLENOLS, LIQUID",6.1,-,Ⅱ,-,100 mL,E4,P001 IBC02,-,T7,TP2
3431,固态硝基三氟甲苯,"NITROBENZOTRIFLUORIDES, SOLID",6.1,-,Ⅱ,-,500 g,E4,P002 IBC08,"B2, B4",T3,TP33
3432,固态多氯联苯,"POLYCHLORINATED BIPHENYLS, SOLID",9,-,Ⅱ,305,1 kg,E2,P906 IBC08,"B2, B4",T3,TP33
3434,液态硝基甲苯酚,"NITROCRESOLS, LIQUID",6.1,-,Ⅲ,-,5 L,E1,P001 IBC03 LP01,-,T4,TP1
3436,固态水合六氟丙酮,"HEXAFLUOROACETONE HYDRATE, SOLID",6.1,-,Ⅱ,-,500 g,E4,P002 IBC08,"B2, B4",T3,TP33
3437,固态氯甲酚,"CHLOROCRESOLS, SOLID",6.1,-,Ⅱ,-,500 g,E4,P002 IBC08,"B2, B4",T3,FP33
3438,固态α-甲基苄基醇,"alpha-METHYLBENZYL ALCOHOL, SOLID",6.1,-,Ⅲ,-,5 kg,E1,P002 IBC08 LP02,B3,T1,TP33
3439,固态腈类，毒性，未另作规 定的,"NITRILES, TOXIC, SOLID, N. O. S.",6.1,-,Ⅰ,274,0,E5,P002 IBC07,B1,T6,TP33
3439,固态腈类，毒性，未另作规 定的,"NITRILES, TOXIC, SOLID, N. O. S.",6.1,-,Ⅱ,274,500 g,E4,P002 IBC08,"B2, B4",T3,TP33
3439,固态腈类，毒性，未另作规 定的,"NITRILES, TOXIC, SOLID, N. O. S.",6.1,-,Ⅲ,223 274,5 kg,E1,P002 IBC08 LP02,B3,T1,TP33
3440,液态硒化合物，未另作规 定的,"SELENIUM COMPOUND,LIQUID, N. O. S.",6.1,-,Ⅰ,274,0,E5,P001,-,T14,TP2 TP27
3440,液态硒化合物，未另作规 定的,"SELENIUM COMPOUND,LIQUID, N. O. S.",6.1,-,Ⅱ,274,100 mL,E4,P001 IBC02,-,T11,TP2 TP27
3440,液态硒化合物，未另作规 定的,"SELENIUM COMPOUND,LIQUID, N. O. S.",6.1,-,Ⅲ,223 274,5 L,E1,P001 IBC03,-,T7,TP1 TP28
3441,固态二硝基氯苯,"CHLORODINITROBENZENES, SOLID",6.1,-,Ⅱ,279,500 g,E4,P002 IBC08,"B2, B4",T3,TP33
3442,固态二氯苯胺,"DICHLOROANILINES, SOLID",6.1,-,Ⅱ,279,500 g,E4,P002 IBC08,"B2, B4",T3,TP33
3443,固态二硝基苯,"DINITROBENZENES, SOLID",6.1,-,Ⅱ,-,500 g,E4,P002 IBC08,"B2, B4",T3,TP33
3444,固态盐酸烟碱,"NICOTINE HYDROCHLORIDE,SOLID",6.1,-,Ⅱ,43,500 g,E4,P002 IBC08,"B2, B4",T3,TP33
3445,固态硫酸烟碱,"NICOTINE SULPHATE, SOLID",6.1,-,Ⅱ,-,500 g,E4,P002 IBC08,"B2, B4",T3,TP33
3446,固态硝基甲苯,"NITROTOLUENES, SOLID",6.1,-,Ⅱ,-,500 g,E4,P002 IBC08,"B2, B4",T3,TP33
3447,固态硝基二甲苯,"NITROXYLENES, SOLID",6.1,-,Ⅱ,-,500 g,E4,P002 IBC08,"B2, B4",T3,TP33
3448,固态催泪性毒气物质，未 另作规定的,"TEAR GAS SUBSTANCE, SOLID, N. O. S.",6.1,-,Ⅰ,274,0,E0,P002,-,T6,FP33
3448,固态催泪性毒气物质，未 另作规定的,"TEAR GAS SUBSTANCE, SOLID, N. O. S.",6.1,-,Ⅱ,274,0,E0,P002 IBC08,"B2, B4",T3,TP33
3449,固态溴苄基氰,"BROMOBENZYL CYANIDES, SOLID",6.1,-,Ⅰ,138,0,E5,P002,-,T6,TP33
3450,固态二苯氯胂,"DIPHENYLCHLOROARSINE, SOLID",6.1,-,Ⅰ,-,0,E0,P002 IBC07,B1,T6,TP33
3451,固态甲苯胺,"TOLUIDINES, SOLID",6.1,-,Ⅱ,279,500 g,E4,P002 IBC08,"B2, B4",T3,TP33
3452,固态二甲基苯胺,"XYLIDINES, SOLID",6.1,-,Ⅱ,-,500 g,E4,P002 BC08,"B2, B4",T3,TP33
3453,固态磷酸,"PHOSPHORIC ACID, SOLID",8,-,Ⅲ,-,5 kg,E1,P002 IBC08 LP02,B3,T1,TP33
3454,固态二硝基甲苯,"DINITROTOLUENES, SOLID",6.1,-,Ⅱ,-,500 g,E4,P002 IBC08,"B2, B4",T3,TP33
3455,固态甲酚,"CRESOLS, SOLID",6.1,8,Ⅱ,-,500 g,E4,P002 IBC08,"B2, B4",T3,TP33
3456,固态亚硝基硫酸,"NITROSYLSULPHURIC ACID, SOLID",8,-,Ⅱ,-,1 kg,E2,P002 IBC08,"B2, B4",T3,TP33
3457,固态硝基氯甲苯,"CHLORONITROTOLUENES, SOLID",6.1,-,Ⅲ,-,5 kg,E1,P002 IBC08 LP02,B3,T1,TP33
3458,固态硝基茴香醚,"NITROANISOLES, SOLID",6.1,-,Ⅲ,279,5 kg,E1,P002 IBC08 LP02,B3,T1,TP33
3459,固态硝基溴苯,"NITROBROMOBENZENES, SOLID",6.1,-,Ⅲ,-,5 kg,E1,P002 IBC08 LP02,B3,T1,TP33
3460,固态 N-乙苄基甲苯胺,"N-ETHYLBENZYLTOLUIDINES, SOLID",6.1,-,Ⅲ,-,5 kg,E1,P002 IBC08 LP02,B3,T1,TP33
3462,固态毒素，从生物体提取， 未另作规定的,"TOXINS, EXTRACTED FROM LIVING SOURCES, SOLID, N. O. S.",6.1,-,Ⅰ,210 274,0,E5,P002 IBC07,B1,T6,TP33
3462,固态毒素，从生物体提取， 未另作规定的,"TOXINS, EXTRACTED FROM LIVING SOURCES, SOLID, N. O. S.",6.1,-,Ⅱ,210 274,500 g,E4,P002 IBC08,"B2, B4",T3,TP33
3462,固态毒素，从生物体提取， 未另作规定的,"TOXINS, EXTRACTED FROM LIVING SOURCES, SOLID, N. O. S.",6.1,-,Ⅲ,210 223 274,5 kg,E1,P002 IBC08,B3,T1,TP33
3463,丙酸，按质量含酸不低 于 90%,PROPIONIC ACID with not less than 90% acid by mass,8,3,Ⅱ,-,1 L,E2,P001 IBC02,-,T7,TP2
3464,固态有机磷化合物，毒性， 未另作规定的,"ORGANOPHOSPHORUS COMPOUND, TOXIC, SOLID, N. O. S.",6.1,-,Ⅰ,43 274,0,E5,P002 IBC07,B1,T6,TP33
3464,固态有机磷化合物，毒性， 未另作规定的,"ORGANOPHOSPHORUS COMPOUND, TOXIC, SOLID, N. O. S.",6.1,-,Ⅱ,43 274,500 g,E4,P002 IBC08,"B2, B4",T3,TP33
3464,固态有机磷化合物，毒性， 未另作规定的,"ORGANOPHOSPHORUS COMPOUND, TOXIC, SOLID, N. O. S.",6.1,-,Ⅲ,43 223 274,5 kg,E1,P002 IBC08 LP02,B3,T1,TP33
3465,固态有机砷化合物，未另 作规定的,"ORGANOARSENIC COMPOUND, SOLID, N. O. S.",6.1,-,Ⅰ,274,0,E5,P002 IBC07,B1,T6,TP33
3465,固态有机砷化合物，未另 作规定的,"ORGANOARSENIC COMPOUND, SOLID, N. O. S.",6.1,-,Ⅱ,274,500 g,E4,P002 IBC08,"B2, B4",T3,TP33
3465,固态有机砷化合物，未另 作规定的,"ORGANOARSENIC COMPOUND, SOLID, N. O. S.",6.1,-,Ⅲ,223 274,5 kg,E1,P002 IBC08 LP02,B3,T1,TP33
3466,固态羰基金属，未另作规 定的,"METAL CARBONYLS, SOLID, N. O. S.",6.1,-,Ⅰ,274,0,E5,P002 IBC07,B1,T6,TP33
3466,固态羰基金属，未另作规 定的,"METAL CARBONYLS, SOLID, N. O. S.",6.1,-,Ⅱ,274,500 g,E4,P002 IBC08,"B2, B4",T3,TP33
3466,固态羰基金属，未另作规 定的,"METAL CARBONYLS, SOLID, N. O. S.",6.1,-,Ⅲ,223 274,5 kg,E1,P002 IBC08 LP02,B3,T1,TP33
3467,固态有机金属化合物，毒 性，未另作规定的,"ORGANOMETALLIC COMPOUND, TOXIC, SOLID, N. O. S.",6.1,-,Ⅰ,274,0,E5,P002 IBC07,B1,T6,TP33
3467,固态有机金属化合物，毒 性，未另作规定的,"ORGANOMETALLIC COMPOUND, TOXIC, SOLID, N. O. S.",6.1,-,Ⅱ,274,500 g,E4,P002 IBC08,"B2, B4",T3,TP33
3467,固态有机金属化合物，毒 性，未另作规定的,"ORGANOMETALLIC COMPOUND, TOXIC, SOLID, N. O. S.",6.1,-,Ⅲ,223 274,5 kg,E1,P002 IBC08 LP02,B3,T1,TP33
3468,金属氢化物储存系统中的 氢，或装在设备上的金属 氢储存系统所含的氢，或 与设备包装在一起的金属 氢储存系统所含的氢,HYDROGEN IN A METAL HYDRIDE STORAGE SYSTEM or HYDROGEN IN A METALHYDRIDE STORAGE SYSTEM CONTAINED IN EQUIPMENT or HYDROGEN IN A METALHYDRIDE STORAGE SYSTEMPACKED WITH EQUIPMENT,2.1,-,-,321 356,0,E0,P205,-,-,-
3469,涂料、易燃、腐蚀性(包括 色漆、喷漆、搪瓷、着色剂、 虫胶、清漆、抛光剂、液态 填料和液态喷漆基料)或 涂料相关材料，易燃，腐蚀 性(包括涂料稀释剂或冲 淡剂),"PAINT, FLAMMABLE, CORROSIVE (including paint, lacquer, enamel, stain, shellac, varnish, polish, liquid filler and liquid lacquer base) or PAINTRELATED MATERIAL, FLAMMABLE, CORROSIVE(including paint thinning or reducing compound)",3,8,Ⅰ,163 367,0,E0,P001,—,T11,TP2 TP27
3469,涂料、易燃、腐蚀性(包括 色漆、喷漆、搪瓷、着色剂、 虫胶、清漆、抛光剂、液态 填料和液态喷漆基料)或 涂料相关材料，易燃，腐蚀 性(包括涂料稀释剂或冲 淡剂),"PAINT, FLAMMABLE, CORROSIVE (including paint, lacquer, enamel, stain, shellac, varnish, polish, liquid filler and liquid lacquer base) or PAINTRELATED MATERIAL, FLAMMABLE, CORROSIVE(including paint thinning or reducing compound)",3,8,Ⅱ,163 367,1 L,E2,P001 IBC02,—,T7,TP2 TP8 TP28
3469,涂料、易燃、腐蚀性(包括 色漆、喷漆、搪瓷、着色剂、 虫胶、清漆、抛光剂、液态 填料和液态喷漆基料)或 涂料相关材料，易燃，腐蚀 性(包括涂料稀释剂或冲 淡剂),"PAINT, FLAMMABLE, CORROSIVE (including paint, lacquer, enamel, stain, shellac, varnish, polish, liquid filler and liquid lacquer base) or PAINTRELATED MATERIAL, FLAMMABLE, CORROSIVE(including paint thinning or reducing compound)",3,8,Ⅲ,163 223 367,5 L,E1,P001 IBC03,—,T4,TP1 TP29
3470,涂料、腐蚀性、易燃(包括 色漆、喷漆、搪瓷、着色剂、 虫胶、清漆、抛光剂、液态 填料和液态喷漆基料)或 涂料相关材料、腐蚀性、易 燃(包括涂料稀释剂或冲 淡剂),"PAINT, CORROSIVE, FLAMMABLE (including paint, lacquer, enamel, stain, shellac, varnish, polish, liquid filler and liquid lacquer base) or PAINTRELATED MATERIALCORROSIVE, FLAMMABLE (including paint thinning or reducing compound)",8,3,Ⅱ,163 367,1 L,E2,P001 IBC02,—,T7,TP2 TP8 TP28
3471,二氟氢化物溶液，未另作 规定的,"HYDROGENDIFLUORIDES SOLUTION, N. O. S.",8,6.1,Ⅱ,—,1 L,E2,P001 IBC02,—,T7,TP2
3471,二氟氢化物溶液，未另作 规定的,"HYDROGENDIFLUORIDES SOLUTION, N. O. S.",8,6.1,Ⅲ,223,5 L,E1,P001 IBC03,—,T4,TP1
3472,液态丁烯酸,"CROTONIC ACID, LIQUID",8,-,Ⅲ,-,5 L,E1,P001 IBC03 LP01,-,T4,TP1
3473,燃料电池盒，或装在设备 中的燃料电池盒，或与设 备包装在一起的燃料电池 盒，含易燃液体,"FUEL CELL CARTRIDGES or FUEL CELL CARTRIDGES CONTAINED IN EQUIPMENT or FUEL CELL CARTRIDGES PACKED WITH EQUIPMENT, containing flammable liquids",3,-,-,328,1 L,E0,P004,-,-,-
3474,1-羟基苯并三唑一水合物,"1-HYDROXYBENZOTRIAZOLE, MONOHYDRATE",4.1,-,Ⅰ,-,0,E0,P406,PP48,-,-
3475,乙醇和汽油混合物，乙醇 含量高于10%,"ETHANOL AND GASOLINE MIXTURE or ETHANOL AND MOTOR SPIRIT MIXTURE or ETHANOL AND PETROL MIXTURE, with more than 10% ethanol",3,-,Ⅱ,333,1 L,E2,P001 IBC02,-,T4,TP1
3476,燃料电池盒，或装在设备 中的燃料电池盒，或与设 备包装在一起的燃料电池 盒，含遇水反应物质,"FUEL CELL CARTRIDGES or FUEL CELL CARTRIDGES CONTAINED IN EQUIPMENT or FUEL CELL CARTRIDGES PACKED WITH EQUIPMENT, containing water- reactive substances",4.3,-,-,328 334,500 mL 或 500 g,E0,P004,-,-,-
3477,燃料电池盒，或装在设备 中的燃料电池盒，或与设 备包装在一起的燃料电池 盒，含腐蚀性物质,"FUEL CELL CARTRIDGES or FUEL CELL CARTRIDGES CONTAINED IN EQUIPMENT or FUEL CELL CARTRIDGES PACKED WITH EQUIPMENT, containing corrosive substances",8,-,-,328 334,1 L 或 1 kg,E0,P004,-,-,-
3478,燃料电池盒，或装在设备 中的燃料电池盒，或与设 备包装在一起的燃料电池 盒，含液化可燃气体,"FUEL CELL CARTRIDGES or FUEL CELL CARTRIDGES CONTAINED IN EQUIPMENT or FUEL CELL CARTRIDGES PACKED WITH EQUIPMENT, containing liquefied flammable gas",2.1,-,-,328 338,120 mL,E0,P004,-,-,-
3479,燃料电池盒，或装在设备 中的燃料电池盒，或与设 备包装在一起的燃料电池 盒，含在金属氢中贮存 的氢,"FUEL CELL CARTRIDGES or FUEL CELL CARTRIDGES CONTAINED IN EQUIPMENT or FUEL CELL CARTRIDGES PACKED WITH EQUIPMENT, containing hydrogen in metal hydride",2.1,-,-,328 339,120 mL,E0,P004,-,-,-
3480,锂离子电池(包括锂离子 聚合物电池),LITHIUM ION BATTERIES (including lithium ion polymer batteries),9,-,-,188 230 310 348 376 377 384 387,0,E0,P903 P908 P909 P910 P911 LP903 LP904 LP905 LP906,-,-,-
3481,包含在设备中的锂离子电 池或与设备包装在一起的 锂离子电池(包括锂离子 聚合物电池),LITHIUM ION BATTERIES CONTAINED IN EQUIPMENTor LITHIUM ION BATTERIES PACKED WITH EQUIPMENT (including lithium ion polymer batteries),9,-,-,188 230 310 348 360 376 377 384 387 390,0,E0,P903 P908 P909 P910 P911 LP903 LP904 LP905 LP906,-,-,-
3482,碱金属分散体，易燃，或碱 土金属分散体，易燃,"ALK ALI MEAL DISPERSION, FLAMMABLE or ALK ALINE EARTH METAL DISPERSION, FLAMMABLE",4.3,3,Ⅰ,182 183,0,E0,P402,-,T13,TP2 TP7 TP42
3483,发动机燃料抗爆剂，易燃,"MOTOR FUEL ANTI-KNOCK MIXTURE, FLAMMABLE",6.1,3,Ⅰ,-,0,E0,P602,-,T14,TP2 TP13
3484,肼水溶液，易燃，按质量含 肼高于37%,"HYDRAZINE AQUEOUS SOLUTION, FLAMMABLE with more than 37% hydrazine, by mass",8,3 6.1,Ⅰ,-,0,E0,P001,-,T10,TP2 TP13
3485,次氯酸钙，干的，腐蚀性， 或次氯酸钙混合物，干的， 腐蚀性，含有效氯高于 39%(有效氧8.8%),"CALCIUM HYPOCHLORITE, DRY, CORROSIVE or CALCTUM HYPOCHLORITE MIXTURE, DRY, CORROSIVE with more than 39% availble chlorine(8.8% availble oxygen)",5.1,8,Ⅱ,314,1 kg,E2,P002 IBC08,"PP85 B2, B4, B13",-,-
3486,"次氯酸钙混合物，干的，腐 蚀性，含有效氯不低于 10%,但不高于39%","CALCIUM HYPOCHLORITE MIXTURE, DRY, CORROSIVE with more than 10% but not more than 39% availble chlorine",5.1,8,Ⅲ,314,5 kg,E1,P002 IBC08 LP02,"PP85 B3, B13 L3",-,-
3487,水合次氯酸钙，腐蚀性，或 水合次氯酸钙混合物，腐 蚀性，含水不低于5.5%， 但不高于16%,"CALCIUM HYPOCHLORITE, HYDRATED, CORROSIVE or CALCIUM HYPOCHLORITE, HYDRATED MIXTURE, CORROSIVE with not less than 5.5% but not more than 16% water",5.1,8,Ⅱ,314 322,1 kg,E2,P002 IBC08,"PP85 B2, B4, B13",-,-
3487,水合次氯酸钙，腐蚀性，或 水合次氯酸钙混合物，腐 蚀性，含水不低于5.5%， 但不高于16%,"CALCIUM HYPOCHLORITE, HYDRATED, CORROSIVE or CALCIUM HYPOCHLORITE, HYDRATED MIXTURE, CORROSIVE with not less than 5.5% but not more than 16% water",5.1,8,Ⅲ,223 314,5 kg,E1,P002 IBC08,"PP85 B4, B13",-,-
3488,"吸入毒性液体，易燃，腐蚀 性，未另作规定的，吸入毒 性低于或等于200 mL/m³, 且饱和蒸汽浓度大于或等 于500 LC₅₀","TOXIC BY INHALATION LIQUID, FLAMMABLE, CORROSIVE, N. O. S. with an LCsolower than or equal to 200 mL/m³ and saturated vapour concentration greater than or equal to 500 LCs₀",6.1,3 8,Ⅰ,274,0,E0,P601,-,T22,TP2 TP13
3489,"吸入毒性液体，易燃，腐蚀 性，未另作规定的，LC₅₀低 于或等于 1 000 mL/m³, 且饱和蒸汽浓度大于或等 于10 LCso","TOXIC BY INHALATION LIQUID, FLAMMABLE, CORROSIVE, N. O. S. with an LCso lower than or equal to 1 000 mL/m³ and saturated vapour concentration greater than or equal to 10 LCs₀",6.1,3 8,Ⅰ,274,0,E0,P602,-,T20,TP2 TP13
3490,"吸入毒性液体，遇水反应， 易燃，未另作规定的，LCs₀ 低于或等于 200 mL/m³, 且饱和蒸汽浓度大于或等 于500 LC₅₀","TOXIC BY INHALATION LIQUID, WATER- REACTIVE, FLAMMABLE, N. O. S. with an LC₃₀ lower than or equal to 200 mL/m³ and saturated vapour concentration greater than or equal to 500 LCs₀",6.1,4.3 3,Ⅰ,274,0,E0,P601,-,T22,TP2 TP13
3491,"吸入毒性液体，遇水反应， 易燃，未另作规定的，LC₅₀ 低于或等于1000 mL/m³, 且饱和蒸汽浓度大于或等 于 10 LCso","TOXIC BY INHALATION LIQUID, WATER- REACTIVE, FLAMMABLE, N. O. S. with an LC₃₀ lower than or equal to 1 000 mL/m³ and saturated vapour concentration greater than or equal to 10 LCs₀",6.1,4.3 3,Ⅰ,274,0,E0,P602,-,T20,TP2 TP13
3494,含硫原油，易燃，毒性,"PETROLEUM SOUR CRUDE OIL, FLAMMABLE TOXIC",3,6.1,Ⅰ,343,0,E0,P001,-,T14,TP2 TP13
3494,含硫原油，易燃，毒性,"PETROLEUM SOUR CRUDE OIL, FLAMMABLE TOXIC",3,6.1,Ⅱ,343,1 L,E2,P001 IBC02,-,T7,TP2
3494,含硫原油，易燃，毒性,"PETROLEUM SOUR CRUDE OIL, FLAMMABLE TOXIC",3,6.1,Ⅲ,343,5 L,E1,P001 IBC03,-,T4,TP1
3495,碘,IODINE,8,6.1,Ⅲ,279,5 kg,E1,P002 IBC08,B3,T1,TP33
3496,镍/金属氢化物蓄电池(镍 氢电池),"BATTERIES, NICKEL-METAL HYDRIDE",9,-,-,123,0,E0,P002 IBC08,-,-,-
3497,磷虾粉,KRILL MEAL,4.2,-,Ⅱ,300,0,E2,P410 IBC06,B2,T3,TP33
3497,磷虾粉,KRILL MEAL,4.2,-,Ⅲ,223,0,E1,P002 IBC08 LP02,B3,T1,TP33
3498,液态一氯化碘,"IODINE MONOCHLORIDE, LIQUID",8,-,Ⅱ,-,1 L,E0,P001 IBC02,-,T7,TP2
3499,双电层电容器(储能量大 于0.3 Wh),"CAPACITOR, ELECTRIC DOUBLE LAYER (with an energy storage capacity greater than 0.3 Wh)",9,-,-,361,0,E0,P003,-,-,-
3500,加压化学品，未另作规 定的,"CHEMICAL UNDER PRESSURE, N. O. S.",2.2,-,-,274 362,0,E0,P206,PP97,T50,TP4 TP40
3501,加压化学品，易燃，未另作 规定的,"CHEMICAL UNDER PRESSURE, FLAMMABLE, N. O. S.",2.1,-,-,274 362,0,E0,P206,PP89,T50,TP4 TP40
3502,加压化学品，毒性，未另作 规定的,"CHEMICAL UNDER PRESSURE, TOXIC, N. O. S.",2.2,6.1,-,274 362,0,E0,P206,PP89,T50,TP4 TP40
3503,加压化学品，腐蚀性，未另 作规定的,"CHEMICAL UNDER PRESSURE, CORROSIVE, N. O. S.",2.2,8,-,274 362,0,E0,P206,PP89,T50,TP4 TP40
3504,加压化学品，易燃，毒性， 未另作规定的,"CHEMICAL UNDER PRESSURE, FLAMMABLE, TOXIC, N. O. S.",2.1,6.1,-,274 362,0,E0,P206,PP89,T50,TP4 TP40
3505,加压化学品，易燃，腐蚀 性，未另作规定的,"CHEMICAL UNDER PRESSURE, FLAMMABLE, CORROSIVE, N. O. S.",2.1,8,-,274 362,0,E0,P206,PP89,T50,TP4 TP40
3506,含于制成品中的汞,MERCURY CONTAINED IN MANUFACTURED ARTICLES,8,6.1,-,366,5 kg,E0,P003,PP90,-,-
3507,六氟化铀，放射性物质，例 外包装件，每个包装件小 于0.1kg，非易裂变或例 外的易裂变,"URANIUM HEXAFLUORIDE, RADIOACTIVE MATERIAL, EXCEPTED PACK AGE, less than 0.1 kg per package, non-fissile or fissile-excepted",6.1,7 8,Ⅰ,317 369,0,E0,P603,-,-,-
3508,非对称电容器(储能量大 于 0.3 Wh),"CAPACITOR, ASYMMETRIC(with an energy storage capacity greater than 0.3 Wh)",9,-,-,372,0,E0,P003,-,-,-
3509,废弃空包装，未清洁,"PACK AGINGS, DISCARDED, EMPTY, UNCLEANED",9,-,-,374,0,E0,-,-,-,-
3510,吸附气体，易燃，未另作规 定的,"ADSORBED GAS, FLAMMABLE, N. O. S.",2.1,-,-,274,0,E0,P208,-,-,-
3511,吸附气体，未另作规定的,"ADSORBED GAS, N. O. S.",2.2,-,-,274,0,E0,P208,-,-,-
3512,吸附气体，毒性，未另作规 定的,"ADSORBED GAS, TOXIC, N. O. S.",2.3,-,-,274,0,E0,P208,-,-,-
3513,吸附气体，氧化性，未另作 规定的,"ADSORBED GAS, OXIDIZING, N. O. S.",2.2,5.1,-,274,0,E0,P208,-,-,-
3514,吸附气体，毒性，易燃，未 另作规定的,"ADSORBED GAS, TOXIC, FLAMMABLE, N. O. S.",2.3,2.1,-,274,0,E0,P208,-,-,-
3515,吸附气体，毒性，氧化性， 未另作规定的,"ADSORBED GAS, TOXIC, OXIDIZING, N. O. S.",2.3,5.1,-,274,0,E0,P208,-,-,-
3516,吸附气体，毒性，腐蚀性， 未另作规定的,"ADSORBED GAS, TOXIC, CORROSIVE, N. O. S.",2.3,8,-,274 379,0,E0,P208,-,-,-
3517,吸附气体，毒性，易燃，腐 蚀性，未另作规定的,"ADSORBED GAS, TOXIC, FLAMMABLE, CORROSIVE, N. O. S.",2.3,2.1 8,-,274,0,E0,P208,-,-,-
3518,吸附气体，毒性，氧化性， 腐蚀性，未另作规定的,"ADSORBED GAS, TOXIC, OXIDIZING, CORROSIVE, N. O. S.",2.3,5.1 8,-,274,0,E0,P208,-,-,-
3519,三氟化硼，吸附的,"BORON TRIFLUORIDE, ADSORBED",2.3,8,-,-,0,E0,P208,-,-,-
3520,氯，吸附的,"CHLORINE, ADSORBED",2.3,5.1 8,-,-,0,E0,P208,-,-,-
3521,四氟化硅，吸附的,"SILICON TETRAFLUORIDE, ADSORBED",2.3,8,-,-,0,E0,P208,-,-,-
3522,胂，吸附的,"ARSINE, ADSORBED",2.3,2.1,-,-,0,E0,P208,-,-,-
3523,锗烷，吸附的,"GERMANE, ADSORBED",2.3,2.1,-,-,0,E0,P208,-,-,-
3524,五氟化磷，吸附的,"PHOSPHORUS PENTAFLUORIDE, ADSORBED",2.3,8,-,-,0,E0,P208,-,-,-
3525,磷化氢，吸附的,"PHOSPHINE, ADSORBED",2.3,2.1,-,-,0,E0,P208,-,-,-
3526,硒化氢，吸附的,"HYDROGEN SELENIDE, ADSORBED",2.3,2.1,-,-,0,E0,P208,-,-,-
3527,聚酯树脂箱，固体基材,"POLYESTER RESIN KIT, solid base material",4.1,-,Ⅱ,236 340,5 kg,见特殊规定 340,P412,-,-,-
3527,聚酯树脂箱，固体基材,"POLYESTER RESIN KIT, solid base material",4.1,-,Ⅲ,236 340,5 kg,见特殊规定 340,P412,-,-,-
3528,易燃液体动力内燃机，或 易燃液体燃料电池动力发 动机，或易燃液体动力内 燃机机械，或易燃液体燃 料电池动力机械,"ENGINE, INTERNAL COMBUSTION, FLAMMABLE LIQUID POWERED or ENGINE, FUEL CELL, FLAMMABLE LIQUID POWERED or MACHINERY, INTERNAL COMBUSTION, FLAMMABLE LIQUID POWERED or MACHINERY, FUEL CELL, FLAMMABLE LIQUID POWERED",3,-,-,356 363,0,E0,P005,-,-,-
3529,易燃气体动力内燃机，或 易燃气体燃料电池动力发 动机，或易燃气体动力内 燃机机械，或易燃气体燃 料电池动力机械,"ENGINE, INTERNAL COMBUSTION, FLAMMABLE GAS POWERED or ENGINE, FUEL CELL, FLAMMABLE GAS POWERED or MACHINERY, INTERNAL COMBUSTION, FLAMMABLE GAS POWERED or ACHINERY, FUEL CELL, FLAMMABLE GAS POWERED",2.1,-,-,363,0,E0,P005,-,-,-
3530,内燃机或内燃机机械,"ENGINE, INTERNAL COMBUSTION or MACHINERY, INTERNAL COMBUSTION",9,-,-,363,0,E0,P005,-,-,-
3531,固态聚合物质，稳定的，未 另作规定的,"POLYMERIZING SUBSTANCE, SOLID, STABILIZED, N. O. S.",4.1,-,Ⅲ,274 386,0,E0,P002 IBC07,PP92 B18,T7,TP4 TP6 TP33
3532,液态聚合物质，稳定的，未 另作规定的,"POLYMERIZING SUBSTANCE, LIQUID, STABILIZED, N. O. S.",4.1,-,Ⅲ,274 386,0,E0,P001 IBC03,PP93 B19,T7,TP4 TP6
3533,固态聚合物质，温度控制 的，未另作规定的,"POLYMERIZING SUBSTANCE, SOLID, TEMPERATURE CONTROLLED, N. O. S.",4.1,-,Ⅲ,274 386,0,E0,P002 IBC07,PP92 B18,T7,TP4 TP6 TP33
3534,液态聚合物质，温度控制 的，未另作规定的,"POLYMERIZING SUBSTANCE, LIQUID, TEMPERATURE CONTROLLED, N. O. S.",4.1,-,Ⅲ,274 386,0,E0,P001 IBC03,PP93 B19,T7,TP4 TP6
3535,无机毒性固体，易燃，未另 作规定的,"TOXIC SOLID, FLAMMABLE, INORGANIC, N. O. S.",6.1,4.1,Ⅰ,274,0,E5,P002 IBC99,-,T6,TP33
3535,无机毒性固体，易燃，未另 作规定的,"TOXIC SOLID, FLAMMABLE, INORGANIC, N. O. S.",6.1,4.1,Ⅱ,274,500 g,E4,P002 IBC08,B2 B4,T3,TP33
3536,装在货物运输装置中的锂 电池，锂离子电池或锂金 属电池,LITHIUM BATTERIES INSTALLED IN CARGO TRANSPORT UNIT lithium ion batteries or lithium metal batteries,9,-,-,389,0,E0,-,-,-,-
3537,含有易燃气体的物品，未 另作规定的,"ARTICLES CONTAINING FLAMMABLE GAS, N. O. S.",2.1,见《规 章范 本》 2.0.5.6,-,274 310 391,0,E0,P006 LP03,-,-,-
3538,含有非易燃、非毒性气体 的物品，未另作规定的,"ARTICLES CONTAINING NON- FLAMMABLE, NON TOXIC GAS, N. O. S.",2.2,见《规 章范 本》 2.0.5.6,-,274 310 391 396,0,E0,P006 LP03,-,-,-
3539,含有毒性气体的物品，未 另作规定的,"ARTICLES CONTAINING TOXIC GAS, N. O. S.",2.3,见《规 章范 本》 2.0.5.6,-,274 391,0,E0,-,-,-,-
3540,含有易燃液体的物品，未 另作规定的,"ARTICLES CONTAINING FLAMMABLE LIQUID, N. O. S.",3,见《规 章范 本》 2.0.5.6,-,274 310 391,0,E0,P006 LP03,-,-,-
3541,含有易燃固体的物品，未 另作规定的,"ARTICLES CONTAINING FLAMMABLE SOLID, N. O. S.",4.1,见《规 章范 本》 2.0.5.6,-,274 310 391,0,E0,P006 LP03,-,-,-
3542,含有易于自燃物质的物 品，未另作规定的,"ARTICLES CONTAINING A SUBSTANCE LIABLE TO SPONTANEOUS COMBUSTION, N. O. S.",4.2,见《规 章范 本》 2.0.5.6,-,274 391,0,E0,-,-,-,-
3543,含有遇水会放出易燃气体 的物质的物品，未另作规 定的,"ARTICLES CONTAINING A SUBST ANCE WHICH IN CONTACT WITH WATER EMITS FLAMMABLE GASES, N. O. S.",4.3,见《规 章范 本》 2.0.5.6,-,274 391,0,E0,-,-,-,-
3544,含有氧化性物质的物品， 未另作规定的,"ARTICLES CONTAINING OXIDIZING SUBSTANCE, N. O. S.",5.1,见《规 章范 本》 2.0.5.6,-,274 391,0,E0,-,-,-,-
3545,含有有机过氧化物的物 品，未另作规定的,"ARTICLES CONTAINING ORGANIC PEROXIDE, N. O. S.",5.2,见《规 章范 本》 2.0.5.6,-,274 391,0,E0,-,-,-,-
3546,含有毒性物质的物品，未 另作规定的,"ARTICLES CONTAINING TOXIC SUBSTANCE, N. O. S.",6.1,见《规 章范 本》 2.0.5.6,-,274 310 391,0,E0,P006 LP03,-,-,-
3547,含有腐蚀性物质的物品， 未另作规定的,"ARTICLES CONTAINING CORROSIVE SUBSTANCE, N. O. S.",8,见《规 章范 本》 2.0.5.6,-,274 310 391,0,E0,P006 LP03,-,-,-
3548,含有杂项危险货物的物 品，未另作规定的,"ARTICLES CONTAINING MISCELLANEOUS DANGEROUS GOODS, N. O. S.",9,见《规 章范 本》 2.0.5.6,-,274 310 391,0,E0,P006 LP03,-,-,-
3549,固态医疗废弃物，类别A， 对人感染或固态医疗废弃 物，类别A，只对动物感染,"MEDICAL WASTE, CATEGORY A, AFFECTING HUMANS, solid or MEDICAL WASTE, CATEGORY A, AFFECTING ANIMALS only, solid",6.2,-,-,395,0,E0,P622 LP622,-,-,-
3550,氢氧化钴粉末，含有不少 于10%的可吸入颗粒,"COBALT DIH YDROXIDE POWDER, containing not less than 10% respirable particles",6.1,-,Ⅰ,-,0,E5,P002 IBC07,B1 B20,T6,TP33
3551,有机电解质钠离子电池,SODIUM ION BATTERIES with organic lectrolyte,9,-,-,188 230 310 348 376 377 384 400 401,0,E0,P903 P908 P909 P910 P911 LP903 LP904 LP905 LP906,-,-,-
3552,包含在设备中的有机电解 质钠离子电池或与设备包 装在一起的有机电解质钠 离子电池,"SODIUM ION BATTERIES CONTAINED IN EQUIPMENT or SODIUM ION BATTERIES PACKED WITH EQUIPMENT, with organic electrolyte",9,-,-,188 230 310 348 360 376 377 384 400 401,0,E0,P903 P908 P909 P910 P911 LP903 LP904 LP905 LP906,-,-,-
3553,乙硅烷,DISILANE,2.1,-,-,-,0,E0,P200,-,-,-
